<?xml version="1.0" encoding="UTF-8"?>
<!-- Created with TexturePacker http://www.codeandweb.com/texturepacker-->
<!-- $TexturePacker:SmartUpdate:10ea0b974b522d1d5cd14a47156ca75f:7bad33934a70c7e4a2b826d1a4ee800b:c3befdf6f3ec3cbe3aad5575010db128$ -->
<TextureAtlas imagePath="2292_dragon_highrelentless_3_HD_tweened_dxt5_map.dds" scale="0.346641540527">
    <SubTexture name="SPAM_RearrangedBitmap1014470135" x="155" y="2" width="144" height="111"/>
    <SubTexture name="SPAM_RearrangedBitmap1236621671" x="2" y="235" width="148" height="107"/>
    <SubTexture name="SPAM_RearrangedBitmap1542957562" x="381" y="478" width="15" height="22"/>
    <SubTexture name="SPAM_RearrangedBitmap1671734047" x="487" y="390" width="15" height="22"/>
    <SubTexture name="SPAM_RearrangedBitmap1791443364" x="155" y="2" width="144" height="111"/>
    <SubTexture name="SPAM_RearrangedBitmap2109201241" x="460" y="419" width="16" height="20"/>
    <SubTexture name="SPAM_RearrangedBitmap2765236914" x="301" y="2" width="136" height="111"/>
    <SubTexture name="SPAM_RearrangedBitmap2882289824" x="155" y="2" width="144" height="111"/>
    <SubTexture name="SPAM_RearrangedBitmap29130765" x="496" y="127" width="14" height="20"/>
    <SubTexture name="SPAM_RearrangedBitmap2950249609" x="155" y="115" width="141" height="105"/>
    <SubTexture name="SPAM_RearrangedBitmap3277260825" x="496" y="127" width="14" height="20"/>
    <SubTexture name="SPAM_RearrangedBitmap3398388945" x="2" y="119" width="148" height="114" frameX="0" frameY="0" frameWidth="150" frameHeight="114"/>
    <SubTexture name="SPAM_RearrangedBitmap3758818261" x="416" y="478" width="16" height="21"/>
    <SubTexture name="SPAM_RearrangedBitmap3996843562" x="155" y="115" width="141" height="105"/>
    <SubTexture name="SPAM_RearrangedBitmap4013989714" x="467" y="441" width="13" height="20"/>
    <SubTexture name="SPAM_RearrangedBitmap4077509624" x="416" y="478" width="16" height="21"/>
    <SubTexture name="SPAM_RearrangedBitmap4326876870" x="449" y="441" width="16" height="19"/>
    <SubTexture name="SPAM_RearrangedBitmap4381861515" x="301" y="2" width="136" height="111"/>
    <SubTexture name="SPAM_RearrangedBitmap4482183566" x="349" y="478" width="16" height="22"/>
    <SubTexture name="SPAM_RearrangedBitmap4950982043" x="301" y="2" width="136" height="111"/>
    <SubTexture name="SPAM_RearrangedBitmap5076510266" x="2" y="119" width="148" height="114" frameX="0" frameY="0" frameWidth="150" frameHeight="114"/>
    <SubTexture name="SPAM_RearrangedBitmap5197288459" x="2" y="119" width="148" height="114" frameX="0" frameY="0" frameWidth="150" frameHeight="114"/>
    <SubTexture name="SPAM_RearrangedBitmap5265554453" x="495" y="414" width="15" height="19"/>
    <SubTexture name="SPAM_RearrangedBitmap5285004386" x="301" y="2" width="136" height="111"/>
    <SubTexture name="SPAM_RearrangedBitmap5556315498" x="445" y="210" width="14" height="19"/>
    <SubTexture name="SPAM_RearrangedBitmap5584909574" x="467" y="441" width="13" height="20"/>
    <SubTexture name="SPAM_RearrangedBitmap5670693666" x="60" y="490" width="16" height="20"/>
    <SubTexture name="SPAM_RearrangedBitmap5760018857" x="2" y="2" width="151" height="115" frameX="0" frameY="0" frameWidth="153" frameHeight="115"/>
    <SubTexture name="SPAM_RearrangedBitmap5775007928" x="155" y="2" width="144" height="111"/>
    <SubTexture name="SPAM_RearrangedBitmap595760024" x="349" y="478" width="16" height="22"/>
    <SubTexture name="SPAM_RearrangedBitmap6413044178" x="155" y="115" width="141" height="105"/>
    <SubTexture name="SPAM_RearrangedBitmap6511328016" x="2" y="235" width="148" height="107"/>
    <SubTexture name="SPAM_RearrangedBitmap6576889203" x="381" y="478" width="15" height="22"/>
    <SubTexture name="SPAM_RearrangedBitmap6601560834" x="301" y="2" width="136" height="111"/>
    <SubTexture name="SPAM_RearrangedBitmap660654836" x="155" y="115" width="141" height="105"/>
    <SubTexture name="SPAM_RearrangedBitmap6614714115" x="2" y="344" width="137" height="110"/>
    <SubTexture name="SPAM_RearrangedBitmap663513224" x="2" y="119" width="148" height="114" frameX="0" frameY="0" frameWidth="150" frameHeight="114"/>
    <SubTexture name="SPAM_RearrangedBitmap6635639284" x="2" y="119" width="148" height="114" frameX="0" frameY="0" frameWidth="150" frameHeight="114"/>
    <SubTexture name="SPAM_RearrangedBitmap669860168" x="445" y="210" width="14" height="19"/>
    <SubTexture name="SPAM_RearrangedBitmap6983673924" x="60" y="490" width="16" height="20"/>
    <SubTexture name="SPAM_RearrangedBitmap7049435845" x="2" y="2" width="151" height="115" frameX="0" frameY="0" frameWidth="153" frameHeight="115"/>
    <SubTexture name="SPAM_RearrangedBitmap7387235996" x="155" y="2" width="144" height="111"/>
    <SubTexture name="SPAM_RearrangedBitmap7775137272" x="2" y="2" width="151" height="115" frameX="0" frameY="0" frameWidth="153" frameHeight="115"/>
    <SubTexture name="SPAM_RearrangedBitmap7895575093" x="478" y="419" width="15" height="19"/>
    <SubTexture name="SPAM_RearrangedBitmap7955171125" x="2" y="235" width="148" height="107"/>
    <SubTexture name="SPAM_RearrangedBitmap8004335264" x="2" y="344" width="137" height="110"/>
    <SubTexture name="SPAM_RearrangedBitmap8126970198" x="449" y="441" width="16" height="19"/>
    <SubTexture name="SPAM_RearrangedBitmap8204493345" x="2" y="235" width="148" height="107"/>
    <SubTexture name="SPAM_RearrangedBitmap8307186886" x="155" y="115" width="141" height="105"/>
    <SubTexture name="SPAM_RearrangedBitmap8449238453" x="478" y="419" width="15" height="19"/>
    <SubTexture name="SPAM_RearrangedBitmap8472535027" x="2" y="344" width="137" height="110"/>
    <SubTexture name="SPAM_RearrangedBitmap8562457731" x="2" y="235" width="148" height="107"/>
    <SubTexture name="SPAM_RearrangedBitmap8653180432" x="398" y="478" width="16" height="21"/>
    <SubTexture name="SPAM_RearrangedBitmap9133181788" x="495" y="414" width="15" height="19"/>
    <SubTexture name="SPAM_RearrangedBitmap9280296696" x="2" y="344" width="137" height="110"/>
    <SubTexture name="SPAM_RearrangedBitmap9443806021" x="2" y="2" width="151" height="115" frameX="0" frameY="0" frameWidth="153" frameHeight="115"/>
    <SubTexture name="SPAM_RearrangedBitmap9496328720" x="2" y="2" width="151" height="115" frameX="0" frameY="0" frameWidth="153" frameHeight="115"/>
    <SubTexture name="SPAM_RearrangedBitmap9649242495" x="487" y="390" width="15" height="22"/>
    <SubTexture name="SPAM_RearrangedBitmap9708525171" x="460" y="419" width="16" height="20"/>
    <SubTexture name="SPAM_RearrangedBitmap9778228021" x="2" y="344" width="137" height="110"/>
    <SubTexture name="SPAM_RearrangedBitmap9992403159" x="398" y="478" width="16" height="21"/>
    <SubTexture name="bitmap_1" x="179" y="423" width="38" height="33" frameX="0" frameY="0" frameWidth="38" frameHeight="35"/>
    <SubTexture name="bitmap_10" x="271" y="285" width="37" height="62" frameX="0" frameY="0" frameWidth="39" frameHeight="62"/>
    <SubTexture name="bitmap_11" x="266" y="222" width="33" height="61" frameX="0" frameY="-1" frameWidth="35" frameHeight="63"/>
    <SubTexture name="bitmap_12" x="411" y="115" width="32" height="65" frameX="0" frameY="0" frameWidth="34" frameHeight="65"/>
    <SubTexture name="bitmap_13" x="282" y="440" width="33" height="33"/>
    <SubTexture name="bitmap_2" x="412" y="232" width="47" height="46"/>
    <SubTexture name="bitmap_3" x="219" y="349" width="52" height="61"/>
    <SubTexture name="bitmap_4" x="210" y="222" width="54" height="61" frameX="0" frameY="0" frameWidth="54" frameHeight="63"/>
    <SubTexture name="bitmap_5" x="445" y="102" width="49" height="60" frameX="0" frameY="0" frameWidth="51" frameHeight="60"/>
    <SubTexture name="bitmap_6" x="219" y="285" width="50" height="62" frameX="0" frameY="0" frameWidth="52" frameHeight="62"/>
    <SubTexture name="bitmap_7" x="338" y="411" width="16" height="27" frameX="0" frameY="0" frameWidth="18" frameHeight="27"/>
    <SubTexture name="bitmap_8" x="179" y="458" width="37" height="51"/>
    <SubTexture name="bitmap_9" x="368" y="328" width="39" height="58" frameX="0" frameY="0" frameWidth="41" frameHeight="60"/>
    <SubTexture name="layer_001_png" x="317" y="440" width="28" height="38"/>
    <SubTexture name="layer_002_png" x="347" y="462" width="24" height="14"/>
    <SubTexture name="layer_003_png" x="439" y="368" width="41" height="25"/>
    <SubTexture name="layer_004_png" x="409" y="463" width="13" height="13"/>
    <SubTexture name="layer_005_png" x="463" y="493" width="16" height="15"/>
    <SubTexture name="layer_006_png" x="492" y="453" width="14" height="14"/>
    <SubTexture name="layer_007_png" x="404" y="280" width="29" height="46"/>
    <SubTexture name="layer_008_png" x="394" y="463" width="13" height="13"/>
    <SubTexture name="layer_009_png" x="463" y="475" width="16" height="16"/>
    <SubTexture name="layer_010_png" x="424" y="462" width="15" height="14"/>
    <SubTexture name="layer_011_png" x="367" y="478" width="12" height="23"/>
    <SubTexture name="layer_012_png" x="477" y="321" width="21" height="43"/>
    <SubTexture name="layer_013_png" x="461" y="210" width="36" height="39"/>
    <SubTexture name="layer_014_png" x="384" y="411" width="24" height="15"/>
    <SubTexture name="layer_015_png" x="437" y="395" width="31" height="21"/>
    <SubTexture name="layer_016_png" x="307" y="412" width="29" height="26"/>
    <SubTexture name="layer_017_png" x="273" y="349" width="53" height="61"/>
    <SubTexture name="layer_018_png" x="91" y="456" width="56" height="44"/>
    <SubTexture name="layer_019_png" x="218" y="475" width="42" height="30"/>
    <SubTexture name="layer_020_png" x="416" y="386" width="19" height="32"/>
    <SubTexture name="layer_021_png" x="78" y="490" width="11" height="18"/>
    <SubTexture name="layer_022_png" x="434" y="478" width="12" height="21"/>
    <SubTexture name="layer_023_png" x="461" y="463" width="14" height="10"/>
    <SubTexture name="layer_024_png" x="448" y="478" width="13" height="21"/>
    <SubTexture name="layer_025_png" x="470" y="395" width="15" height="22"/>
    <SubTexture name="layer_026_png" x="477" y="463" width="13" height="10"/>
    <SubTexture name="layer_027_png" x="443" y="418" width="15" height="21"/>
    <SubTexture name="layer_030_png" x="482" y="366" width="28" height="22"/>
    <SubTexture name="layer_031_png" x="435" y="444" width="12" height="16"/>
    <SubTexture name="layer_032_png" x="411" y="182" width="32" height="48"/>
    <SubTexture name="layer_033_png" x="445" y="164" width="54" height="44"/>
    <SubTexture name="layer_034_png" x="361" y="232" width="49" height="44"/>
    <SubTexture name="layer_035_png" x="347" y="335" width="19" height="65"/>
    <SubTexture name="layer_036_png" x="219" y="440" width="61" height="33"/>
    <SubTexture name="layer_037_png" x="355" y="115" width="54" height="72"/>
    <SubTexture name="layer_038_png" x="439" y="40" width="70" height="60"/>
    <SubTexture name="layer_039_png" x="298" y="115" width="55" height="73"/>
    <SubTexture name="layer_040_png" x="179" y="344" width="38" height="77"/>
    <SubTexture name="layer_041_png" x="152" y="293" width="65" height="49"/>
    <SubTexture name="layer_042_png" x="301" y="221" width="58" height="49"/>
    <SubTexture name="layer_043_png" x="2" y="456" width="87" height="32"/>
    <SubTexture name="layer_044_png" x="141" y="344" width="36" height="86"/>
    <SubTexture name="layer_045_png" x="496" y="102" width="14" height="23"/>
    <SubTexture name="layer_046_png" x="409" y="328" width="28" height="56"/>
    <SubTexture name="layer_047_png" x="310" y="272" width="43" height="61"/>
    <SubTexture name="layer_048_png" x="262" y="475" width="39" height="28"/>
    <SubTexture name="layer_049_png" x="303" y="480" width="29" height="30"/>
    <SubTexture name="layer_050_png" x="499" y="292" width="10" height="12"/>
    <SubTexture name="layer_051_png" x="424" y="428" width="17" height="14"/>
    <SubTexture name="layer_052_png" x="310" y="335" width="15" height="12"/>
    <SubTexture name="layer_053_png" x="441" y="462" width="18" height="14"/>
    <SubTexture name="layer_054_png" x="149" y="456" width="28" height="40"/>
    <SubTexture name="layer_055_png" x="435" y="280" width="30" height="44"/>
    <SubTexture name="layer_056_png" x="149" y="498" width="13" height="12"/>
    <SubTexture name="layer_057_png" x="417" y="444" width="16" height="16"/>
    <SubTexture name="layer_058_png" x="408" y="428" width="14" height="14"/>
    <SubTexture name="layer_059_png" x="439" y="326" width="36" height="40"/>
    <SubTexture name="layer_060_png" x="461" y="251" width="40" height="26"/>
    <SubTexture name="layer_061_png" x="384" y="428" width="22" height="14"/>
    <SubTexture name="layer_062_png" x="328" y="335" width="17" height="70"/>
    <SubTexture name="layer_063_png" x="334" y="480" width="13" height="30"/>
    <SubTexture name="layer_064_png" x="141" y="432" width="36" height="22"/>
    <SubTexture name="layer_065_png" x="501" y="149" width="9" height="25"/>
    <SubTexture name="layer_066_png" x="347" y="441" width="32" height="19"/>
    <SubTexture name="layer_067_png" x="355" y="328" width="6" height="5"/>
    <SubTexture name="layer_068_png" x="508" y="453" width="2" height="6"/>
    <SubTexture name="layer_069_png" x="508" y="461" width="2" height="4"/>
    <SubTexture name="layer_070_png" x="262" y="505" width="15" height="5"/>
    <SubTexture name="layer_071_png" x="496" y="149" width="3" height="6"/>
    <SubTexture name="layer_072_png" x="152" y="119" width="1" height="3"/>
    <SubTexture name="layer_073_png" x="481" y="475" width="19" height="16"/>
    <SubTexture name="layer_074_png" x="361" y="221" width="11" height="7"/>
    <SubTexture name="layer_075_png" x="381" y="441" width="1" height="1"/>
    <SubTexture name="layer_076_png" x="443" y="441" width="3" height="1"/>
    <SubTexture name="layer_077_png" x="368" y="388" width="46" height="21"/>
    <SubTexture name="layer_078_png" x="91" y="502" width="13" height="8"/>
    <SubTexture name="layer_079_png" x="504" y="390" width="6" height="7"/>
    <SubTexture name="layer_080_png" x="439" y="102" width="4" height="6"/>
    <SubTexture name="layer_081_png" x="219" y="412" width="86" height="26"/>
    <SubTexture name="layer_082_png" x="410" y="420" width="15" height="6"/>
    <SubTexture name="layer_083_png" x="363" y="328" width="3" height="5"/>
    <SubTexture name="layer_084_png" x="501" y="176" width="7" height="20"/>
    <SubTexture name="layer_085_png" x="298" y="190" width="74" height="29"/>
    <SubTexture name="layer_086_png" x="374" y="189" width="35" height="41"/>
    <SubTexture name="layer_087_png" x="356" y="411" width="26" height="28"/>
    <SubTexture name="layer_088_png" x="152" y="222" width="56" height="69"/>
    <SubTexture name="layer_089_png" x="355" y="278" width="47" height="48"/>
    <SubTexture name="layer_090_png" x="467" y="279" width="30" height="40"/>
    <SubTexture name="layer_091_png" x="2" y="490" width="38" height="20"/>
    <SubTexture name="layer_092_png" x="495" y="435" width="15" height="16"/>
    <SubTexture name="layer_093_png" x="381" y="444" width="20" height="17"/>
    <SubTexture name="layer_094_png" x="403" y="444" width="12" height="17"/>
    <SubTexture name="layer_095_png" x="42" y="490" width="16" height="20"/>
    <SubTexture name="layer_096_png" x="164" y="498" width="13" height="11"/>
    <SubTexture name="layer_097_png" x="481" y="493" width="19" height="14"/>
    <SubTexture name="layer_098_png" x="499" y="279" width="11" height="11"/>
    <SubTexture name="layer_099_png" x="373" y="463" width="19" height="13"/>
    <SubTexture name="layer_101_png" x="439" y="2" width="71" height="36"/>
</TextureAtlas>
