<?xml version="1.0" encoding="UTF-8"?>
<!-- Created with TexturePacker http://www.codeandweb.com/texturepacker-->
<!-- $TexturePacker:SmartUpdate:46374e0895a57c5b6e81622d2400dc0b:a31f473110c232b032a4e1257c8bfd81:4ea46fff6c1bfe4d12fdaa3eb8d3800e$ -->
<TextureAtlas imagePath="2292_dragon_highrelentless_3_HD_tweened_dxt5.dds" scale="0.64453125">
    <SubTexture name="SPAM_RearrangedBitmap1014470135" x="566" y="203" width="264" height="207" frameX="-1" frameY="0" frameWidth="268" frameHeight="207"/>
    <SubTexture name="SPAM_RearrangedBitmap1236621671" x="566" y="2" width="273" height="199" frameX="0" frameY="0" frameWidth="275" frameHeight="199"/>
    <SubTexture name="SPAM_RearrangedBitmap1542957562" x="810" y="910" width="29" height="41"/>
    <SubTexture name="SPAM_RearrangedBitmap1671734047" x="814" y="828" width="29" height="41"/>
    <SubTexture name="SPAM_RearrangedBitmap1791443364" x="566" y="203" width="264" height="207" frameX="-1" frameY="0" frameWidth="268" frameHeight="207"/>
    <SubTexture name="SPAM_RearrangedBitmap2109201241" x="254" y="421" width="30" height="37"/>
    <SubTexture name="SPAM_RearrangedBitmap2765236914" x="2" y="217" width="250" height="206" frameX="-1" frameY="0" frameWidth="254" frameHeight="206"/>
    <SubTexture name="SPAM_RearrangedBitmap2882289824" x="566" y="203" width="264" height="207" frameX="-1" frameY="0" frameWidth="268" frameHeight="207"/>
    <SubTexture name="SPAM_RearrangedBitmap29130765" x="713" y="922" width="26" height="37"/>
    <SubTexture name="SPAM_RearrangedBitmap2950249609" x="287" y="216" width="260" height="195" frameX="0" frameY="0" frameWidth="262" frameHeight="195"/>
    <SubTexture name="SPAM_RearrangedBitmap3277260825" x="713" y="922" width="26" height="37"/>
    <SubTexture name="SPAM_RearrangedBitmap3398388945" x="287" y="2" width="277" height="212" frameX="0" frameY="0" frameWidth="279" frameHeight="212"/>
    <SubTexture name="SPAM_RearrangedBitmap3758818261" x="254" y="302" width="30" height="39"/>
    <SubTexture name="SPAM_RearrangedBitmap3996843562" x="287" y="216" width="260" height="195" frameX="0" frameY="0" frameWidth="262" frameHeight="195"/>
    <SubTexture name="SPAM_RearrangedBitmap4013989714" x="805" y="412" width="25" height="38"/>
    <SubTexture name="SPAM_RearrangedBitmap4077509624" x="254" y="302" width="30" height="39"/>
    <SubTexture name="SPAM_RearrangedBitmap4326876870" x="512" y="579" width="30" height="36"/>
    <SubTexture name="SPAM_RearrangedBitmap4381861515" x="2" y="217" width="250" height="206" frameX="-1" frameY="0" frameWidth="254" frameHeight="206"/>
    <SubTexture name="SPAM_RearrangedBitmap4482183566" x="254" y="217" width="30" height="41"/>
    <SubTexture name="SPAM_RearrangedBitmap4950982043" x="2" y="217" width="250" height="206" frameX="-1" frameY="0" frameWidth="254" frameHeight="206"/>
    <SubTexture name="SPAM_RearrangedBitmap5076510266" x="287" y="2" width="277" height="212" frameX="0" frameY="0" frameWidth="279" frameHeight="212"/>
    <SubTexture name="SPAM_RearrangedBitmap5197288459" x="287" y="2" width="277" height="212" frameX="0" frameY="0" frameWidth="279" frameHeight="212"/>
    <SubTexture name="SPAM_RearrangedBitmap5265554453" x="773" y="788" width="28" height="36"/>
    <SubTexture name="SPAM_RearrangedBitmap5285004386" x="2" y="217" width="250" height="206" frameX="-1" frameY="0" frameWidth="254" frameHeight="206"/>
    <SubTexture name="SPAM_RearrangedBitmap5556315498" x="803" y="788" width="27" height="36"/>
    <SubTexture name="SPAM_RearrangedBitmap5584909574" x="805" y="412" width="25" height="38"/>
    <SubTexture name="SPAM_RearrangedBitmap5670693666" x="254" y="382" width="30" height="37"/>
    <SubTexture name="SPAM_RearrangedBitmap5760018857" x="2" y="2" width="283" height="213" frameX="0" frameY="0" frameWidth="285" frameHeight="213"/>
    <SubTexture name="SPAM_RearrangedBitmap5775007928" x="566" y="203" width="264" height="207" frameX="-1" frameY="0" frameWidth="268" frameHeight="207"/>
    <SubTexture name="SPAM_RearrangedBitmap595760024" x="254" y="217" width="30" height="41"/>
    <SubTexture name="SPAM_RearrangedBitmap6413044178" x="287" y="216" width="260" height="195" frameX="0" frameY="0" frameWidth="262" frameHeight="195"/>
    <SubTexture name="SPAM_RearrangedBitmap6511328016" x="566" y="2" width="273" height="199" frameX="0" frameY="0" frameWidth="275" frameHeight="199"/>
    <SubTexture name="SPAM_RearrangedBitmap6576889203" x="810" y="910" width="29" height="41"/>
    <SubTexture name="SPAM_RearrangedBitmap6601560834" x="2" y="217" width="250" height="206" frameX="-1" frameY="0" frameWidth="254" frameHeight="206"/>
    <SubTexture name="SPAM_RearrangedBitmap660654836" x="287" y="216" width="260" height="195" frameX="0" frameY="0" frameWidth="262" frameHeight="195"/>
    <SubTexture name="SPAM_RearrangedBitmap6614714115" x="549" y="412" width="254" height="206" frameX="0" frameY="0" frameWidth="256" frameHeight="206"/>
    <SubTexture name="SPAM_RearrangedBitmap663513224" x="287" y="2" width="277" height="212" frameX="0" frameY="0" frameWidth="279" frameHeight="212"/>
    <SubTexture name="SPAM_RearrangedBitmap6635639284" x="287" y="2" width="277" height="212" frameX="0" frameY="0" frameWidth="279" frameHeight="212"/>
    <SubTexture name="SPAM_RearrangedBitmap669860168" x="803" y="788" width="27" height="36"/>
    <SubTexture name="SPAM_RearrangedBitmap6983673924" x="254" y="382" width="30" height="37"/>
    <SubTexture name="SPAM_RearrangedBitmap7049435845" x="2" y="2" width="283" height="213" frameX="0" frameY="0" frameWidth="285" frameHeight="213"/>
    <SubTexture name="SPAM_RearrangedBitmap7387235996" x="566" y="203" width="264" height="207" frameX="-1" frameY="0" frameWidth="268" frameHeight="207"/>
    <SubTexture name="SPAM_RearrangedBitmap7775137272" x="2" y="2" width="283" height="213" frameX="0" frameY="0" frameWidth="285" frameHeight="213"/>
    <SubTexture name="SPAM_RearrangedBitmap7895575093" x="742" y="788" width="29" height="36"/>
    <SubTexture name="SPAM_RearrangedBitmap7955171125" x="566" y="2" width="273" height="199" frameX="0" frameY="0" frameWidth="275" frameHeight="199"/>
    <SubTexture name="SPAM_RearrangedBitmap8004335264" x="549" y="412" width="254" height="206" frameX="0" frameY="0" frameWidth="256" frameHeight="206"/>
    <SubTexture name="SPAM_RearrangedBitmap8126970198" x="512" y="579" width="30" height="36"/>
    <SubTexture name="SPAM_RearrangedBitmap8204493345" x="566" y="2" width="273" height="199" frameX="0" frameY="0" frameWidth="275" frameHeight="199"/>
    <SubTexture name="SPAM_RearrangedBitmap8307186886" x="287" y="216" width="260" height="195" frameX="0" frameY="0" frameWidth="262" frameHeight="195"/>
    <SubTexture name="SPAM_RearrangedBitmap8449238453" x="742" y="788" width="29" height="36"/>
    <SubTexture name="SPAM_RearrangedBitmap8472535027" x="549" y="412" width="254" height="206" frameX="0" frameY="0" frameWidth="256" frameHeight="206"/>
    <SubTexture name="SPAM_RearrangedBitmap8562457731" x="566" y="2" width="273" height="199" frameX="0" frameY="0" frameWidth="275" frameHeight="199"/>
    <SubTexture name="SPAM_RearrangedBitmap8653180432" x="254" y="260" width="30" height="40"/>
    <SubTexture name="SPAM_RearrangedBitmap9133181788" x="773" y="788" width="28" height="36"/>
    <SubTexture name="SPAM_RearrangedBitmap9280296696" x="549" y="412" width="254" height="206" frameX="0" frameY="0" frameWidth="256" frameHeight="206"/>
    <SubTexture name="SPAM_RearrangedBitmap9443806021" x="2" y="2" width="283" height="213" frameX="0" frameY="0" frameWidth="285" frameHeight="213"/>
    <SubTexture name="SPAM_RearrangedBitmap9496328720" x="2" y="2" width="283" height="213" frameX="0" frameY="0" frameWidth="285" frameHeight="213"/>
    <SubTexture name="SPAM_RearrangedBitmap9649242495" x="814" y="828" width="29" height="41"/>
    <SubTexture name="SPAM_RearrangedBitmap9708525171" x="254" y="421" width="30" height="37"/>
    <SubTexture name="SPAM_RearrangedBitmap9778228021" x="549" y="412" width="254" height="206" frameX="0" frameY="0" frameWidth="256" frameHeight="206"/>
    <SubTexture name="SPAM_RearrangedBitmap9992403159" x="254" y="260" width="30" height="40"/>
    <SubTexture name="bitmap_1" x="864" y="639" width="66" height="61" frameX="-1" frameY="-1" frameWidth="70" frameHeight="65"/>
    <SubTexture name="bitmap_10" x="424" y="854" width="66" height="112" frameX="-2" frameY="-1" frameWidth="72" frameHeight="116"/>
    <SubTexture name="bitmap_11" x="264" y="879" width="59" height="114" frameX="-2" frameY="-1" frameWidth="65" frameHeight="118"/>
    <SubTexture name="bitmap_12" x="205" y="880" width="57" height="117" frameX="-2" frameY="-1" frameWidth="63" frameHeight="121"/>
    <SubTexture name="bitmap_13" x="866" y="702" width="61" height="61"/>
    <SubTexture name="bitmap_13_copy" x="544" y="625" width="83" height="60" frameX="-3" frameY="-2" frameWidth="91" frameHeight="66"/>
    <SubTexture name="bitmap_14" x="832" y="355" width="155" height="76" frameX="-4" frameY="-3" frameWidth="163" frameHeight="84"/>
    <SubTexture name="bitmap_15" x="831" y="512" width="152" height="68" frameX="-3" frameY="-3" frameWidth="160" frameHeight="76"/>
    <SubTexture name="bitmap_16" x="841" y="115" width="158" height="77" frameX="-3" frameY="-1" frameWidth="166" frameHeight="81"/>
    <SubTexture name="bitmap_17" x="832" y="275" width="156" height="78" frameX="-4" frameY="-2" frameWidth="166" frameHeight="84"/>
    <SubTexture name="bitmap_18" x="841" y="194" width="157" height="79" frameX="-3" frameY="-2" frameWidth="165" frameHeight="85"/>
    <SubTexture name="bitmap_19" x="832" y="433" width="153" height="77" frameX="-3" frameY="-3" frameWidth="161" frameHeight="85"/>
    <SubTexture name="bitmap_1_" x="1001" y="115" width="21" height="29"/>
    <SubTexture name="bitmap_1_copy" x="990" y="283" width="32" height="133" frameX="0" frameY="-20" frameWidth="32" frameHeight="153"/>
    <SubTexture name="bitmap_1_copy_3" x="262" y="999" width="24" height="22" frameX="-3" frameY="-4" frameWidth="32" frameHeight="32"/>
    <SubTexture name="bitmap_2" x="728" y="827" width="84" height="81" frameX="-1" frameY="-1" frameWidth="88" frameHeight="85"/>
    <SubTexture name="bitmap_20" x="720" y="961" width="78" height="61" frameX="-3" frameY="-4" frameWidth="86" frameHeight="69"/>
    <SubTexture name="bitmap_21" x="135" y="488" width="112" height="99" frameX="-4" frameY="-4" frameWidth="122" frameHeight="107"/>
    <SubTexture name="bitmap_22" x="285" y="482" width="118" height="104" frameX="-3" frameY="-4" frameWidth="126" frameHeight="112"/>
    <SubTexture name="bitmap_23" x="421" y="413" width="122" height="108" frameX="-4" frameY="-4" frameWidth="132" frameHeight="116"/>
    <SubTexture name="bitmap_24" x="2" y="539" width="129" height="109" frameX="-4" frameY="-5" frameWidth="139" frameHeight="119"/>
    <SubTexture name="bitmap_29" x="282" y="687" width="73" height="51" frameX="-5" frameY="-5" frameWidth="85" frameHeight="61"/>
    <SubTexture name="bitmap_2_copy_2" x="820" y="704" width="44" height="79" frameX="-1" frameY="-1" frameWidth="48" frameHeight="83"/>
    <SubTexture name="bitmap_3" x="427" y="740" width="93" height="110" frameX="-1" frameY="-1" frameWidth="97" frameHeight="114"/>
    <SubTexture name="bitmap_30" x="126" y="687" width="78" height="53" frameX="-5" frameY="-5" frameWidth="90" frameHeight="63"/>
    <SubTexture name="bitmap_31" x="496" y="962" width="84" height="56" frameX="-4" frameY="-5" frameWidth="96" frameHeight="66"/>
    <SubTexture name="bitmap_32" x="506" y="687" width="78" height="49" frameX="-4" frameY="-4" frameWidth="90" frameHeight="59"/>
    <SubTexture name="bitmap_4" x="325" y="875" width="97" height="112" frameX="-1" frameY="-2" frameWidth="101" frameHeight="118"/>
    <SubTexture name="bitmap_5" x="492" y="852" width="91" height="108" frameX="0" frameY="-1" frameWidth="95" frameHeight="112"/>
    <SubTexture name="bitmap_6" x="332" y="740" width="93" height="112" frameX="0" frameY="-1" frameWidth="97" frameHeight="116"/>
    <SubTexture name="bitmap_7" x="629" y="639" width="28" height="46" frameX="-2" frameY="-1" frameWidth="34" frameHeight="50"/>
    <SubTexture name="bitmap_8" x="597" y="737" width="65" height="91" frameX="-1" frameY="-1" frameWidth="69" frameHeight="95"/>
    <SubTexture name="bitmap_9" x="522" y="738" width="73" height="108" frameX="0" frameY="0" frameWidth="77" frameHeight="112"/>
    <SubTexture name="layer_001_png" x="854" y="950" width="52" height="71"/>
    <SubTexture name="layer_002_png" x="288" y="995" width="46" height="27"/>
    <SubTexture name="layer_003_png" x="586" y="687" width="76" height="48"/>
    <SubTexture name="layer_004_png" x="805" y="599" width="24" height="24"/>
    <SubTexture name="layer_005_png" x="357" y="705" width="30" height="29"/>
    <SubTexture name="layer_006_png" x="993" y="875" width="27" height="27"/>
    <SubTexture name="layer_007_png" x="391" y="653" width="55" height="85"/>
    <SubTexture name="layer_008_png" x="805" y="452" width="25" height="24"/>
    <SubTexture name="layer_009_png" x="512" y="617" width="30" height="31"/>
    <SubTexture name="layer_010_png" x="993" y="804" width="29" height="27"/>
    <SubTexture name="layer_011_png" x="659" y="639" width="23" height="44"/>
    <SubTexture name="layer_012_png" x="243" y="592" width="39" height="81"/>
    <SubTexture name="layer_013_png" x="923" y="804" width="68" height="74"/>
    <SubTexture name="layer_014_png" x="695" y="796" width="45" height="29"/>
    <SubTexture name="layer_015_png" x="863" y="802" width="58" height="39"/>
    <SubTexture name="layer_016_png" x="439" y="968" width="55" height="49"/>
    <SubTexture name="layer_017_png" x="2" y="906" width="99" height="114"/>
    <SubTexture name="layer_018_png" x="285" y="588" width="104" height="83"/>
    <SubTexture name="layer_019_png" x="582" y="962" width="79" height="56"/>
    <SubTexture name="layer_020_png" x="985" y="570" width="36" height="61"/>
    <SubTexture name="layer_021_png" x="1001" y="185" width="20" height="34"/>
    <SubTexture name="layer_022_png" x="999" y="728" width="23" height="39"/>
    <SubTexture name="layer_023_png" x="249" y="858" width="27" height="19"/>
    <SubTexture name="layer_024_png" x="805" y="558" width="24" height="39"/>
    <SubTexture name="layer_025_png" x="832" y="785" width="29" height="41"/>
    <SubTexture name="layer_026_png" x="278" y="858" width="24" height="18"/>
    <SubTexture name="layer_027_png" x="993" y="833" width="28" height="40"/>
    <SubTexture name="layer_030_png" x="800" y="953" width="52" height="41"/>
    <SubTexture name="layer_031_png" x="414" y="989" width="23" height="31"/>
    <SubTexture name="layer_032_png" x="664" y="704" width="60" height="90"/>
    <SubTexture name="layer_033_png" x="684" y="620" width="101" height="82"/>
    <SubTexture name="layer_034_png" x="726" y="704" width="92" height="82"/>
    <SubTexture name="layer_035_png" x="987" y="447" width="35" height="121"/>
    <SubTexture name="layer_036_png" x="135" y="425" width="114" height="61"/>
    <SubTexture name="layer_037_png" x="103" y="888" width="100" height="134"/>
    <SubTexture name="layer_038_png" x="2" y="425" width="131" height="112"/>
    <SubTexture name="layer_039_png" x="144" y="742" width="103" height="136"/>
    <SubTexture name="layer_040_png" x="72" y="743" width="70" height="143"/>
    <SubTexture name="layer_041_png" x="2" y="650" width="122" height="91"/>
    <SubTexture name="layer_042_png" x="133" y="589" width="108" height="92"/>
    <SubTexture name="layer_043_png" x="841" y="2" width="161" height="60"/>
    <SubTexture name="layer_044_png" x="2" y="743" width="68" height="161"/>
    <SubTexture name="layer_045_png" x="932" y="639" width="27" height="43"/>
    <SubTexture name="layer_046_png" x="585" y="848" width="52" height="104"/>
    <SubTexture name="layer_047_png" x="249" y="742" width="81" height="114"/>
    <SubTexture name="layer_048_png" x="206" y="687" width="74" height="53"/>
    <SubTexture name="layer_049_png" x="663" y="962" width="55" height="56"/>
    <SubTexture name="layer_050_png" x="1003" y="91" width="19" height="22"/>
    <SubTexture name="layer_051_png" x="512" y="550" width="32" height="27"/>
    <SubTexture name="layer_052_png" x="231" y="999" width="29" height="22"/>
    <SubTexture name="layer_053_png" x="989" y="418" width="33" height="27"/>
    <SubTexture name="layer_054_png" x="966" y="904" width="53" height="76"/>
    <SubTexture name="layer_055_png" x="448" y="653" width="56" height="83"/>
    <SubTexture name="layer_056_png" x="205" y="999" width="24" height="23"/>
    <SubTexture name="layer_057_png" x="357" y="673" width="30" height="30"/>
    <SubTexture name="layer_058_png" x="800" y="996" width="27" height="26"/>
    <SubTexture name="layer_059_png" x="929" y="728" width="68" height="74"/>
    <SubTexture name="layer_060_png" x="787" y="654" width="75" height="48"/>
    <SubTexture name="layer_061_png" x="787" y="625" width="42" height="27"/>
    <SubTexture name="layer_062_png" x="251" y="460" width="32" height="130"/>
    <SubTexture name="layer_063_png" x="805" y="500" width="24" height="56"/>
    <SubTexture name="layer_064_png" x="741" y="910" width="67" height="41"/>
    <SubTexture name="layer_065_png" x="1004" y="2" width="18" height="47"/>
    <SubTexture name="layer_066_png" x="866" y="765" width="59" height="35"/>
    <SubTexture name="layer_067_png" x="1000" y="255" width="12" height="10"/>
    <SubTexture name="layer_068_png" x="832" y="235" width="5" height="12"/>
    <SubTexture name="layer_069_png" x="832" y="261" width="4" height="8"/>
    <SubTexture name="layer_070_png" x="243" y="675" width="28" height="10"/>
    <SubTexture name="layer_071_png" x="832" y="217" width="6" height="12"/>
    <SubTexture name="layer_072_png" x="1019" y="56" width="2" height="6"/>
    <SubTexture name="layer_073_png" x="376" y="989" width="36" height="31"/>
    <SubTexture name="layer_074_png" x="1001" y="169" width="21" height="14"/>
    <SubTexture name="layer_075_png" x="1019" y="51" width="3" height="3"/>
    <SubTexture name="layer_076_png" x="832" y="231" width="6" height="2"/>
    <SubTexture name="layer_077_png" x="932" y="687" width="86" height="39"/>
    <SubTexture name="layer_078_png" x="304" y="858" width="24" height="15"/>
    <SubTexture name="layer_079_png" x="1000" y="267" width="11" height="14"/>
    <SubTexture name="layer_080_png" x="832" y="203" width="7" height="12"/>
    <SubTexture name="layer_081_png" x="841" y="64" width="160" height="49"/>
    <SubTexture name="layer_082_png" x="72" y="888" width="29" height="12"/>
    <SubTexture name="layer_083_png" x="832" y="249" width="5" height="10"/>
    <SubTexture name="layer_084_png" x="1004" y="51" width="13" height="38"/>
    <SubTexture name="layer_085_png" x="831" y="582" width="138" height="55"/>
    <SubTexture name="layer_086_png" x="841" y="871" width="65" height="77"/>
    <SubTexture name="layer_087_png" x="971" y="633" width="49" height="52"/>
    <SubTexture name="layer_088_png" x="405" y="523" width="105" height="128"/>
    <SubTexture name="layer_089_png" x="639" y="830" width="87" height="90"/>
    <SubTexture name="layer_090_png" x="908" y="880" width="56" height="75"/>
    <SubTexture name="layer_091_png" x="639" y="922" width="72" height="38"/>
    <SubTexture name="layer_092_png" x="664" y="796" width="29" height="30"/>
    <SubTexture name="layer_093_png" x="336" y="989" width="38" height="32"/>
    <SubTexture name="layer_094_png" x="1000" y="221" width="22" height="32"/>
    <SubTexture name="layer_095_png" x="254" y="343" width="30" height="37"/>
    <SubTexture name="layer_096_png" x="805" y="478" width="25" height="20"/>
    <SubTexture name="layer_097_png" x="506" y="653" width="36" height="26"/>
    <SubTexture name="layer_098_png" x="1001" y="146" width="21" height="21"/>
    <SubTexture name="layer_099_png" x="512" y="523" width="35" height="25"/>
    <SubTexture name="layer_101_png" x="286" y="413" width="133" height="67"/>
</TextureAtlas>
