<?xml version="1.0" encoding="UTF-8"?>
<!-- Created with TexturePacker http://www.codeandweb.com/texturepacker-->
<!-- $TexturePacker:SmartUpdate:520f20bfc0ddeb012fbda62fe07711dc:97d85fa4886a42cc2ed7a8d4f8573a05:6811b1f3df5d4bec8f3b696c30f803d9$ -->
<TextureAtlas imagePath="1695_dragon_useful_1_HD_tweened_dxt5_map.dds" scale="1.21875">
    <SubTexture name="layer_001_png" x="395" y="445" width="12" height="28"/>
    <SubTexture name="layer_002_png" x="449" y="477" width="15" height="28"/>
    <SubTexture name="layer_003_png" x="368" y="472" width="24" height="21"/>
    <SubTexture name="layer_004_png" x="353" y="448" width="13" height="36"/>
    <SubTexture name="layer_005_png" x="280" y="495" width="32" height="13"/>
    <SubTexture name="layer_006_png" x="169" y="376" width="36" height="14"/>
    <SubTexture name="layer_007_png" x="316" y="105" width="108" height="58"/>
    <SubTexture name="layer_008_png" x="466" y="477" width="14" height="29"/>
    <SubTexture name="layer_009_png" x="484" y="455" width="19" height="26"/>
    <SubTexture name="layer_010_png" x="368" y="445" width="25" height="25"/>
    <SubTexture name="layer_011_png" x="490" y="118" width="13" height="40"/>
    <SubTexture name="layer_012_png" x="406" y="375" width="14" height="32"/>
    <SubTexture name="layer_013_png" x="2" y="493" width="45" height="14"/>
    <SubTexture name="layer_014_png" x="421" y="223" width="88" height="45"/>
    <SubTexture name="layer_015_png" x="301" y="370" width="48" height="26"/>
    <SubTexture name="layer_016_png" x="378" y="290" width="45" height="45"/>
    <SubTexture name="layer_017_png" x="359" y="412" width="48" height="31"/>
    <SubTexture name="layer_018_png" x="138" y="473" width="37" height="31"/>
    <SubTexture name="layer_019_png" x="422" y="340" width="52" height="47"/>
    <SubTexture name="layer_020_png" x="212" y="357" width="54" height="36"/>
    <SubTexture name="layer_021_png" x="229" y="395" width="47" height="42"/>
    <SubTexture name="layer_022_png" x="180" y="448" width="48" height="31"/>
    <SubTexture name="layer_023_png" x="199" y="214" width="54" height="56"/>
    <SubTexture name="layer_024_png" x="306" y="328" width="58" height="40"/>
    <SubTexture name="layer_025_png" x="476" y="325" width="34" height="58"/>
    <SubTexture name="layer_026_png" x="409" y="417" width="37" height="32"/>
    <SubTexture name="layer_027_png" x="230" y="439" width="46" height="35"/>
    <SubTexture name="layer_028_png" x="230" y="476" width="48" height="34"/>
    <SubTexture name="layer_029_png" x="394" y="475" width="12" height="18"/>
    <SubTexture name="layer_030_png" x="429" y="477" width="18" height="20"/>
    <SubTexture name="layer_031_png" x="409" y="451" width="25" height="23"/>
    <SubTexture name="layer_032_png" x="448" y="417" width="21" height="32"/>
    <SubTexture name="layer_033_png" x="316" y="223" width="103" height="65"/>
    <SubTexture name="layer_034_png" x="419" y="2" width="87" height="84"/>
    <SubTexture name="layer_035_png" x="169" y="277" width="41" height="97"/>
    <SubTexture name="layer_036_png" x="278" y="398" width="37" height="53"/>
    <SubTexture name="layer_037_png" x="280" y="453" width="40" height="40"/>
    <SubTexture name="layer_038_png" x="359" y="375" width="45" height="35"/>
    <SubTexture name="layer_039_png" x="255" y="248" width="59" height="36"/>
    <SubTexture name="layer_040_png" x="436" y="451" width="23" height="24"/>
    <SubTexture name="layer_041_png" x="68" y="493" width="15" height="17"/>
    <SubTexture name="layer_042_png" x="461" y="455" width="21" height="20"/>
    <SubTexture name="layer_043_png" x="207" y="481" width="21" height="21"/>
    <SubTexture name="layer_044_png" x="316" y="165" width="109" height="56"/>
    <SubTexture name="layer_045_png" x="427" y="164" width="76" height="57"/>
    <SubTexture name="layer_046_png" x="425" y="270" width="40" height="68"/>
    <SubTexture name="layer_047_png" x="2" y="277" width="165" height="119"/>
    <SubTexture name="layer_048_png" x="471" y="427" width="37" height="26"/>
    <SubTexture name="layer_049_png" x="177" y="481" width="28" height="29"/>
    <SubTexture name="layer_050_png" x="490" y="88" width="20" height="28"/>
    <SubTexture name="layer_052_png" x="212" y="286" width="92" height="69"/>
    <SubTexture name="layer_053_png" x="467" y="270" width="42" height="53"/>
    <SubTexture name="layer_054_png" x="322" y="448" width="29" height="42"/>
    <SubTexture name="layer_055_png" x="2" y="398" width="134" height="93"/>
    <SubTexture name="layer_056_png" x="268" y="357" width="31" height="36"/>
    <SubTexture name="layer_057_png" x="49" y="493" width="17" height="17"/>
    <SubTexture name="layer_058_png" x="180" y="395" width="47" height="51"/>
    <SubTexture name="layer_059_png" x="476" y="385" width="34" height="40"/>
    <SubTexture name="layer_060_png" x="408" y="476" width="19" height="19"/>
    <SubTexture name="layer_061_png" x="422" y="389" width="46" height="26"/>
    <SubTexture name="layer_062_png" x="306" y="290" width="70" height="36"/>
    <SubTexture name="layer_063_png" x="317" y="398" width="40" height="48"/>
    <SubTexture name="layer_064_png" x="255" y="197" width="59" height="49"/>
    <SubTexture name="layer_065_png" x="366" y="337" width="54" height="36"/>
    <SubTexture name="layer_066_png" x="138" y="398" width="40" height="73"/>
    <SubTexture name="layer_067_png" x="2" y="2" width="195" height="273"/>
    <SubTexture name="layer_068_png" x="316" y="2" width="101" height="101"/>
    <SubTexture name="layer_069_png" x="426" y="88" width="62" height="74"/>
    <SubTexture name="layer_070_png" x="249" y="2" width="65" height="140"/>
    <SubTexture name="layer_071_png" x="249" y="144" width="65" height="51"/>
    <SubTexture name="layer_072_png" x="199" y="2" width="48" height="210"/>
</TextureAtlas>
