<?xml version="1.0" encoding="UTF-8"?>
<!-- Created with TexturePacker http://www.codeandweb.com/texturepacker-->
<!-- $TexturePacker:SmartUpdate:ec15940bd238a369ef491b1293927e3a:c00b45049821de76b73bdadc77714988:628ab657b82b4ba0677daf6d7f5f25a0$ -->
<TextureAtlas imagePath="2399_dragon_electricknight_3_HD_tweened_dxt5.dds" scale="0.9609375">
    <SubTexture name="SPAM_RearrangedBitmap1006995913" x="650" y="149" width="97" height="81" frameX="-3" frameY="-2" frameWidth="105" frameHeight="89"/>
    <SubTexture name="SPAM_RearrangedBitmap1026128579" x="733" y="886" width="77" height="85" frameX="-2" frameY="-2" frameWidth="85" frameHeight="93"/>
    <SubTexture name="SPAM_RearrangedBitmap1236621671" x="733" y="232" width="83" height="102" frameX="-1" frameY="-1" frameWidth="89" frameHeight="108"/>
    <SubTexture name="SPAM_RearrangedBitmap1490119599" x="818" y="235" width="88" height="100" frameX="-2" frameY="-2" frameWidth="96" frameHeight="108"/>
    <SubTexture name="SPAM_RearrangedBitmap1542957562" x="245" y="744" width="92" height="86" frameX="-9" frameY="-10" frameWidth="118" frameHeight="108"/>
    <SubTexture name="SPAM_RearrangedBitmap1894464784" x="879" y="674" width="77" height="67" frameX="-5" frameY="-5" frameWidth="89" frameHeight="77"/>
    <SubTexture name="SPAM_RearrangedBitmap2109201241" x="722" y="440" width="124" height="59" frameX="-7" frameY="-8" frameWidth="144" frameHeight="75"/>
    <SubTexture name="SPAM_RearrangedBitmap29130765" x="58" y="613" width="127" height="161" frameX="-7" frameY="-10" frameWidth="147" frameHeight="179"/>
    <SubTexture name="SPAM_RearrangedBitmap2943053712" x="751" y="575" width="83" height="79" frameX="-3" frameY="-3" frameWidth="93" frameHeight="87"/>
    <SubTexture name="SPAM_RearrangedBitmap2989518749" x="656" y="803" width="85" height="81" frameX="-1" frameY="-1" frameWidth="93" frameHeight="87"/>
    <SubTexture name="SPAM_RearrangedBitmap3277260825" x="916" y="808" width="64" height="59" frameX="-11" frameY="-9" frameWidth="88" frameHeight="79"/>
    <SubTexture name="SPAM_RearrangedBitmap3672508151" x="249" y="460" width="76" height="69" frameX="-3" frameY="-5" frameWidth="86" frameHeight="79"/>
    <SubTexture name="SPAM_RearrangedBitmap3758818261" x="907" y="528" width="96" height="84" frameX="-12" frameY="-9" frameWidth="122" frameHeight="104"/>
    <SubTexture name="SPAM_RearrangedBitmap4013989714" x="968" y="614" width="35" height="49" frameX="-8" frameY="-9" frameWidth="57" frameHeight="69"/>
    <SubTexture name="SPAM_RearrangedBitmap4077509624" x="836" y="563" width="38" height="81" frameX="-1" frameY="0" frameWidth="42" frameHeight="87"/>
    <SubTexture name="SPAM_RearrangedBitmap4326876870" x="842" y="799" width="72" height="65" frameX="-11" frameY="-11" frameWidth="98" frameHeight="89"/>
    <SubTexture name="SPAM_RearrangedBitmap4456335529" x="327" y="260" width="101" height="130" frameX="0" frameY="0" frameWidth="103" frameHeight="132"/>
    <SubTexture name="SPAM_RearrangedBitmap4482183566" x="812" y="337" width="93" height="91" frameX="-10" frameY="-10" frameWidth="121" frameHeight="113"/>
    <SubTexture name="SPAM_RearrangedBitmap5076510266" x="571" y="267" width="61" height="109" frameX="-2" frameY="-1" frameWidth="69" frameHeight="115"/>
    <SubTexture name="SPAM_RearrangedBitmap5265554453" x="110" y="284" width="137" height="166" frameX="-10" frameY="-12" frameWidth="161" frameHeight="186"/>
    <SubTexture name="SPAM_RearrangedBitmap5377896167" x="661" y="378" width="59" height="107" frameX="-3" frameY="-2" frameWidth="69" frameHeight="115"/>
    <SubTexture name="SPAM_RearrangedBitmap5516101102" x="327" y="392" width="101" height="125" frameX="0" frameY="0" frameWidth="103" frameHeight="129"/>
    <SubTexture name="SPAM_RearrangedBitmap5556315498" x="872" y="2" width="140" height="161" frameX="-8" frameY="-10" frameWidth="160" frameHeight="179"/>
    <SubTexture name="SPAM_RearrangedBitmap5584909574" x="568" y="484" width="89" height="79" frameX="-12" frameY="-9" frameWidth="115" frameHeight="99"/>
    <SubTexture name="SPAM_RearrangedBitmap5603749268" x="339" y="611" width="103" height="121" frameX="0" frameY="0" frameWidth="105" frameHeight="123"/>
    <SubTexture name="SPAM_RearrangedBitmap6292116069" x="632" y="886" width="99" height="83" frameX="-2" frameY="-1" frameWidth="105" frameHeight="89"/>
    <SubTexture name="SPAM_RearrangedBitmap6771352062" x="908" y="235" width="81" height="100" frameX="-2" frameY="-2" frameWidth="89" frameHeight="108"/>
    <SubTexture name="SPAM_RearrangedBitmap6871806784" x="722" y="336" width="88" height="102" frameX="-2" frameY="-1" frameWidth="96" frameHeight="108"/>
    <SubTexture name="SPAM_RearrangedBitmap6983673924" x="945" y="750" width="65" height="56" frameX="-13" frameY="-11" frameWidth="97" frameHeight="86"/>
    <SubTexture name="SPAM_RearrangedBitmap7419318374" x="958" y="674" width="64" height="74" frameX="-4" frameY="-5" frameWidth="74" frameHeight="84"/>
    <SubTexture name="SPAM_RearrangedBitmap8449238453" x="468" y="267" width="101" height="105" frameX="-13" frameY="-11" frameWidth="127" frameHeight="123"/>
    <SubTexture name="SPAM_RearrangedBitmap8653180432" x="907" y="437" width="90" height="89" frameX="-11" frameY="-9" frameWidth="114" frameHeight="109"/>
    <SubTexture name="SPAM_RearrangedBitmap8695154848" x="568" y="716" width="51" height="97" frameX="-2" frameY="-2" frameWidth="59" frameHeight="105"/>
    <SubTexture name="SPAM_RearrangedBitmap9443806021" x="627" y="614" width="53" height="99" frameX="-1" frameY="-1" frameWidth="59" frameHeight="105"/>
    <SubTexture name="SPAM_RearrangedBitmap9645380225" x="451" y="825" width="77" height="85" frameX="-2" frameY="-2" frameWidth="85" frameHeight="93"/>
    <SubTexture name="SPAM_RearrangedBitmap9649242495" x="656" y="715" width="85" height="86" frameX="-10" frameY="-9" frameWidth="119" frameHeight="110"/>
    <SubTexture name="SPAM_RearrangedBitmap9943812345" x="434" y="952" width="54" height="70" frameX="0" frameY="0" frameWidth="56" frameHeight="76"/>
    <SubTexture name="layer_001_png" x="682" y="614" width="67" height="98"/>
    <SubTexture name="layer_002_png" x="907" y="337" width="84" height="98"/>
    <SubTexture name="layer_003_png" x="2" y="886" width="37" height="132"/>
    <SubTexture name="layer_007_png" x="915" y="869" width="58" height="54"/>
    <SubTexture name="layer_008_png" x="920" y="958" width="45" height="24"/>
    <SubTexture name="layer_009_png" x="720" y="575" width="26" height="31"/>
    <SubTexture name="layer_010_png" x="846" y="963" width="25" height="46"/>
    <SubTexture name="layer_011_png" x="423" y="530" width="32" height="18"/>
    <SubTexture name="layer_012_png" x="481" y="506" width="28" height="26"/>
    <SubTexture name="layer_013_png" x="970" y="932" width="22" height="35"/>
    <SubTexture name="layer_014_png" x="204" y="802" width="35" height="23"/>
    <SubTexture name="layer_015_png" x="920" y="984" width="42" height="24"/>
    <SubTexture name="layer_016_png" x="813" y="851" width="26" height="34"/>
    <SubTexture name="layer_017_png" x="317" y="994" width="38" height="28"/>
    <SubTexture name="layer_018_png" x="814" y="963" width="30" height="49"/>
    <SubTexture name="layer_019_png" x="501" y="149" width="147" height="56"/>
    <SubTexture name="layer_020_png" x="2" y="2" width="95" height="308"/>
    <SubTexture name="layer_021_png" x="743" y="799" width="97" height="50"/>
    <SubTexture name="layer_022_png" x="430" y="385" width="85" height="119"/>
    <SubTexture name="layer_023_png" x="858" y="866" width="55" height="58"/>
    <SubTexture name="layer_029_png" x="505" y="614" width="49" height="105"/>
    <SubTexture name="layer_030_png" x="41" y="851" width="94" height="155"/>
    <SubTexture name="layer_031_png" x="99" y="114" width="247" height="90"/>
    <SubTexture name="layer_032_png" x="982" y="808" width="20" height="77"/>
    <SubTexture name="layer_033_png" x="430" y="260" width="36" height="123"/>
    <SubTexture name="layer_034_png" x="201" y="994" width="61" height="28"/>
    <SubTexture name="layer_035_png" x="187" y="613" width="15" height="172"/>
    <SubTexture name="layer_036_png" x="204" y="613" width="39" height="161"/>
    <SubTexture name="layer_037_png" x="2" y="617" width="34" height="267"/>
    <SubTexture name="layer_038_png" x="858" y="926" width="58" height="30"/>
    <SubTexture name="layer_039_png" x="975" y="887" width="26" height="43"/>
    <SubTexture name="layer_040_png" x="714" y="973" width="98" height="44"/>
    <SubTexture name="layer_041_png" x="99" y="206" width="207" height="76"/>
    <SubTexture name="layer_042_png" x="137" y="851" width="79" height="139"/>
    <SubTexture name="layer_043_png" x="110" y="452" width="137" height="77"/>
    <SubTexture name="layer_044_png" x="443" y="734" width="72" height="89"/>
    <SubTexture name="layer_045_png" x="634" y="232" width="97" height="101"/>
    <SubTexture name="layer_046_png" x="568" y="378" width="91" height="104"/>
    <SubTexture name="layer_047_png" x="501" y="207" width="126" height="58"/>
    <SubTexture name="layer_048_png" x="819" y="501" width="27" height="60"/>
    <SubTexture name="layer_049_png" x="549" y="912" width="67" height="37"/>
    <SubTexture name="layer_050_png" x="918" y="925" width="50" height="31"/>
    <SubTexture name="layer_051_png" x="461" y="614" width="42" height="107"/>
    <SubTexture name="layer_052_png" x="848" y="430" width="57" height="118"/>
    <SubTexture name="layer_053_png" x="621" y="716" width="33" height="93"/>
    <SubTexture name="layer_054_png" x="991" y="230" width="21" height="101"/>
    <SubTexture name="layer_055_png" x="530" y="821" width="83" height="89"/>
    <SubTexture name="layer_056_png" x="245" y="611" width="92" height="131"/>
    <SubTexture name="layer_057_png" x="218" y="832" width="109" height="82"/>
    <SubTexture name="layer_058_png" x="348" y="149" width="151" height="67"/>
    <SubTexture name="layer_059_png" x="339" y="825" width="110" height="65"/>
    <SubTexture name="layer_060_png" x="751" y="656" width="99" height="74"/>
    <SubTexture name="layer_061_png" x="110" y="531" width="100" height="80"/>
    <SubTexture name="layer_062_png" x="556" y="614" width="69" height="100"/>
    <SubTexture name="layer_063_png" x="841" y="743" width="70" height="54"/>
    <SubTexture name="layer_064_png" x="218" y="916" width="104" height="75"/>
    <SubTexture name="layer_065_png" x="517" y="374" width="49" height="110"/>
    <SubTexture name="layer_066_png" x="550" y="565" width="66" height="47"/>
    <SubTexture name="layer_067_png" x="490" y="952" width="79" height="69"/>
    <SubTexture name="layer_068_png" x="632" y="971" width="80" height="51"/>
    <SubTexture name="layer_069_png" x="249" y="284" width="76" height="174"/>
    <SubTexture name="layer_070_png" x="729" y="2" width="141" height="134"/>
    <SubTexture name="layer_071_png" x="634" y="335" width="72" height="41"/>
    <SubTexture name="layer_072_png" x="444" y="912" width="103" height="38"/>
    <SubTexture name="layer_073_png" x="852" y="165" width="120" height="68"/>
    <SubTexture name="layer_074_png" x="212" y="531" width="118" height="78"/>
    <SubTexture name="layer_075_png" x="466" y="218" width="33" height="36"/>
    <SubTexture name="layer_076_png" x="517" y="486" width="49" height="50"/>
    <SubTexture name="layer_077_png" x="618" y="565" width="36" height="40"/>
    <SubTexture name="layer_078_png" x="743" y="732" width="96" height="65"/>
    <SubTexture name="layer_079_png" x="324" y="934" width="108" height="58"/>
    <SubTexture name="layer_080_png" x="749" y="138" width="101" height="91"/>
    <SubTexture name="layer_081_png" x="716" y="501" width="101" height="72"/>
    <SubTexture name="layer_082_png" x="974" y="165" width="46" height="63"/>
    <SubTexture name="layer_083_png" x="58" y="776" width="127" height="73"/>
    <SubTexture name="layer_084_png" x="380" y="2" width="203" height="93"/>
    <SubTexture name="layer_085_png" x="99" y="2" width="279" height="110"/>
    <SubTexture name="layer_086_png" x="444" y="614" width="15" height="113"/>
    <SubTexture name="layer_087_png" x="38" y="617" width="18" height="227"/>
    <SubTexture name="layer_088_png" x="308" y="218" width="156" height="40"/>
    <SubTexture name="layer_089_png" x="357" y="994" width="65" height="27"/>
    <SubTexture name="layer_090_png" x="380" y="97" width="180" height="50"/>
    <SubTexture name="layer_091_png" x="2" y="312" width="45" height="303"/>
    <SubTexture name="layer_092_png" x="49" y="513" width="59" height="98"/>
    <SubTexture name="layer_093_png" x="332" y="519" width="89" height="90"/>
    <SubTexture name="layer_094_png" x="812" y="887" width="44" height="74"/>
    <SubTexture name="layer_095_png" x="693" y="575" width="25" height="37"/>
    <SubTexture name="layer_096_png" x="999" y="411" width="23" height="49"/>
    <SubTexture name="layer_097_png" x="876" y="550" width="29" height="45"/>
    <SubTexture name="layer_098_png" x="913" y="743" width="30" height="50"/>
    <SubTexture name="layer_099_png" x="615" y="828" width="25" height="44"/>
    <SubTexture name="layer_100_png" x="264" y="993" width="51" height="27"/>
    <SubTexture name="layer_101_png" x="348" y="114" width="24" height="33"/>
    <SubTexture name="layer_102_png" x="430" y="506" width="49" height="22"/>
    <SubTexture name="layer_103_png" x="879" y="614" width="87" height="58"/>
    <SubTexture name="layer_104_png" x="444" y="550" width="104" height="62"/>
    <SubTexture name="layer_105_png" x="585" y="2" width="142" height="98"/>
    <SubTexture name="layer_106_png" x="571" y="951" width="59" height="71"/>
    <SubTexture name="layer_107_png" x="562" y="102" width="156" height="45"/>
    <SubTexture name="layer_108_png" x="423" y="550" width="15" height="31"/>
    <SubTexture name="layer_109_png" x="308" y="260" width="14" height="15"/>
    <SubTexture name="layer_110_png" x="720" y="102" width="7" height="17"/>
    <SubTexture name="layer_111_png" x="993" y="411" width="4" height="20"/>
    <SubTexture name="layer_112_png" x="812" y="430" width="22" height="8"/>
    <SubTexture name="layer_113_png" x="999" y="462" width="21" height="41"/>
    <SubTexture name="layer_114_png" x="873" y="958" width="45" height="63"/>
    <SubTexture name="layer_115_png" x="49" y="312" width="59" height="199"/>
    <SubTexture name="layer_116_png" x="743" y="851" width="68" height="31"/>
    <SubTexture name="layer_117_png" x="137" y="992" width="62" height="30"/>
    <SubTexture name="layer_118_png" x="993" y="333" width="29" height="76"/>
    <SubTexture name="layer_119_png" x="659" y="487" width="55" height="67"/>
    <SubTexture name="layer_120_png" x="204" y="776" width="39" height="24"/>
    <SubTexture name="layer_121_png" x="562" y="97" width="9" height="3"/>
    <SubTexture name="layer_122_png" x="876" y="597" width="24" height="15"/>
    <SubTexture name="layer_123_png" x="852" y="646" width="25" height="81"/>
    <SubTexture name="layer_124_png" x="967" y="969" width="22" height="22"/>
    <SubTexture name="layer_125_png" x="621" y="811" width="33" height="15"/>
    <SubTexture name="layer_126_png" x="615" y="874" width="15" height="34"/>
    <SubTexture name="layer_127_png" x="187" y="787" width="15" height="48"/>
    <SubTexture name="layer_128_png" x="517" y="721" width="49" height="98"/>
    <SubTexture name="layer_129_png" x="329" y="892" width="113" height="40"/>
    <SubTexture name="layer_130_png" x="339" y="734" width="102" height="89"/>
    <SubTexture name="layer_131_png" x="656" y="575" width="35" height="37"/>
</TextureAtlas>
