<?xml version="1.0" encoding="UTF-8"?>
<!-- Created with TexturePacker http://www.codeandweb.com/texturepacker-->
<!-- $TexturePacker:SmartUpdate:69f1d67ab95866209bd4099b9bc86446:00a8e302035985a650490e14735a1f52:a71b2977499663cd6f6f4ec83c6a0e93$ -->
<TextureAtlas imagePath="2399_dragon_electricknight_3_HD_tweened_dxt5_map.dds" scale="0.553344726562">
    <SubTexture name="SPAM_RearrangedBitmap1006995913" x="78" y="269" width="56" height="47" frameX="-1" frameY="-1" frameWidth="60" frameHeight="51"/>
    <SubTexture name="SPAM_RearrangedBitmap1026128579" x="291" y="408" width="43" height="49" frameX="-2" frameY="0" frameWidth="49" frameHeight="53"/>
    <SubTexture name="SPAM_RearrangedBitmap1490119599" x="234" y="232" width="51" height="58" frameX="-1" frameY="-1" frameWidth="55" frameHeight="62"/>
    <SubTexture name="SPAM_RearrangedBitmap2943053712" x="386" y="272" width="49" height="46" frameX="0" frameY="-1" frameWidth="53" frameHeight="50"/>
    <SubTexture name="SPAM_RearrangedBitmap5377896167" x="289" y="88" width="35" height="62" frameX="0" frameY="-1" frameWidth="39" frameHeight="66"/>
    <SubTexture name="SPAM_RearrangedBitmap6771352062" x="282" y="152" width="47" height="58" frameX="-1" frameY="-1" frameWidth="51" frameHeight="62"/>
    <SubTexture name="SPAM_RearrangedBitmap8695154848" x="351" y="326" width="30" height="56" frameX="-1" frameY="-1" frameWidth="34" frameHeight="60"/>
    <SubTexture name="layer_001_png" x="287" y="212" width="38" height="56"/>
    <SubTexture name="layer_002_png" x="241" y="352" width="48" height="56"/>
    <SubTexture name="layer_003_png" x="57" y="352" width="21" height="76"/>
    <SubTexture name="layer_007_png" x="125" y="479" width="33" height="31"/>
    <SubTexture name="layer_008_png" x="42" y="298" width="26" height="14"/>
    <SubTexture name="layer_009_png" x="448" y="492" width="15" height="18"/>
    <SubTexture name="layer_010_png" x="271" y="122" width="14" height="26"/>
    <SubTexture name="layer_011_png" x="33" y="446" width="18" height="10"/>
    <SubTexture name="layer_012_png" x="446" y="475" width="16" height="15"/>
    <SubTexture name="layer_013_png" x="495" y="463" width="12" height="20"/>
    <SubTexture name="layer_014_png" x="434" y="369" width="20" height="13"/>
    <SubTexture name="layer_015_png" x="467" y="430" width="24" height="14"/>
    <SubTexture name="layer_016_png" x="202" y="67" width="15" height="19"/>
    <SubTexture name="layer_017_png" x="196" y="470" width="22" height="16"/>
    <SubTexture name="layer_018_png" x="493" y="363" width="17" height="28"/>
    <SubTexture name="layer_019_png" x="202" y="88" width="85" height="32"/>
    <SubTexture name="layer_020_png" x="2" y="2" width="54" height="177"/>
    <SubTexture name="layer_021_png" x="177" y="289" width="55" height="29"/>
    <SubTexture name="layer_022_png" x="80" y="318" width="49" height="68"/>
    <SubTexture name="layer_023_png" x="377" y="464" width="32" height="33"/>
    <SubTexture name="layer_029_png" x="321" y="337" width="28" height="60"/>
    <SubTexture name="layer_030_png" x="124" y="167" width="54" height="89"/>
    <SubTexture name="layer_031_png" x="58" y="67" width="142" height="52"/>
    <SubTexture name="layer_032_png" x="499" y="234" width="11" height="44"/>
    <SubTexture name="layer_033_png" x="291" y="270" width="21" height="71"/>
    <SubTexture name="layer_034_png" x="411" y="494" width="35" height="16"/>
    <SubTexture name="layer_035_png" x="23" y="357" width="8" height="99"/>
    <SubTexture name="layer_036_png" x="33" y="352" width="22" height="92"/>
    <SubTexture name="layer_037_png" x="2" y="357" width="19" height="153"/>
    <SubTexture name="layer_038_png" x="411" y="475" width="33" height="17"/>
    <SubTexture name="layer_039_png" x="493" y="416" width="15" height="24"/>
    <SubTexture name="layer_040_png" x="331" y="204" width="56" height="25"/>
    <SubTexture name="layer_041_png" x="58" y="121" width="119" height="44"/>
    <SubTexture name="layer_042_png" x="235" y="150" width="45" height="80"/>
    <SubTexture name="layer_043_png" x="419" y="100" width="79" height="44"/>
    <SubTexture name="layer_044_png" x="334" y="459" width="41" height="51"/>
    <SubTexture name="layer_045_png" x="234" y="292" width="55" height="58"/>
    <SubTexture name="layer_046_png" x="180" y="227" width="52" height="60"/>
    <SubTexture name="layer_047_png" x="166" y="369" width="73" height="33"/>
    <SubTexture name="layer_048_png" x="58" y="314" width="16" height="34"/>
    <SubTexture name="layer_049_png" x="196" y="488" width="38" height="21"/>
    <SubTexture name="layer_050_png" x="388" y="106" width="29" height="18"/>
    <SubTexture name="layer_051_png" x="324" y="270" width="24" height="61"/>
    <SubTexture name="layer_052_png" x="131" y="318" width="33" height="68"/>
    <SubTexture name="layer_053_png" x="413" y="320" width="19" height="53"/>
    <SubTexture name="layer_054_png" x="336" y="399" width="12" height="58"/>
    <SubTexture name="layer_055_png" x="284" y="459" width="48" height="51"/>
    <SubTexture name="layer_056_png" x="180" y="150" width="53" height="75"/>
    <SubTexture name="layer_057_png" x="166" y="320" width="63" height="47"/>
    <SubTexture name="layer_058_png" x="423" y="2" width="87" height="38"/>
    <SubTexture name="layer_059_png" x="226" y="410" width="63" height="37"/>
    <SubTexture name="layer_060_png" x="453" y="189" width="57" height="43"/>
    <SubTexture name="layer_061_png" x="392" y="146" width="58" height="46"/>
    <SubTexture name="layer_062_png" x="136" y="258" width="39" height="58"/>
    <SubTexture name="layer_063_png" x="83" y="479" width="40" height="31"/>
    <SubTexture name="layer_064_png" x="326" y="106" width="60" height="43"/>
    <SubTexture name="layer_065_png" x="291" y="343" width="28" height="63"/>
    <SubTexture name="layer_066_png" x="411" y="415" width="38" height="27"/>
    <SubTexture name="layer_067_png" x="437" y="273" width="45" height="39"/>
    <SubTexture name="layer_068_png" x="403" y="384" width="46" height="29"/>
    <SubTexture name="layer_069_png" x="78" y="167" width="44" height="100"/>
    <SubTexture name="layer_070_png" x="340" y="2" width="81" height="77"/>
    <SubTexture name="layer_071_png" x="469" y="318" width="41" height="23"/>
    <SubTexture name="layer_072_png" x="392" y="194" width="59" height="22"/>
    <SubTexture name="layer_073_png" x="155" y="404" width="69" height="39"/>
    <SubTexture name="layer_074_png" x="83" y="432" width="68" height="45"/>
    <SubTexture name="layer_075_png" x="489" y="393" width="19" height="21"/>
    <SubTexture name="layer_076_png" x="411" y="444" width="28" height="29"/>
    <SubTexture name="layer_077_png" x="466" y="382" width="21" height="23"/>
    <SubTexture name="layer_078_png" x="442" y="234" width="55" height="37"/>
    <SubTexture name="layer_079_png" x="220" y="449" width="62" height="33"/>
    <SubTexture name="layer_080_png" x="23" y="458" width="58" height="52"/>
    <SubTexture name="layer_081_png" x="452" y="146" width="58" height="41"/>
    <SubTexture name="layer_082_png" x="484" y="280" width="26" height="36"/>
    <SubTexture name="layer_083_png" x="80" y="388" width="73" height="42"/>
    <SubTexture name="layer_084_png" x="221" y="2" width="117" height="53"/>
    <SubTexture name="layer_085_png" x="58" y="2" width="161" height="63"/>
    <SubTexture name="layer_086_png" x="314" y="270" width="8" height="65"/>
    <SubTexture name="layer_087_png" x="30" y="181" width="10" height="131"/>
    <SubTexture name="layer_088_png" x="327" y="81" width="90" height="23"/>
    <SubTexture name="layer_089_png" x="236" y="484" width="37" height="16"/>
    <SubTexture name="layer_090_png" x="221" y="57" width="104" height="29"/>
    <SubTexture name="layer_091_png" x="2" y="181" width="26" height="174"/>
    <SubTexture name="layer_092_png" x="350" y="268" width="34" height="56"/>
    <SubTexture name="layer_093_png" x="389" y="218" width="51" height="52"/>
    <SubTexture name="layer_094_png" x="384" y="419" width="25" height="43"/>
    <SubTexture name="layer_095_png" x="465" y="475" width="14" height="21"/>
    <SubTexture name="layer_096_png" x="451" y="384" width="13" height="28"/>
    <SubTexture name="layer_097_png" x="57" y="430" width="17" height="26"/>
    <SubTexture name="layer_098_png" x="441" y="444" width="17" height="29"/>
    <SubTexture name="layer_099_png" x="451" y="414" width="14" height="25"/>
    <SubTexture name="layer_100_png" x="388" y="126" width="29" height="16"/>
    <SubTexture name="layer_101_png" x="493" y="442" width="14" height="19"/>
    <SubTexture name="layer_102_png" x="460" y="446" width="28" height="12"/>
    <SubTexture name="layer_103_png" x="351" y="384" width="50" height="33"/>
    <SubTexture name="layer_104_png" x="327" y="231" width="60" height="35"/>
    <SubTexture name="layer_105_png" x="423" y="42" width="81" height="56"/>
    <SubTexture name="layer_106_png" x="160" y="470" width="34" height="40"/>
    <SubTexture name="layer_107_png" x="179" y="122" width="90" height="26"/>
    <SubTexture name="layer_108_png" x="495" y="485" width="8" height="18"/>
    <SubTexture name="layer_109_png" x="231" y="352" width="8" height="8"/>
    <SubTexture name="layer_110_png" x="72" y="167" width="4" height="9"/>
    <SubTexture name="layer_111_png" x="419" y="81" width="2" height="11"/>
    <SubTexture name="layer_112_png" x="226" y="404" width="12" height="4"/>
    <SubTexture name="layer_113_png" x="481" y="475" width="12" height="23"/>
    <SubTexture name="layer_114_png" x="30" y="314" width="26" height="36"/>
    <SubTexture name="layer_115_png" x="42" y="181" width="34" height="115"/>
    <SubTexture name="layer_116_png" x="469" y="343" width="39" height="18"/>
    <SubTexture name="layer_117_png" x="456" y="363" width="35" height="17"/>
    <SubTexture name="layer_118_png" x="450" y="314" width="17" height="44"/>
    <SubTexture name="layer_119_png" x="350" y="419" width="32" height="38"/>
    <SubTexture name="layer_120_png" x="460" y="460" width="22" height="13"/>
    <SubTexture name="layer_121_png" x="324" y="333" width="5" height="2"/>
    <SubTexture name="layer_122_png" x="257" y="502" width="13" height="8"/>
    <SubTexture name="layer_123_png" x="434" y="320" width="14" height="47"/>
    <SubTexture name="layer_124_png" x="58" y="167" width="12" height="12"/>
    <SubTexture name="layer_125_png" x="236" y="502" width="19" height="8"/>
    <SubTexture name="layer_126_png" x="327" y="57" width="8" height="19"/>
    <SubTexture name="layer_127_png" x="500" y="100" width="8" height="27"/>
    <SubTexture name="layer_128_png" x="383" y="326" width="28" height="56"/>
    <SubTexture name="layer_129_png" x="153" y="445" width="65" height="23"/>
    <SubTexture name="layer_130_png" x="331" y="151" width="59" height="51"/>
    <SubTexture name="layer_131_png" x="467" y="407" width="20" height="21"/>
</TextureAtlas>
