<?xml version="1.0" encoding="UTF-8"?>
<!-- Created with TexturePacker http://www.codeandweb.com/texturepacker-->
<!-- $TexturePacker:SmartUpdate:1be46ef80660226742b7800f24469454:00ecf26c710aea15f2048defe8cd4249:cc0bc49a1454c191e3e5a60a5d3a547e$ -->
<TextureAtlas imagePath="1398_dragon_sleepingbeauty_b_3_HD_tweened_dxt5.dds" scale="1.78125">
    <SubTexture name="SPAM_RearrangedBitmap1006995913" x="748" y="843" width="124" height="96"/>
    <SubTexture name="SPAM_RearrangedBitmap1101841976" x="495" y="964" width="48" height="37"/>
    <SubTexture name="SPAM_RearrangedBitmap1236621671" x="984" y="956" width="35" height="30"/>
    <SubTexture name="SPAM_RearrangedBitmap1490119599" x="2" y="905" width="137" height="115"/>
    <SubTexture name="SPAM_RearrangedBitmap1542957562" x="903" y="416" width="103" height="90"/>
    <SubTexture name="SPAM_RearrangedBitmap1671734047" x="406" y="2" width="178" height="336" frameX="-7" frameY="-15" frameWidth="220" frameHeight="372"/>
    <SubTexture name="SPAM_RearrangedBitmap1791443364" x="327" y="584" width="17" height="14"/>
    <SubTexture name="SPAM_RearrangedBitmap1894464784" x="162" y="905" width="16" height="24"/>
    <SubTexture name="SPAM_RearrangedBitmap2109201241" x="960" y="270" width="39" height="71"/>
    <SubTexture name="SPAM_RearrangedBitmap2689846847" x="647" y="702" width="96" height="140"/>
    <SubTexture name="SPAM_RearrangedBitmap2765236914" x="586" y="319" width="19" height="19"/>
    <SubTexture name="SPAM_RearrangedBitmap2882289824_fx" x="436" y="803" width="7" height="10"/>
    <SubTexture name="SPAM_RearrangedBitmap29130765" x="194" y="803" width="240" height="126"/>
    <SubTexture name="SPAM_RearrangedBitmap2943053712" x="937" y="982" width="33" height="28"/>
    <SubTexture name="SPAM_RearrangedBitmap2950249609" x="960" y="343" width="42" height="69"/>
    <SubTexture name="SPAM_RearrangedBitmap2989518749" x="141" y="905" width="19" height="24"/>
    <SubTexture name="SPAM_RearrangedBitmap3144694356" x="436" y="815" width="7" height="8"/>
    <SubTexture name="SPAM_RearrangedBitmap3277260825" x="2" y="390" width="323" height="209" frameX="-1" frameY="0" frameWidth="329" frameHeight="213"/>
    <SubTexture name="SPAM_RearrangedBitmap3398388945" x="768" y="576" width="69" height="158"/>
    <SubTexture name="SPAM_RearrangedBitmap3672508151" x="946" y="577" width="48" height="47" frameX="0" frameY="-2" frameWidth="48" frameHeight="49"/>
    <SubTexture name="SPAM_RearrangedBitmap3758818261" x="874" y="796" width="138" height="92"/>
    <SubTexture name="SPAM_RearrangedBitmap3944694877" x="445" y="583" width="192" height="140"/>
    <SubTexture name="SPAM_RearrangedBitmap3996843562" x="622" y="418" width="115" height="156"/>
    <SubTexture name="SPAM_RearrangedBitmap4013989714" x="586" y="2" width="191" height="274" frameX="-2" frameY="-16" frameWidth="211" frameHeight="306"/>
    <SubTexture name="SPAM_RearrangedBitmap4077509624" x="2" y="601" width="190" height="302" frameX="-4" frameY="-5" frameWidth="228" frameHeight="318"/>
    <SubTexture name="SPAM_RearrangedBitmap4326876870" x="953" y="508" width="53" height="67"/>
    <SubTexture name="SPAM_RearrangedBitmap4381861515" x="787" y="987" width="37" height="35"/>
    <SubTexture name="SPAM_RearrangedBitmap4456335529" x="331" y="931" width="55" height="67"/>
    <SubTexture name="SPAM_RearrangedBitmap4482183566" x="946" y="681" width="17" height="19"/>
    <SubTexture name="SPAM_RearrangedBitmap4513256437_fx" x="180" y="905" width="12" height="16"/>
    <SubTexture name="SPAM_RearrangedBitmap4950982043" x="821" y="418" width="80" height="156"/>
    <SubTexture name="SPAM_RearrangedBitmap5076510266" x="865" y="982" width="35" height="28"/>
    <SubTexture name="SPAM_RearrangedBitmap5197288459" x="992" y="45" width="17" height="16"/>
    <SubTexture name="SPAM_RearrangedBitmap5265554453" x="946" y="626" width="40" height="53"/>
    <SubTexture name="SPAM_RearrangedBitmap5285004386" x="984" y="890" width="37" height="32"/>
    <SubTexture name="SPAM_RearrangedBitmap5377896167" x="779" y="231" width="215" height="37"/>
    <SubTexture name="SPAM_RearrangedBitmap5516101102" x="748" y="941" width="110" height="44"/>
    <SubTexture name="SPAM_RearrangedBitmap5556315498" x="327" y="390" width="90" height="192"/>
    <SubTexture name="SPAM_RearrangedBitmap5584909574" x="419" y="484" width="201" height="97"/>
    <SubTexture name="SPAM_RearrangedBitmap5603749268" x="2" y="2" width="402" height="386"/>
    <SubTexture name="SPAM_RearrangedBitmap5670693666" x="445" y="725" width="200" height="138" frameX="0" frameY="0" frameWidth="204" frameHeight="142"/>
    <SubTexture name="SPAM_RearrangedBitmap5760018857" x="652" y="844" width="94" height="142"/>
    <SubTexture name="SPAM_RearrangedBitmap5775007928" x="902" y="982" width="33" height="28"/>
    <SubTexture name="SPAM_RearrangedBitmap595760024" x="2" y="601" width="190" height="302" frameX="-4" frameY="-5" frameWidth="228" frameHeight="318"/>
    <SubTexture name="SPAM_RearrangedBitmap6292116069" x="739" y="418" width="80" height="156"/>
    <SubTexture name="SPAM_RearrangedBitmap6511328016" x="748" y="987" width="37" height="35"/>
    <SubTexture name="SPAM_RearrangedBitmap6576889203" x="586" y="2" width="191" height="274" frameX="-2" frameY="-16" frameWidth="211" frameHeight="306"/>
    <SubTexture name="SPAM_RearrangedBitmap660654836" x="992" y="27" width="17" height="16"/>
    <SubTexture name="SPAM_RearrangedBitmap6614714115" x="965" y="681" width="19" height="16"/>
    <SubTexture name="SPAM_RearrangedBitmap663513224" x="826" y="987" width="37" height="32"/>
    <SubTexture name="SPAM_RearrangedBitmap6635639284_fx" x="595" y="964" width="44" height="39"/>
    <SubTexture name="SPAM_RearrangedBitmap669860168" x="194" y="601" width="249" height="200" frameX="0" frameY="0" frameWidth="251" frameHeight="204"/>
    <SubTexture name="SPAM_RearrangedBitmap6871806784" x="843" y="702" width="138" height="92" frameX="-8" frameY="0" frameWidth="160" frameHeight="92"/>
    <SubTexture name="SPAM_RearrangedBitmap6983673924" x="388" y="931" width="46" height="53"/>
    <SubTexture name="SPAM_RearrangedBitmap7049435845" x="419" y="583" width="19" height="16"/>
    <SubTexture name="SPAM_RearrangedBitmap7387235996" x="823" y="270" width="135" height="144"/>
    <SubTexture name="SPAM_RearrangedBitmap7419318374" x="586" y="278" width="32" height="39"/>
    <SubTexture name="SPAM_RearrangedBitmap7895575093" x="639" y="576" width="127" height="124" frameX="0" frameY="0" frameWidth="131" frameHeight="128"/>
    <SubTexture name="SPAM_RearrangedBitmap7955171125" x="843" y="796" width="14" height="23"/>
    <SubTexture name="SPAM_RearrangedBitmap8126970198" x="639" y="576" width="127" height="124" frameX="0" frameY="0" frameWidth="131" frameHeight="128"/>
    <SubTexture name="SPAM_RearrangedBitmap8204493345" x="839" y="576" width="105" height="124" frameX="0" frameY="0" frameWidth="121" frameHeight="124"/>
    <SubTexture name="SPAM_RearrangedBitmap8307186886" x="141" y="931" width="106" height="74"/>
    <SubTexture name="SPAM_RearrangedBitmap8405129396" x="419" y="340" width="199" height="142"/>
    <SubTexture name="SPAM_RearrangedBitmap8449238453" x="745" y="736" width="96" height="105"/>
    <SubTexture name="SPAM_RearrangedBitmap8479940241" x="992" y="2" width="24" height="23"/>
    <SubTexture name="SPAM_RearrangedBitmap8562457731" x="992" y="27" width="17" height="16"/>
    <SubTexture name="SPAM_RearrangedBitmap8653180432" x="874" y="890" width="108" height="90"/>
    <SubTexture name="SPAM_RearrangedBitmap8695154848" x="545" y="964" width="48" height="39"/>
    <SubTexture name="SPAM_RearrangedBitmap9133181788" x="620" y="278" width="201" height="138" frameX="0" frameY="0" frameWidth="203" frameHeight="142"/>
    <SubTexture name="SPAM_RearrangedBitmap9280296696" x="745" y="702" width="17" height="23"/>
    <SubTexture name="SPAM_RearrangedBitmap9443806021" x="903" y="508" width="48" height="55"/>
    <SubTexture name="SPAM_RearrangedBitmap9496328720" x="984" y="924" width="37" height="30"/>
    <SubTexture name="SPAM_RearrangedBitmap9645380225" x="436" y="865" width="214" height="97" frameX="0" frameY="0" frameWidth="224" frameHeight="97"/>
    <SubTexture name="SPAM_RearrangedBitmap9649242495" x="436" y="964" width="57" height="28"/>
    <SubTexture name="SPAM_RearrangedBitmap9708525171" x="779" y="2" width="211" height="227" frameX="0" frameY="0" frameWidth="213" frameHeight="231"/>
    <SubTexture name="SPAM_RearrangedBitmap9778228021" x="388" y="986" width="32" height="30"/>
    <SubTexture name="SPAM_RearrangedBitmap9943812345" x="249" y="931" width="80" height="80"/>
    <SubTexture name="SPAM_RearrangedBitmap9992403159" x="406" y="2" width="178" height="336" frameX="-7" frameY="-15" frameWidth="220" frameHeight="372"/>
</TextureAtlas>
