<?xml version="1.0" encoding="UTF-8"?>
<!-- Created with TexturePacker http://www.codeandweb.com/texturepacker-->
<!-- $TexturePacker:SmartUpdate:5361262d364be2849543cbdce0827769:3a7be9debee035d387739c85d05bd928:9b8377379bf2a90cd55217fe545ba6d9$ -->
<TextureAtlas imagePath="1398_dragon_sleepingbeauty_b_3_HD_tweened_dxt5_map.dds" scale="1.427734375">
    <SubTexture name="SPAM_RearrangedBitmap1006995913" x="165" y="314" width="99" height="77"/>
    <SubTexture name="SPAM_RearrangedBitmap1101841976" x="454" y="307" width="38" height="29"/>
    <SubTexture name="SPAM_RearrangedBitmap1490119599" x="2" y="415" width="109" height="92"/>
    <SubTexture name="SPAM_RearrangedBitmap1542957562" x="269" y="410" width="82" height="72"/>
    <SubTexture name="SPAM_RearrangedBitmap1791443364" x="403" y="486" width="14" height="11"/>
    <SubTexture name="SPAM_RearrangedBitmap2109201241" x="479" y="2" width="31" height="57"/>
    <SubTexture name="SPAM_RearrangedBitmap2765236914" x="495" y="410" width="15" height="15"/>
    <SubTexture name="SPAM_RearrangedBitmap29130765" x="2" y="2" width="192" height="101"/>
    <SubTexture name="SPAM_RearrangedBitmap2950249609" x="419" y="420" width="34" height="55"/>
    <SubTexture name="SPAM_RearrangedBitmap3398388945" x="163" y="105" width="55" height="127"/>
    <SubTexture name="SPAM_RearrangedBitmap3672508151" x="450" y="338" width="38" height="37" frameX="0" frameY="-2" frameWidth="38" frameHeight="39"/>
    <SubTexture name="SPAM_RearrangedBitmap3758818261" x="360" y="119" width="111" height="74"/>
    <SubTexture name="SPAM_RearrangedBitmap3944694877" x="2" y="221" width="154" height="112"/>
    <SubTexture name="SPAM_RearrangedBitmap3996843562" x="360" y="195" width="92" height="125"/>
    <SubTexture name="SPAM_RearrangedBitmap4326876870" x="454" y="195" width="42" height="54"/>
    <SubTexture name="SPAM_RearrangedBitmap4456335529" x="454" y="251" width="44" height="54"/>
    <SubTexture name="SPAM_RearrangedBitmap4950982043" x="294" y="209" width="64" height="125"/>
    <SubTexture name="SPAM_RearrangedBitmap5197288459" x="270" y="238" width="14" height="12"/>
    <SubTexture name="SPAM_RearrangedBitmap5265554453" x="455" y="456" width="32" height="42"/>
    <SubTexture name="SPAM_RearrangedBitmap5285004386" x="479" y="91" width="29" height="25"/>
    <SubTexture name="SPAM_RearrangedBitmap5516101102" x="360" y="322" width="88" height="35"/>
    <SubTexture name="SPAM_RearrangedBitmap5556315498" x="220" y="82" width="72" height="154"/>
    <SubTexture name="SPAM_RearrangedBitmap5584909574" x="2" y="335" width="161" height="78"/>
    <SubTexture name="SPAM_RearrangedBitmap5760018857" x="192" y="393" width="75" height="114"/>
    <SubTexture name="SPAM_RearrangedBitmap5775007928" x="374" y="486" width="27" height="22"/>
    <SubTexture name="SPAM_RearrangedBitmap6292116069" x="294" y="82" width="64" height="125"/>
    <SubTexture name="SPAM_RearrangedBitmap6511328016" x="479" y="61" width="29" height="28"/>
    <SubTexture name="SPAM_RearrangedBitmap660654836" x="165" y="393" width="14" height="12"/>
    <SubTexture name="SPAM_RearrangedBitmap6614714115" x="495" y="441" width="15" height="12"/>
    <SubTexture name="SPAM_RearrangedBitmap663513224" x="473" y="163" width="29" height="25"/>
    <SubTexture name="SPAM_RearrangedBitmap6871806784" x="158" y="238" width="110" height="74" frameX="-7" frameY="0" frameWidth="128" frameHeight="74"/>
    <SubTexture name="SPAM_RearrangedBitmap6983673924" x="473" y="119" width="37" height="42"/>
    <SubTexture name="SPAM_RearrangedBitmap7049435845" x="495" y="427" width="15" height="12"/>
    <SubTexture name="SPAM_RearrangedBitmap7387235996" x="369" y="2" width="108" height="115"/>
    <SubTexture name="SPAM_RearrangedBitmap7419318374" x="485" y="377" width="25" height="31"/>
    <SubTexture name="SPAM_RearrangedBitmap8307186886" x="358" y="359" width="85" height="59"/>
    <SubTexture name="SPAM_RearrangedBitmap8405129396" x="2" y="105" width="159" height="114"/>
    <SubTexture name="SPAM_RearrangedBitmap8449238453" x="113" y="415" width="77" height="84"/>
    <SubTexture name="SPAM_RearrangedBitmap8562457731" x="165" y="393" width="14" height="12"/>
    <SubTexture name="SPAM_RearrangedBitmap8653180432" x="269" y="336" width="87" height="72"/>
    <SubTexture name="SPAM_RearrangedBitmap8695154848" x="445" y="377" width="38" height="31"/>
    <SubTexture name="SPAM_RearrangedBitmap9280296696" x="196" y="82" width="14" height="18"/>
    <SubTexture name="SPAM_RearrangedBitmap9443806021" x="455" y="410" width="38" height="44"/>
    <SubTexture name="SPAM_RearrangedBitmap9496328720" x="316" y="484" width="29" height="24"/>
    <SubTexture name="SPAM_RearrangedBitmap9645380225" x="196" y="2" width="171" height="78" frameX="0" frameY="0" frameWidth="179" frameHeight="78"/>
    <SubTexture name="SPAM_RearrangedBitmap9649242495" x="269" y="484" width="45" height="22"/>
    <SubTexture name="SPAM_RearrangedBitmap9778228021" x="347" y="486" width="25" height="24"/>
    <SubTexture name="SPAM_RearrangedBitmap9943812345" x="353" y="420" width="64" height="64"/>
</TextureAtlas>
