<?xml version="1.0" encoding="UTF-8"?>
<!-- Created with TexturePacker http://www.codeandweb.com/texturepacker-->
<!-- $TexturePacker:SmartUpdate:ec18b4703b189ca34074acdc992ffe7e:209e8cf3cd70eaa333233942fcd093d7:cc7d488762f8c255449bc9c9e8ec5faf$ -->
<TextureAtlas imagePath="0249_guardian1_stage3_HD_tweened_dxt5.dds" scale="0.726013183594">
    <SubTexture name="SPAM_RearrangedBitmap11496725" x="2" y="626" width="178" height="192"/>
    <SubTexture name="SPAM_RearrangedBitmap1979308792" x="495" y="750" width="128" height="79"/>
    <SubTexture name="SPAM_RearrangedBitmap2415302762" x="925" y="877" width="96" height="63"/>
    <SubTexture name="SPAM_RearrangedBitmap2767120265" x="724" y="891" width="81" height="96"/>
    <SubTexture name="SPAM_RearrangedBitmap2955332573" x="300" y="858" width="104" height="136"/>
    <SubTexture name="SPAM_RearrangedBitmap3070306620" x="913" y="544" width="82" height="138"/>
    <SubTexture name="SPAM_RearrangedBitmap3139664265" x="511" y="934" width="112" height="73"/>
    <SubTexture name="SPAM_RearrangedBitmap3624127912" x="826" y="715" width="162" height="160"/>
    <SubTexture name="SPAM_RearrangedBitmap3659997329" x="966" y="264" width="53" height="77"/>
    <SubTexture name="SPAM_RearrangedBitmap376303964" x="669" y="361" width="295" height="181"/>
    <SubTexture name="SPAM_RearrangedBitmap4280045610" x="182" y="750" width="165" height="106"/>
    <SubTexture name="SPAM_RearrangedBitmap4747977656" x="234" y="577" width="417" height="171"/>
    <SubTexture name="SPAM_RearrangedBitmap5045513313" x="2" y="820" width="177" height="183"/>
    <SubTexture name="SPAM_RearrangedBitmap5071307486" x="234" y="404" width="417" height="171"/>
    <SubTexture name="SPAM_RearrangedBitmap5378255779" x="807" y="948" width="67" height="62"/>
    <SubTexture name="SPAM_RearrangedBitmap5745366902" x="669" y="178" width="295" height="181"/>
    <SubTexture name="SPAM_RearrangedBitmap6233728270" x="182" y="626" width="45" height="48"/>
    <SubTexture name="SPAM_RearrangedBitmap6350549462" x="625" y="891" width="97" height="92"/>
    <SubTexture name="SPAM_RearrangedBitmap6385880549" x="234" y="203" width="433" height="199"/>
    <SubTexture name="SPAM_RearrangedBitmap6581155373" x="234" y="203" width="433" height="199"/>
    <SubTexture name="SPAM_RearrangedBitmap6687525235" x="826" y="877" width="97" height="69"/>
    <SubTexture name="SPAM_RearrangedBitmap6713528295" x="511" y="831" width="98" height="101"/>
    <SubTexture name="SPAM_RearrangedBitmap6841511781" x="234" y="2" width="433" height="199"/>
    <SubTexture name="SPAM_RearrangedBitmap7472273795" x="966" y="393" width="53" height="43"/>
    <SubTexture name="SPAM_RearrangedBitmap7487096231" x="966" y="343" width="53" height="48"/>
    <SubTexture name="SPAM_RearrangedBitmap8031175355" x="406" y="858" width="103" height="137"/>
    <SubTexture name="SPAM_RearrangedBitmap8154018333" x="181" y="858" width="117" height="156"/>
    <SubTexture name="SPAM_RearrangedBitmap8445443692" x="653" y="715" width="171" height="174"/>
    <SubTexture name="SPAM_RearrangedBitmap8734454116" x="966" y="178" width="47" height="84"/>
    <SubTexture name="SPAM_RearrangedBitmap9865034358" x="406" y="858" width="103" height="137"/>
    <SubTexture name="gold_tower_2_png" x="2" y="2" width="230" height="622" frameX="-9" frameY="0" frameWidth="246" frameHeight="632"/>
    <SubTexture name="guardian1_chain_back" x="653" y="544" width="258" height="169"/>
    <SubTexture name="guardian1_chain_front" x="669" y="2" width="352" height="174"/>
    <SubTexture name="guardian1_chain_island" x="349" y="750" width="144" height="106"/>
    <SubTexture name="guardian1_chain_tower" x="966" y="438" width="33" height="51"/>
</TextureAtlas>
