<?xml version="1.0" encoding="UTF-8"?>
<!-- Created with TexturePacker http://www.codeandweb.com/texturepacker-->
<!-- $TexturePacker:SmartUpdate:99745ac915ac2cba05b52b125e0e29c3:596a01ae908440539463db2fa36b1c73:26e5d0e05e64458bca56aba990027333$ -->
<TextureAtlas imagePath="1472_dragon_equinox_3_HD_tweened_dxt5_map.dds" scale="1.4794921875">
    <SubTexture name="SPAM_RearrangedBitmap1006995913" x="2" y="187" width="153" height="125"/>
    <SubTexture name="SPAM_RearrangedBitmap1026128579" x="157" y="227" width="127" height="105"/>
    <SubTexture name="SPAM_RearrangedBitmap1236621671" x="2" y="453" width="84" height="54"/>
    <SubTexture name="SPAM_RearrangedBitmap1490119599" x="286" y="227" width="79" height="113"/>
    <SubTexture name="SPAM_RearrangedBitmap1791443364" x="494" y="276" width="14" height="25"/>
    <SubTexture name="SPAM_RearrangedBitmap1894464784" x="342" y="407" width="82" height="63"/>
    <SubTexture name="SPAM_RearrangedBitmap2943053712" x="200" y="104" width="136" height="121"/>
    <SubTexture name="SPAM_RearrangedBitmap2989518749" x="2" y="2" width="210" height="91"/>
    <SubTexture name="SPAM_RearrangedBitmap3944694877" x="249" y="342" width="91" height="109"/>
    <SubTexture name="SPAM_RearrangedBitmap3996843562" x="320" y="472" width="45" height="36"/>
    <SubTexture name="SPAM_RearrangedBitmap4950982043" x="494" y="248" width="16" height="26"/>
    <SubTexture name="SPAM_RearrangedBitmap5076510266" x="472" y="318" width="17" height="23"/>
    <SubTexture name="SPAM_RearrangedBitmap5197288459" x="144" y="464" width="48" height="31"/>
    <SubTexture name="SPAM_RearrangedBitmap5285004386" x="249" y="453" width="69" height="47"/>
    <SubTexture name="SPAM_RearrangedBitmap5377896167" x="2" y="314" width="140" height="137"/>
    <SubTexture name="SPAM_RearrangedBitmap6292116069" x="371" y="103" width="134" height="73"/>
    <SubTexture name="SPAM_RearrangedBitmap6511328016" x="88" y="453" width="54" height="41"/>
    <SubTexture name="SPAM_RearrangedBitmap660654836" x="338" y="137" width="25" height="25"/>
    <SubTexture name="SPAM_RearrangedBitmap663513224" x="426" y="407" width="75" height="68"/>
    <SubTexture name="SPAM_RearrangedBitmap6771352062" x="367" y="178" width="133" height="68"/>
    <SubTexture name="SPAM_RearrangedBitmap6871806784" x="367" y="248" width="125" height="68"/>
    <SubTexture name="SPAM_RearrangedBitmap7387235996" x="214" y="2" width="155" height="100"/>
    <SubTexture name="SPAM_RearrangedBitmap7419318374" x="194" y="464" width="48" height="45"/>
    <SubTexture name="SPAM_RearrangedBitmap8405129396" x="371" y="2" width="139" height="99"/>
    <SubTexture name="SPAM_RearrangedBitmap8562457731" x="338" y="104" width="31" height="31"/>
    <SubTexture name="SPAM_RearrangedBitmap8695154848" x="367" y="318" width="103" height="87"/>
    <SubTexture name="SPAM_RearrangedBitmap9280296696" x="342" y="342" width="17" height="23"/>
    <SubTexture name="SPAM_RearrangedBitmap9443806021" x="367" y="472" width="25" height="23"/>
    <SubTexture name="SPAM_RearrangedBitmap9496328720" x="2" y="95" width="196" height="90"/>
    <SubTexture name="SPAM_RearrangedBitmap9645380225" x="144" y="334" width="103" height="128"/>
    <SubTexture name="SPAM_RearrangedBitmap9778228021" x="157" y="187" width="32" height="28"/>
</TextureAtlas>
