<?xml version="1.0" encoding="UTF-8"?>
<!-- Created with TexturePacker http://www.codeandweb.com/texturepacker-->
<!-- $TexturePacker:SmartUpdate:28f945a0b5cea904a805ff9dc83c2bac:cde80a80d1927ace036e616203b9401a:70146c0c3a741719572fa998dfad4c30$ -->
<TextureAtlas imagePath="1472_dragon_equinox_3_HD_tweened_dxt5.dds" scale="1.2109375">
    <SubTexture name="SPAM_RearrangedBitmap1006995913" x="2" y="407" width="125" height="102"/>
    <SubTexture name="SPAM_RearrangedBitmap1014470135" x="484" y="256" width="26" height="23"/>
    <SubTexture name="SPAM_RearrangedBitmap1026128579" x="269" y="79" width="104" height="85"/>
    <SubTexture name="SPAM_RearrangedBitmap1236621671" x="318" y="430" width="69" height="44"/>
    <SubTexture name="SPAM_RearrangedBitmap1490119599" x="202" y="277" width="65" height="93"/>
    <SubTexture name="SPAM_RearrangedBitmap1791443364" x="484" y="448" width="12" height="20"/>
    <SubTexture name="SPAM_RearrangedBitmap1894464784" x="355" y="274" width="67" height="52"/>
    <SubTexture name="SPAM_RearrangedBitmap2109201241_fx" x="269" y="340" width="93" height="24" frameX="0" frameY="0" frameWidth="93" frameHeight="26"/>
    <SubTexture name="SPAM_RearrangedBitmap2765236914" x="484" y="427" width="14" height="19"/>
    <SubTexture name="SPAM_RearrangedBitmap29130765_fx" x="364" y="353" width="91" height="24" frameX="0" frameY="0" frameWidth="93" frameHeight="26"/>
    <SubTexture name="SPAM_RearrangedBitmap2943053712" x="250" y="166" width="111" height="99"/>
    <SubTexture name="SPAM_RearrangedBitmap2950249609" x="490" y="120" width="20" height="19"/>
    <SubTexture name="SPAM_RearrangedBitmap2989518749" x="140" y="2" width="171" height="75"/>
    <SubTexture name="SPAM_RearrangedBitmap3398388945" x="467" y="256" width="15" height="16"/>
    <SubTexture name="SPAM_RearrangedBitmap3672508151" x="140" y="79" width="127" height="82"/>
    <SubTexture name="SPAM_RearrangedBitmap3944694877" x="129" y="390" width="75" height="89"/>
    <SubTexture name="SPAM_RearrangedBitmap3996843562" x="467" y="395" width="37" height="30"/>
    <SubTexture name="SPAM_RearrangedBitmap4013989714_fx" x="364" y="328" width="93" height="23" frameX="0" frameY="0" frameWidth="95" frameHeight="25"/>
    <SubTexture name="SPAM_RearrangedBitmap4077509624_fx" x="269" y="340" width="93" height="24" frameX="0" frameY="0" frameWidth="93" frameHeight="26"/>
    <SubTexture name="SPAM_RearrangedBitmap4326876870_fx" x="364" y="353" width="91" height="24" frameX="0" frameY="0" frameWidth="93" frameHeight="26"/>
    <SubTexture name="SPAM_RearrangedBitmap4381861515" x="444" y="476" width="13" height="21"/>
    <SubTexture name="SPAM_RearrangedBitmap4950982043" x="429" y="476" width="13" height="21"/>
    <SubTexture name="SPAM_RearrangedBitmap5076510266" x="490" y="302" width="14" height="19"/>
    <SubTexture name="SPAM_RearrangedBitmap5197288459" x="276" y="423" width="39" height="25"/>
    <SubTexture name="SPAM_RearrangedBitmap5265554453_fx" x="339" y="404" width="87" height="24" frameX="0" frameY="0" frameWidth="89" frameHeight="26"/>
    <SubTexture name="SPAM_RearrangedBitmap5285004386" x="426" y="436" width="56" height="38"/>
    <SubTexture name="SPAM_RearrangedBitmap5377896167" x="133" y="163" width="115" height="112"/>
    <SubTexture name="SPAM_RearrangedBitmap5556315498_fx" x="129" y="481" width="75" height="19" frameX="0" frameY="0" frameWidth="77" frameHeight="21"/>
    <SubTexture name="SPAM_RearrangedBitmap5670693666_fx" x="2" y="283" width="112" height="122" frameX="-12" frameY="-11" frameWidth="142" frameHeight="148"/>
    <SubTexture name="SPAM_RearrangedBitmap5760018857" x="476" y="302" width="12" height="21"/>
    <SubTexture name="SPAM_RearrangedBitmap5775007928" x="490" y="99" width="20" height="19"/>
    <SubTexture name="SPAM_RearrangedBitmap595760024_fx" x="318" y="476" width="65" height="26" frameX="0" frameY="0" frameWidth="67" frameHeight="26"/>
    <SubTexture name="SPAM_RearrangedBitmap6292116069" x="206" y="450" width="110" height="60"/>
    <SubTexture name="SPAM_RearrangedBitmap6511328016" x="459" y="328" width="44" height="33"/>
    <SubTexture name="SPAM_RearrangedBitmap6576889203_fx" x="339" y="404" width="87" height="24" frameX="0" frameY="0" frameWidth="89" frameHeight="26"/>
    <SubTexture name="SPAM_RearrangedBitmap6601560834" x="385" y="476" width="42" height="23"/>
    <SubTexture name="SPAM_RearrangedBitmap660654836" x="490" y="77" width="20" height="20"/>
    <SubTexture name="SPAM_RearrangedBitmap6614714115" x="492" y="281" width="14" height="19"/>
    <SubTexture name="SPAM_RearrangedBitmap663513224" x="276" y="366" width="61" height="55"/>
    <SubTexture name="SPAM_RearrangedBitmap6635639284" x="459" y="363" width="38" height="30"/>
    <SubTexture name="SPAM_RearrangedBitmap669860168_fx" x="424" y="274" width="50" height="52" frameX="-5" frameY="-4" frameWidth="66" frameHeight="66"/>
    <SubTexture name="SPAM_RearrangedBitmap6771352062" x="375" y="160" width="108" height="55"/>
    <SubTexture name="SPAM_RearrangedBitmap6871806784" x="363" y="217" width="102" height="55"/>
    <SubTexture name="SPAM_RearrangedBitmap6983673924_fx" x="364" y="328" width="93" height="23" frameX="0" frameY="0" frameWidth="95" frameHeight="25"/>
    <SubTexture name="SPAM_RearrangedBitmap7049435845" x="476" y="281" width="14" height="19"/>
    <SubTexture name="SPAM_RearrangedBitmap7387235996" x="140" y="79" width="127" height="82"/>
    <SubTexture name="SPAM_RearrangedBitmap7419318374" x="467" y="217" width="39" height="37"/>
    <SubTexture name="SPAM_RearrangedBitmap7775137272" x="428" y="404" width="37" height="30"/>
    <SubTexture name="SPAM_RearrangedBitmap7895575093_fx" x="2" y="143" width="129" height="138" frameX="-14" frameY="-10" frameWidth="163" frameHeight="168"/>
    <SubTexture name="SPAM_RearrangedBitmap7955171125" x="485" y="187" width="19" height="23"/>
    <SubTexture name="SPAM_RearrangedBitmap8126970198_fx" x="206" y="372" width="68" height="76" frameX="-13" frameY="-11" frameWidth="98" frameHeight="102"/>
    <SubTexture name="SPAM_RearrangedBitmap8204493345" x="476" y="2" width="23" height="27"/>
    <SubTexture name="SPAM_RearrangedBitmap8307186886" x="476" y="31" width="26" height="23"/>
    <SubTexture name="SPAM_RearrangedBitmap8405129396" x="375" y="77" width="113" height="81"/>
    <SubTexture name="SPAM_RearrangedBitmap8449238453_fx" x="339" y="379" width="90" height="23" frameX="0" frameY="0" frameWidth="90" frameHeight="25"/>
    <SubTexture name="SPAM_RearrangedBitmap8472535027" x="475" y="476" width="12" height="20"/>
    <SubTexture name="SPAM_RearrangedBitmap8562457731" x="485" y="160" width="25" height="25"/>
    <SubTexture name="SPAM_RearrangedBitmap8695154848" x="269" y="267" width="84" height="71"/>
    <SubTexture name="SPAM_RearrangedBitmap9280296696" x="459" y="476" width="14" height="19"/>
    <SubTexture name="SPAM_RearrangedBitmap9443806021" x="476" y="56" width="20" height="19"/>
    <SubTexture name="SPAM_RearrangedBitmap9496328720" x="313" y="2" width="161" height="73"/>
    <SubTexture name="SPAM_RearrangedBitmap9645380225" x="116" y="283" width="84" height="105"/>
    <SubTexture name="SPAM_RearrangedBitmap9649242495_fx" x="129" y="481" width="75" height="19" frameX="0" frameY="0" frameWidth="77" frameHeight="21"/>
    <SubTexture name="SPAM_RearrangedBitmap9708525171_fx" x="2" y="2" width="136" height="139" frameX="-13" frameY="-11" frameWidth="164" frameHeight="165"/>
    <SubTexture name="SPAM_RearrangedBitmap9778228021" x="431" y="379" width="26" height="23"/>
    <SubTexture name="SPAM_RearrangedBitmap9992403159_fx" x="339" y="379" width="90" height="23" frameX="0" frameY="0" frameWidth="90" frameHeight="25"/>
    <SubTexture name="Star" x="389" y="430" width="35" height="42"/>
</TextureAtlas>
