<?xml version="1.0" encoding="UTF-8"?>
<!-- Created with TexturePacker http://www.codeandweb.com/texturepacker-->
<!-- $TexturePacker:SmartUpdate:b600065504df837bb048c0d3b95a2788:974bf1ad1b08ea950c5c226e6573acf1:5a2f5c741db6bdad16e37d4d343c19bd$ -->
<TextureAtlas imagePath="1649_dragon_friendship_1_HD_tweened_dxt5.dds" scale="1.15234375">
    <SubTexture name="SPAM_RearrangedBitmap3277260825_fx" x="420" y="269" width="42" height="29"/>
    <SubTexture name="SPAM_RearrangedBitmap5670693666_fx" x="435" y="397" width="35" height="21"/>
    <SubTexture name="SPAM_RearrangedBitmap669860168_fx" x="237" y="371" width="42" height="28"/>
    <SubTexture name="SPAM_RearrangedBitmap7895575093_fx" x="257" y="344" width="38" height="25"/>
    <SubTexture name="SPAM_RearrangedBitmap8126970198_fx" x="340" y="455" width="31" height="19"/>
    <SubTexture name="SPAM_RearrangedBitmap9133181788_fx" x="394" y="379" width="39" height="26"/>
    <SubTexture name="SPAM_RearrangedBitmap9708525171_fx" x="163" y="258" width="36" height="24"/>
    <SubTexture name="layer_001_png" x="487" y="319" width="23" height="29"/>
    <SubTexture name="layer_002_png" x="490" y="350" width="20" height="24"/>
    <SubTexture name="layer_003_png" x="465" y="448" width="31" height="17"/>
    <SubTexture name="layer_004_png" x="271" y="447" width="18" height="44"/>
    <SubTexture name="layer_005_png" x="155" y="494" width="39" height="16"/>
    <SubTexture name="layer_006_png" x="286" y="384" width="53" height="42"/>
    <SubTexture name="layer_007_png" x="271" y="493" width="32" height="17"/>
    <SubTexture name="layer_008_png" x="341" y="384" width="51" height="44"/>
    <SubTexture name="layer_009_png" x="457" y="488" width="24" height="19"/>
    <SubTexture name="layer_010_png" x="373" y="437" width="29" height="24"/>
    <SubTexture name="layer_011_png" x="404" y="460" width="26" height="21"/>
    <SubTexture name="layer_012_png" x="216" y="403" width="48" height="50"/>
    <SubTexture name="layer_013_png" x="394" y="407" width="36" height="28"/>
    <SubTexture name="layer_014_png" x="404" y="483" width="25" height="19"/>
    <SubTexture name="layer_015_png" x="340" y="430" width="31" height="23"/>
    <SubTexture name="layer_016_png" x="432" y="465" width="29" height="21"/>
    <SubTexture name="layer_017_png" x="340" y="476" width="27" height="19"/>
    <SubTexture name="layer_018_png" x="436" y="225" width="61" height="42"/>
    <SubTexture name="layer_019_png" x="106" y="472" width="47" height="34"/>
    <SubTexture name="layer_020_png" x="388" y="312" width="47" height="65"/>
    <SubTexture name="layer_021_png" x="297" y="326" width="89" height="56"/>
    <SubTexture name="layer_022_png" x="297" y="252" width="76" height="72"/>
    <SubTexture name="layer_023_png" x="141" y="284" width="59" height="117"/>
    <SubTexture name="layer_024_png" x="376" y="107" width="49" height="59"/>
    <SubTexture name="layer_025_png" x="216" y="455" width="53" height="42"/>
    <SubTexture name="layer_026_png" x="321" y="444" width="17" height="32"/>
    <SubTexture name="layer_027_png" x="437" y="351" width="51" height="44"/>
    <SubTexture name="layer_028_png" x="431" y="488" width="24" height="19"/>
    <SubTexture name="layer_029_png" x="472" y="397" width="29" height="24"/>
    <SubTexture name="layer_030_png" x="404" y="437" width="26" height="21"/>
    <SubTexture name="layer_031_png" x="437" y="300" width="48" height="49"/>
    <SubTexture name="layer_032_png" x="291" y="444" width="28" height="34"/>
    <SubTexture name="layer_033_png" x="369" y="486" width="25" height="19"/>
    <SubTexture name="layer_034_png" x="466" y="423" width="31" height="23"/>
    <SubTexture name="layer_035_png" x="373" y="463" width="29" height="21"/>
    <SubTexture name="layer_036_png" x="463" y="467" width="27" height="19"/>
    <SubTexture name="layer_037_png" x="155" y="472" width="53" height="20"/>
    <SubTexture name="layer_038_png" x="257" y="238" width="38" height="104"/>
    <SubTexture name="layer_039_png" x="163" y="134" width="71" height="122"/>
    <SubTexture name="layer_040_png" x="202" y="258" width="53" height="110"/>
    <SubTexture name="layer_041_png" x="2" y="472" width="102" height="38"/>
    <SubTexture name="layer_042_png" x="2" y="134" width="159" height="148"/>
    <SubTexture name="layer_043_png" x="375" y="237" width="43" height="73"/>
    <SubTexture name="layer_044_png" x="178" y="403" width="36" height="67"/>
    <SubTexture name="layer_045_png" x="305" y="486" width="23" height="24"/>
    <SubTexture name="layer_046_png" x="249" y="107" width="125" height="49"/>
    <SubTexture name="layer_047_png" x="2" y="2" width="245" height="130"/>
    <SubTexture name="layer_048_png" x="2" y="403" width="174" height="67"/>
    <SubTexture name="layer_049_png" x="236" y="158" width="76" height="78"/>
    <SubTexture name="layer_050_png" x="372" y="168" width="62" height="67"/>
    <SubTexture name="layer_051_png" x="202" y="370" width="33" height="31"/>
    <SubTexture name="layer_052_png" x="249" y="2" width="187" height="103"/>
    <SubTexture name="layer_053_png" x="436" y="181" width="65" height="42"/>
    <SubTexture name="layer_054_png" x="236" y="153" width="9" height="3"/>
    <SubTexture name="layer_055_png" x="236" y="134" width="5" height="17"/>
    <SubTexture name="layer_056_png" x="438" y="2" width="61" height="132"/>
    <SubTexture name="layer_057_png" x="487" y="288" width="23" height="29"/>
    <SubTexture name="layer_058_png" x="483" y="488" width="24" height="20"/>
    <SubTexture name="layer_059_png" x="432" y="446" width="31" height="17"/>
    <SubTexture name="layer_060_png" x="266" y="401" width="18" height="44"/>
    <SubTexture name="layer_061_png" x="286" y="428" width="39" height="14"/>
    <SubTexture name="layer_062_png" x="436" y="136" width="71" height="43"/>
    <SubTexture name="layer_063_png" x="2" y="284" width="137" height="117"/>
    <SubTexture name="layer_064_png" x="432" y="420" width="32" height="24"/>
    <SubTexture name="layer_065_png" x="420" y="237" width="14" height="26"/>
    <SubTexture name="layer_066_png" x="464" y="269" width="46" height="17"/>
    <SubTexture name="layer_067_png" x="499" y="225" width="11" height="28"/>
    <SubTexture name="layer_068_png" x="314" y="158" width="56" height="92"/>
</TextureAtlas>
