<?xml version="1.0" encoding="UTF-8"?>
<!-- Created with TexturePacker http://www.codeandweb.com/texturepacker-->
<!-- $TexturePacker:SmartUpdate:1f22aebe987820445df324d95550742c:566b008db7e3b6597b23f2c1073c2ab8:f4fab336795403eac7f59fc4a8d37cff$ -->
<TextureAtlas imagePath="1649_dragon_friendship_1_HD_tweened_dxt5_map.dds" scale="1.171875">
    <SubTexture name="layer_001_png" x="270" y="480" width="23" height="30"/>
    <SubTexture name="layer_002_png" x="353" y="427" width="21" height="24"/>
    <SubTexture name="layer_003_png" x="419" y="483" width="31" height="17"/>
    <SubTexture name="layer_004_png" x="333" y="435" width="18" height="45"/>
    <SubTexture name="layer_005_png" x="226" y="471" width="39" height="16"/>
    <SubTexture name="layer_006_png" x="278" y="435" width="53" height="43"/>
    <SubTexture name="layer_007_png" x="144" y="481" width="32" height="17"/>
    <SubTexture name="layer_008_png" x="377" y="400" width="52" height="45"/>
    <SubTexture name="layer_009_png" x="486" y="460" width="24" height="19"/>
    <SubTexture name="layer_010_png" x="295" y="480" width="30" height="24"/>
    <SubTexture name="layer_011_png" x="359" y="479" width="26" height="22"/>
    <SubTexture name="layer_012_png" x="431" y="413" width="49" height="51"/>
    <SubTexture name="layer_013_png" x="2" y="481" width="37" height="29"/>
    <SubTexture name="layer_014_png" x="479" y="487" width="25" height="19"/>
    <SubTexture name="layer_015_png" x="378" y="447" width="31" height="23"/>
    <SubTexture name="layer_016_png" x="387" y="472" width="30" height="22"/>
    <SubTexture name="layer_017_png" x="482" y="315" width="28" height="19"/>
    <SubTexture name="layer_018_png" x="382" y="109" width="62" height="43"/>
    <SubTexture name="layer_019_png" x="393" y="363" width="48" height="35"/>
    <SubTexture name="layer_020_png" x="393" y="295" width="48" height="66"/>
    <SubTexture name="layer_021_png" x="300" y="331" width="91" height="57"/>
    <SubTexture name="layer_022_png" x="300" y="256" width="77" height="73"/>
    <SubTexture name="layer_023_png" x="143" y="289" width="60" height="119"/>
    <SubTexture name="layer_024_png" x="226" y="409" width="50" height="60"/>
    <SubTexture name="layer_025_png" x="453" y="249" width="53" height="43"/>
    <SubTexture name="layer_026_png" x="205" y="376" width="17" height="32"/>
    <SubTexture name="layer_027_png" x="443" y="366" width="52" height="45"/>
    <SubTexture name="layer_028_png" x="460" y="466" width="24" height="19"/>
    <SubTexture name="layer_029_png" x="260" y="350" width="30" height="24"/>
    <SubTexture name="layer_030_png" x="482" y="336" width="26" height="22"/>
    <SubTexture name="layer_031_png" x="382" y="154" width="49" height="50"/>
    <SubTexture name="layer_032_png" x="346" y="390" width="29" height="35"/>
    <SubTexture name="layer_033_png" x="452" y="487" width="25" height="19"/>
    <SubTexture name="layer_034_png" x="178" y="487" width="31" height="23"/>
    <SubTexture name="layer_035_png" x="327" y="482" width="30" height="22"/>
    <SubTexture name="layer_036_png" x="482" y="294" width="28" height="19"/>
    <SubTexture name="layer_037_png" x="41" y="481" width="53" height="21"/>
    <SubTexture name="layer_038_png" x="260" y="242" width="38" height="106"/>
    <SubTexture name="layer_039_png" x="165" y="136" width="72" height="124"/>
    <SubTexture name="layer_040_png" x="205" y="262" width="53" height="112"/>
    <SubTexture name="layer_041_png" x="377" y="209" width="104" height="38"/>
    <SubTexture name="layer_042_png" x="2" y="136" width="161" height="151"/>
    <SubTexture name="layer_043_png" x="180" y="410" width="44" height="75"/>
    <SubTexture name="layer_044_png" x="443" y="295" width="37" height="69"/>
    <SubTexture name="layer_045_png" x="353" y="453" width="23" height="24"/>
    <SubTexture name="layer_046_png" x="253" y="109" width="127" height="50"/>
    <SubTexture name="layer_047_png" x="2" y="2" width="249" height="132"/>
    <SubTexture name="layer_048_png" x="2" y="410" width="176" height="69"/>
    <SubTexture name="layer_049_png" x="239" y="161" width="77" height="79"/>
    <SubTexture name="layer_050_png" x="446" y="138" width="63" height="69"/>
    <SubTexture name="layer_051_png" x="224" y="376" width="33" height="31"/>
    <SubTexture name="layer_052_png" x="253" y="2" width="191" height="105"/>
    <SubTexture name="layer_053_png" x="278" y="390" width="66" height="43"/>
    <SubTexture name="layer_054_png" x="259" y="404" width="9" height="3"/>
    <SubTexture name="layer_055_png" x="239" y="136" width="5" height="17"/>
    <SubTexture name="layer_056_png" x="446" y="2" width="62" height="134"/>
    <SubTexture name="layer_057_png" x="483" y="209" width="23" height="30"/>
    <SubTexture name="layer_058_png" x="211" y="489" width="24" height="21"/>
    <SubTexture name="layer_059_png" x="237" y="489" width="31" height="17"/>
    <SubTexture name="layer_060_png" x="482" y="413" width="18" height="45"/>
    <SubTexture name="layer_061_png" x="419" y="466" width="39" height="15"/>
    <SubTexture name="layer_062_png" x="379" y="249" width="72" height="44"/>
    <SubTexture name="layer_063_png" x="2" y="289" width="139" height="119"/>
    <SubTexture name="layer_064_png" x="165" y="262" width="32" height="24"/>
    <SubTexture name="layer_065_png" x="259" y="376" width="15" height="26"/>
    <SubTexture name="layer_066_png" x="96" y="481" width="46" height="17"/>
    <SubTexture name="layer_067_png" x="433" y="154" width="11" height="29"/>
    <SubTexture name="layer_068_png" x="318" y="161" width="57" height="93"/>
</TextureAtlas>
