<?xml version="1.0" encoding="UTF-8"?>
<!-- Created with TexturePacker http://www.codeandweb.com/texturepacker-->
<!-- $TexturePacker:SmartUpdate:57ae3cefca309438c000850e4475ba26:b5cec50fb5d5b217a08b45abc96bcd61:146e119603c3f5e52d0abf922592685b$ -->
<TextureAtlas imagePath="1163_dragon_war_3_HD_tweened_dxt5.dds" scale="0.80859375">
    <SubTexture name="SPAM_RearrangedBitmap1101841976" x="973" y="544" width="47" height="30"/>
    <SubTexture name="SPAM_RearrangedBitmap1236621671" x="824" y="240" width="136" height="133" frameX="0" frameY="0" frameWidth="138" frameHeight="137"/>
    <SubTexture name="SPAM_RearrangedBitmap1542957562" x="973" y="501" width="46" height="41"/>
    <SubTexture name="SPAM_RearrangedBitmap1671734047" x="924" y="956" width="54" height="54"/>
    <SubTexture name="SPAM_RearrangedBitmap1791443364" x="612" y="414" width="217" height="184" frameX="0" frameY="0" frameWidth="219" frameHeight="186"/>
    <SubTexture name="SPAM_RearrangedBitmap2109201241" x="870" y="922" width="52" height="58"/>
    <SubTexture name="SPAM_RearrangedBitmap2765236914" x="583" y="914" width="97" height="53" frameX="0" frameY="0" frameWidth="99" frameHeight="55"/>
    <SubTexture name="SPAM_RearrangedBitmap29130765" x="974" y="783" width="32" height="21"/>
    <SubTexture name="SPAM_RearrangedBitmap2989518749" x="505" y="663" width="101" height="125" frameX="0" frameY="0" frameWidth="103" frameHeight="127"/>
    <SubTexture name="SPAM_RearrangedBitmap3277260825" x="682" y="914" width="96" height="70"/>
    <SubTexture name="SPAM_RearrangedBitmap3672508151" x="973" y="576" width="40" height="17"/>
    <SubTexture name="SPAM_RearrangedBitmap3758818261" x="831" y="510" width="140" height="100"/>
    <SubTexture name="SPAM_RearrangedBitmap3996843562" x="2" y="230" width="267" height="216" frameX="0" frameY="0" frameWidth="269" frameHeight="218"/>
    <SubTexture name="SPAM_RearrangedBitmap4013989714" x="961" y="443" width="44" height="56"/>
    <SubTexture name="SPAM_RearrangedBitmap4077509624" x="961" y="385" width="44" height="56"/>
    <SubTexture name="SPAM_RearrangedBitmap4326876870" x="780" y="922" width="88" height="59"/>
    <SubTexture name="SPAM_RearrangedBitmap4456335529" x="962" y="353" width="47" height="30"/>
    <SubTexture name="SPAM_RearrangedBitmap4482183566" x="413" y="972" width="46" height="41"/>
    <SubTexture name="SPAM_RearrangedBitmap4950982043" x="271" y="423" width="240" height="218" frameX="0" frameY="0" frameWidth="242" frameHeight="220"/>
    <SubTexture name="SPAM_RearrangedBitmap5076510266" x="513" y="423" width="97" height="238" frameX="0" frameY="0" frameWidth="99" frameHeight="240"/>
    <SubTexture name="SPAM_RearrangedBitmap5197288459" x="2" y="866" width="194" height="86" frameX="0" frameY="0" frameWidth="196" frameHeight="88"/>
    <SubTexture name="SPAM_RearrangedBitmap5265554453" x="198" y="866" width="63" height="87"/>
    <SubTexture name="SPAM_RearrangedBitmap5285004386" x="552" y="2" width="273" height="209" frameX="0" frameY="0" frameWidth="275" frameHeight="211"/>
    <SubTexture name="SPAM_RearrangedBitmap5377896167" x="827" y="612" width="101" height="101" frameX="0" frameY="0" frameWidth="103" frameHeight="103"/>
    <SubTexture name="SPAM_RearrangedBitmap5516101102" x="194" y="955" width="59" height="58"/>
    <SubTexture name="SPAM_RearrangedBitmap5556315498" x="827" y="715" width="103" height="95"/>
    <SubTexture name="SPAM_RearrangedBitmap5584909574" x="485" y="893" width="96" height="70"/>
    <SubTexture name="SPAM_RearrangedBitmap5603749268" x="962" y="293" width="59" height="58"/>
    <SubTexture name="SPAM_RearrangedBitmap5670693666" x="896" y="886" width="84" height="12"/>
    <SubTexture name="SPAM_RearrangedBitmap595760024" x="485" y="965" width="36" height="16"/>
    <SubTexture name="SPAM_RearrangedBitmap6292116069" x="930" y="612" width="75" height="90" frameX="0" frameY="0" frameWidth="77" frameHeight="92"/>
    <SubTexture name="SPAM_RearrangedBitmap6511328016" x="2" y="448" width="266" height="209" frameX="0" frameY="0" frameWidth="268" frameHeight="211"/>
    <SubTexture name="SPAM_RearrangedBitmap6576889203" x="344" y="1006" width="36" height="16"/>
    <SubTexture name="SPAM_RearrangedBitmap660654836" x="273" y="643" width="230" height="195" frameX="0" frameY="0" frameWidth="232" frameHeight="199"/>
    <SubTexture name="SPAM_RearrangedBitmap663513224" x="275" y="2" width="275" height="213" frameX="0" frameY="0" frameWidth="277" frameHeight="215"/>
    <SubTexture name="SPAM_RearrangedBitmap669860168" x="374" y="913" width="109" height="57"/>
    <SubTexture name="SPAM_RearrangedBitmap6771352062" x="505" y="790" width="101" height="101" frameX="0" frameY="0" frameWidth="103" frameHeight="103"/>
    <SubTexture name="SPAM_RearrangedBitmap6871806784" x="932" y="704" width="69" height="77" frameX="0" frameY="0" frameWidth="71" frameHeight="79"/>
    <SubTexture name="SPAM_RearrangedBitmap6983673924" x="255" y="972" width="87" height="35"/>
    <SubTexture name="SPAM_RearrangedBitmap7049435845" x="608" y="781" width="197" height="77" frameX="0" frameY="0" frameWidth="199" frameHeight="79"/>
    <SubTexture name="SPAM_RearrangedBitmap7387235996" x="2" y="2" width="271" height="226" frameX="0" frameY="0" frameWidth="275" frameHeight="228"/>
    <SubTexture name="SPAM_RearrangedBitmap7419318374" x="932" y="783" width="40" height="17"/>
    <SubTexture name="SPAM_RearrangedBitmap7895575093" x="2" y="954" width="190" height="68"/>
    <SubTexture name="SPAM_RearrangedBitmap8126970198" x="382" y="1006" width="12" height="16"/>
    <SubTexture name="SPAM_RearrangedBitmap8449238453" x="344" y="972" width="67" height="32"/>
    <SubTexture name="SPAM_RearrangedBitmap8562457731" x="612" y="600" width="213" height="179" frameX="0" frameY="0" frameWidth="215" frameHeight="181"/>
    <SubTexture name="SPAM_RearrangedBitmap8653180432" x="608" y="860" width="197" height="52"/>
    <SubTexture name="SPAM_RearrangedBitmap8695154848" x="831" y="375" width="128" height="133" frameX="0" frameY="0" frameWidth="130" frameHeight="135"/>
    <SubTexture name="SPAM_RearrangedBitmap9133181788" x="263" y="913" width="109" height="57"/>
    <SubTexture name="SPAM_RearrangedBitmap9280296696" x="553" y="213" width="269" height="199" frameX="0" frameY="0" frameWidth="271" frameHeight="201"/>
    <SubTexture name="SPAM_RearrangedBitmap9443806021" x="827" y="2" width="173" height="236" frameX="0" frameY="0" frameWidth="175" frameHeight="238"/>
    <SubTexture name="SPAM_RearrangedBitmap9496328720" x="275" y="217" width="276" height="204" frameX="0" frameY="0" frameWidth="278" frameHeight="208"/>
    <SubTexture name="SPAM_RearrangedBitmap9645380225" x="807" y="812" width="87" height="108" frameX="0" frameY="0" frameWidth="89" frameHeight="110"/>
    <SubTexture name="SPAM_RearrangedBitmap9649242495" x="896" y="812" width="79" height="72"/>
    <SubTexture name="SPAM_RearrangedBitmap9708525171" x="273" y="840" width="200" height="71"/>
    <SubTexture name="SPAM_RearrangedBitmap9778228021" x="2" y="659" width="269" height="205" frameX="0" frameY="0" frameWidth="273" frameHeight="207"/>
    <SubTexture name="SPAM_RearrangedBitmap9943812345" x="924" y="900" width="54" height="54"/>
    <SubTexture name="SPAM_RearrangedBitmap9992403159" x="962" y="240" width="60" height="51"/>
</TextureAtlas>
