<?xml version="1.0" encoding="UTF-8"?>
<!-- Created with TexturePacker http://www.codeandweb.com/texturepacker-->
<!-- $TexturePacker:SmartUpdate:98632bada295440545488dc0675cf78d:c30fe7edfc712dc9ca3c05c85687c268:82c220f35adcf08afd18a2575264501d$ -->
<TextureAtlas imagePath="1163_dragon_war_3_HD_tweened_dxt5_map.dds" scale="1.03100585938">
    <SubTexture name="SPAM_RearrangedBitmap1101841976" x="416" y="471" width="60" height="39"/>
    <SubTexture name="SPAM_RearrangedBitmap1542957562" x="416" y="417" width="58" height="52"/>
    <SubTexture name="SPAM_RearrangedBitmap1671734047" x="285" y="403" width="69" height="70"/>
    <SubTexture name="SPAM_RearrangedBitmap2109201241" x="135" y="313" width="67" height="74"/>
    <SubTexture name="SPAM_RearrangedBitmap29130765" x="356" y="402" width="41" height="27"/>
    <SubTexture name="SPAM_RearrangedBitmap3277260825" x="266" y="237" width="122" height="89"/>
    <SubTexture name="SPAM_RearrangedBitmap3672508151" x="267" y="475" width="51" height="22"/>
    <SubTexture name="SPAM_RearrangedBitmap3758818261" x="2" y="184" width="179" height="127"/>
    <SubTexture name="SPAM_RearrangedBitmap4013989714" x="156" y="430" width="56" height="72"/>
    <SubTexture name="SPAM_RearrangedBitmap4077509624" x="345" y="328" width="56" height="72"/>
    <SubTexture name="SPAM_RearrangedBitmap4326876870" x="390" y="165" width="113" height="76"/>
    <SubTexture name="SPAM_RearrangedBitmap4456335529" x="135" y="389" width="60" height="39"/>
    <SubTexture name="SPAM_RearrangedBitmap4482183566" x="356" y="431" width="58" height="52"/>
    <SubTexture name="SPAM_RearrangedBitmap5265554453" x="183" y="184" width="81" height="111"/>
    <SubTexture name="SPAM_RearrangedBitmap5516101102" x="79" y="436" width="75" height="74"/>
    <SubTexture name="SPAM_RearrangedBitmap5556315498" x="2" y="313" width="131" height="121"/>
    <SubTexture name="SPAM_RearrangedBitmap5584909574" x="266" y="146" width="122" height="89"/>
    <SubTexture name="SPAM_RearrangedBitmap5603749268" x="2" y="436" width="75" height="74"/>
    <SubTexture name="SPAM_RearrangedBitmap5670693666" x="390" y="290" width="108" height="15"/>
    <SubTexture name="SPAM_RearrangedBitmap595760024" x="320" y="485" width="46" height="20"/>
    <SubTexture name="SPAM_RearrangedBitmap6576889203" x="204" y="297" width="46" height="20"/>
    <SubTexture name="SPAM_RearrangedBitmap669860168" x="204" y="328" width="139" height="73"/>
    <SubTexture name="SPAM_RearrangedBitmap6983673924" x="390" y="243" width="111" height="45"/>
    <SubTexture name="SPAM_RearrangedBitmap7419318374" x="214" y="475" width="51" height="22"/>
    <SubTexture name="SPAM_RearrangedBitmap7895575093" x="2" y="95" width="243" height="87"/>
    <SubTexture name="SPAM_RearrangedBitmap8126970198" x="197" y="403" width="15" height="20"/>
    <SubTexture name="SPAM_RearrangedBitmap8449238453" x="403" y="374" width="86" height="41"/>
    <SubTexture name="SPAM_RearrangedBitmap8653180432" x="259" y="2" width="251" height="67"/>
    <SubTexture name="SPAM_RearrangedBitmap9133181788" x="259" y="71" width="139" height="73"/>
    <SubTexture name="SPAM_RearrangedBitmap9649242495" x="400" y="71" width="101" height="92"/>
    <SubTexture name="SPAM_RearrangedBitmap9708525171" x="2" y="2" width="255" height="91"/>
    <SubTexture name="SPAM_RearrangedBitmap9943812345" x="214" y="403" width="69" height="70"/>
    <SubTexture name="SPAM_RearrangedBitmap9992403159" x="403" y="307" width="77" height="65"/>
</TextureAtlas>
