<?xml version="1.0" encoding="UTF-8"?>
<!-- Created with TexturePacker http://www.codeandweb.com/texturepacker-->
<!-- $TexturePacker:SmartUpdate:e089b0ce56fe81b4053645f4652597b0:52a92d9328526cf1e95770c46a28c8ac:403f834e7f7526e1b7eb2f09c7937cd8$ -->
<TextureAtlas imagePath="1193_dragon_darkstone_b_3_HD_tweened_dxt5.dds" scale="1.234375">
    <SubTexture name="SPAM_RearrangedBitmap1006995913_fx" x="346" y="213" width="61" height="67" frameX="-1" frameY="0" frameWidth="67" frameHeight="71"/>
    <SubTexture name="SPAM_RearrangedBitmap1014470135" x="187" y="2" width="130" height="124"/>
    <SubTexture name="SPAM_RearrangedBitmap101465877" x="2" y="2" width="183" height="182"/>
    <SubTexture name="SPAM_RearrangedBitmap1026128579_fx" x="372" y="454" width="35" height="38" frameX="-4" frameY="-5" frameWidth="53" frameHeight="58"/>
    <SubTexture name="SPAM_RearrangedBitmap1101841976_fx" x="390" y="342" width="26" height="27" frameX="-2" frameY="-2" frameWidth="38" frameHeight="39"/>
    <SubTexture name="SPAM_RearrangedBitmap1236621671_fx" x="431" y="128" width="56" height="21" frameX="-1" frameY="-1" frameWidth="64" frameHeight="27"/>
    <SubTexture name="SPAM_RearrangedBitmap1490119599_fx" x="319" y="112" width="78" height="70" frameX="0" frameY="0" frameWidth="80" frameHeight="76"/>
    <SubTexture name="SPAM_RearrangedBitmap1542957562_fx" x="492" y="433" width="17" height="17" frameX="-1" frameY="-1" frameWidth="25" frameHeight="25"/>
    <SubTexture name="SPAM_RearrangedBitmap1663709825" x="358" y="412" width="6" height="3"/>
    <SubTexture name="SPAM_RearrangedBitmap1671734047_fx" x="493" y="370" width="17" height="17" frameX="-1" frameY="-1" frameWidth="25" frameHeight="25"/>
    <SubTexture name="SPAM_RearrangedBitmap1894464784_fx" x="450" y="308" width="31" height="32" frameX="-2" frameY="-3" frameWidth="43" frameHeight="46"/>
    <SubTexture name="SPAM_RearrangedBitmap2109201241_fx" x="385" y="184" width="26" height="27" frameX="-2" frameY="-2" frameWidth="38" frameHeight="39"/>
    <SubTexture name="SPAM_RearrangedBitmap2229528892" x="496" y="389" width="14" height="17"/>
    <SubTexture name="SPAM_RearrangedBitmap2427778940" x="450" y="66" width="49" height="60"/>
    <SubTexture name="SPAM_RearrangedBitmap2689846847" x="413" y="182" width="16" height="13"/>
    <SubTexture name="SPAM_RearrangedBitmap2765236914" x="450" y="2" width="58" height="62"/>
    <SubTexture name="SPAM_RearrangedBitmap2882289824" x="431" y="367" width="35" height="23"/>
    <SubTexture name="SPAM_RearrangedBitmap29130765_fx" x="445" y="253" width="33" height="34" frameX="-2" frameY="-4" frameWidth="45" frameHeight="50"/>
    <SubTexture name="SPAM_RearrangedBitmap2943053712_fx" x="409" y="217" width="34" height="37" frameX="-4" frameY="-4" frameWidth="50" frameHeight="55"/>
    <SubTexture name="SPAM_RearrangedBitmap2950249609" x="138" y="221" width="125" height="106"/>
    <SubTexture name="SPAM_RearrangedBitmap2989518749_fx" x="301" y="313" width="28" height="14" frameX="0" frameY="-1" frameWidth="34" frameHeight="20"/>
    <SubTexture name="SPAM_RearrangedBitmap3144694356" x="455" y="342" width="35" height="23"/>
    <SubTexture name="SPAM_RearrangedBitmap3398388945" x="187" y="435" width="96" height="71"/>
    <SubTexture name="SPAM_RearrangedBitmap3436543386" x="450" y="66" width="49" height="60"/>
    <SubTexture name="SPAM_RearrangedBitmap3672508151_fx" x="483" y="182" width="27" height="29" frameX="-2" frameY="-2" frameWidth="39" frameHeight="41"/>
    <SubTexture name="SPAM_RearrangedBitmap3944694877_fx" x="409" y="449" width="34" height="37" frameX="-3" frameY="-4" frameWidth="48" frameHeight="53"/>
    <SubTexture name="SPAM_RearrangedBitmap3996843562_fx" x="138" y="186" width="40" height="24" frameX="0" frameY="-1" frameWidth="46" frameHeight="30"/>
    <SubTexture name="SPAM_RearrangedBitmap4013989714_fx" x="402" y="410" width="34" height="37" frameX="-3" frameY="-4" frameWidth="48" frameHeight="53"/>
    <SubTexture name="SPAM_RearrangedBitmap4077509624_fx" x="395" y="371" width="34" height="37" frameX="-4" frameY="-4" frameWidth="50" frameHeight="55"/>
    <SubTexture name="SPAM_RearrangedBitmap4326876870_fx" x="445" y="443" width="23" height="23" frameX="-1" frameY="-2" frameWidth="33" frameHeight="33"/>
    <SubTexture name="SPAM_RearrangedBitmap4381861515" x="372" y="412" width="28" height="40"/>
    <SubTexture name="SPAM_RearrangedBitmap4404793913" x="329" y="372" width="27" height="43"/>
    <SubTexture name="SPAM_RearrangedBitmap4456335529_fx" x="471" y="392" width="23" height="23" frameX="-1" frameY="-2" frameWidth="33" frameHeight="33"/>
    <SubTexture name="SPAM_RearrangedBitmap4482183566_fx" x="470" y="463" width="20" height="20" frameX="-1" frameY="-1" frameWidth="28" frameHeight="28"/>
    <SubTexture name="SPAM_RearrangedBitmap4513256437" x="448" y="488" width="22" height="22"/>
    <SubTexture name="SPAM_RearrangedBitmap4857089301" x="431" y="112" width="12" height="14"/>
    <SubTexture name="SPAM_RearrangedBitmap4950982043" x="438" y="419" width="29" height="22" frameX="0" frameY="0" frameWidth="39" frameHeight="28"/>
    <SubTexture name="SPAM_RearrangedBitmap5076510266_fx" x="318" y="184" width="65" height="27" frameX="-1" frameY="-1" frameWidth="71" frameHeight="33"/>
    <SubTexture name="SPAM_RearrangedBitmap5197288459" x="187" y="128" width="129" height="91"/>
    <SubTexture name="SPAM_RearrangedBitmap5265554453_fx" x="480" y="251" width="30" height="32" frameX="-1" frameY="-2" frameWidth="40" frameHeight="44"/>
    <SubTexture name="SPAM_RearrangedBitmap5285004386_fx" x="331" y="313" width="13" height="14" frameX="0" frameY="-1" frameWidth="19" frameHeight="20"/>
    <SubTexture name="SPAM_RearrangedBitmap5377896167" x="438" y="392" width="31" height="25" frameX="-1" frameY="0" frameWidth="37" frameHeight="29"/>
    <SubTexture name="SPAM_RearrangedBitmap5477352691" x="399" y="112" width="30" height="44"/>
    <SubTexture name="SPAM_RearrangedBitmap5516101102_fx" x="470" y="441" width="20" height="20" frameX="-2" frameY="-2" frameWidth="30" frameHeight="30"/>
    <SubTexture name="SPAM_RearrangedBitmap5556315498_fx" x="417" y="308" width="31" height="32" frameX="-2" frameY="-3" frameWidth="43" frameHeight="46"/>
    <SubTexture name="SPAM_RearrangedBitmap5603749268_fx" x="483" y="309" width="25" height="25" frameX="-1" frameY="-2" frameWidth="35" frameHeight="37"/>
    <SubTexture name="SPAM_RearrangedBitmap5670693666_fx" x="438" y="199" width="43" height="16" frameX="-1" frameY="0" frameWidth="49" frameHeight="22"/>
    <SubTexture name="SPAM_RearrangedBitmap5760018857" x="346" y="282" width="69" height="58"/>
    <SubTexture name="SPAM_RearrangedBitmap5775007928" x="137" y="435" width="48" height="75"/>
    <SubTexture name="SPAM_RearrangedBitmap595760024_fx" x="492" y="452" width="15" height="16" frameX="-1" frameY="0" frameWidth="23" frameHeight="22"/>
    <SubTexture name="SPAM_RearrangedBitmap6292116069_fx" x="372" y="494" width="43" height="16" frameX="0" frameY="-1" frameWidth="49" frameHeight="22"/>
    <SubTexture name="SPAM_RearrangedBitmap6413044178" x="2" y="423" width="133" height="85"/>
    <SubTexture name="SPAM_RearrangedBitmap6511328016_fx" x="399" y="158" width="29" height="22" frameX="0" frameY="0" frameWidth="35" frameHeight="28"/>
    <SubTexture name="SPAM_RearrangedBitmap6576889203" x="417" y="488" width="29" height="22" frameX="0" frameY="0" frameWidth="39" frameHeight="28"/>
    <SubTexture name="SPAM_RearrangedBitmap6601560834" x="319" y="2" width="129" height="108"/>
    <SubTexture name="SPAM_RearrangedBitmap6614714115" x="265" y="221" width="79" height="90"/>
    <SubTexture name="SPAM_RearrangedBitmap663513224_fx" x="445" y="468" width="22" height="18" frameX="0" frameY="-1" frameWidth="28" frameHeight="24"/>
    <SubTexture name="SPAM_RearrangedBitmap6635639284" x="285" y="417" width="85" height="86"/>
    <SubTexture name="SPAM_RearrangedBitmap6871806784_fx" x="431" y="151" width="50" height="18" frameX="-1" frameY="0" frameWidth="56" frameHeight="24"/>
    <SubTexture name="SPAM_RearrangedBitmap6983673924_fx" x="417" y="281" width="25" height="25" frameX="-1" frameY="-2" frameWidth="35" frameHeight="37"/>
    <SubTexture name="SPAM_RearrangedBitmap7049435845" x="187" y="128" width="129" height="91"/>
    <SubTexture name="SPAM_RearrangedBitmap7168624658" x="329" y="329" width="13" height="11"/>
    <SubTexture name="SPAM_RearrangedBitmap7172438546" x="492" y="336" width="18" height="13"/>
    <SubTexture name="SPAM_RearrangedBitmap7387235996_fx" x="409" y="256" width="34" height="23" frameX="-1" frameY="0" frameWidth="40" frameHeight="29"/>
    <SubTexture name="SPAM_RearrangedBitmap7419318374_fx" x="480" y="217" width="30" height="32" frameX="-1" frameY="-2" frameWidth="40" frameHeight="44"/>
    <SubTexture name="SPAM_RearrangedBitmap7592890683" x="418" y="342" width="35" height="23"/>
    <SubTexture name="SPAM_RearrangedBitmap7775137272" x="242" y="329" width="85" height="86"/>
    <SubTexture name="SPAM_RearrangedBitmap7955171125" x="2" y="313" width="133" height="108"/>
    <SubTexture name="SPAM_RearrangedBitmap8004335264" x="137" y="329" width="103" height="104"/>
    <SubTexture name="SPAM_RearrangedBitmap8126970198_fx" x="242" y="417" width="38" height="16" frameX="0" frameY="-1" frameWidth="44" frameHeight="22"/>
    <SubTexture name="SPAM_RearrangedBitmap8204493345" x="2" y="186" width="134" height="125" frameX="0" frameY="0" frameWidth="134" frameHeight="127"/>
    <SubTexture name="SPAM_RearrangedBitmap8307186886" x="492" y="470" width="13" height="9"/>
    <SubTexture name="SPAM_RearrangedBitmap8405129396_fx" x="445" y="217" width="33" height="34" frameX="-2" frameY="-4" frameWidth="45" frameHeight="50"/>
    <SubTexture name="SPAM_RearrangedBitmap8449238453_fx" x="483" y="151" width="27" height="29" frameX="-2" frameY="-2" frameWidth="39" frameHeight="41"/>
    <SubTexture name="SPAM_RearrangedBitmap8472535027" x="468" y="367" width="23" height="23"/>
    <SubTexture name="SPAM_RearrangedBitmap8479940241" x="488" y="285" width="22" height="22"/>
    <SubTexture name="SPAM_RearrangedBitmap8695154848_fx" x="491" y="417" width="19" height="14" frameX="-1" frameY="0" frameWidth="25" frameHeight="20"/>
    <SubTexture name="SPAM_RearrangedBitmap9280296696_fx" x="413" y="197" width="15" height="16" frameX="-1" frameY="0" frameWidth="23" frameHeight="22"/>
    <SubTexture name="SPAM_RearrangedBitmap9443806021_fx" x="329" y="342" width="59" height="28" frameX="0" frameY="0" frameWidth="65" frameHeight="32"/>
    <SubTexture name="SPAM_RearrangedBitmap9496328720_fx" x="493" y="351" width="17" height="17" frameX="-1" frameY="-1" frameWidth="23" frameHeight="23"/>
    <SubTexture name="SPAM_RearrangedBitmap9645380225_fx" x="265" y="313" width="34" height="14" frameX="0" frameY="-1" frameWidth="40" frameHeight="20"/>
    <SubTexture name="SPAM_RearrangedBitmap9649242495_fx" x="469" y="419" width="20" height="20" frameX="-2" frameY="-2" frameWidth="30" frameHeight="30"/>
    <SubTexture name="SPAM_RearrangedBitmap9708525171_fx" x="444" y="289" width="42" height="17" frameX="0" frameY="-1" frameWidth="48" frameHeight="25"/>
    <SubTexture name="SPAM_RearrangedBitmap9778228021_fx" x="431" y="171" width="50" height="26" frameX="-1" frameY="0" frameWidth="56" frameHeight="32"/>
    <SubTexture name="SPAM_RearrangedBitmap9943812345_fx" x="489" y="128" width="20" height="20" frameX="-1" frameY="-1" frameWidth="28" frameHeight="28"/>
    <SubTexture name="SPAM_RearrangedBitmap9992403159_fx" x="358" y="372" width="35" height="38" frameX="-4" frameY="-5" frameWidth="53" frameHeight="58"/>
</TextureAtlas>
