<?xml version="1.0" encoding="UTF-8"?>
<!-- Created with TexturePacker http://www.codeandweb.com/texturepacker-->
<!-- $TexturePacker:SmartUpdate:0741e3a0dbfd5f9f80fb186cc8309248:4b3ee55b3f699575834f10c78c076c19:8cb81a21b8b39df47c540a4e958cd559$ -->
<TextureAtlas imagePath="1193_dragon_darkstone_b_3_HD_tweened_dxt5_map.dds" scale="1.51318359375">
    <SubTexture name="SPAM_RearrangedBitmap1014470135" x="229" y="2" width="160" height="152"/>
    <SubTexture name="SPAM_RearrangedBitmap101465877" x="2" y="2" width="225" height="223"/>
    <SubTexture name="SPAM_RearrangedBitmap1663709825" x="309" y="506" width="7" height="4"/>
    <SubTexture name="SPAM_RearrangedBitmap2229528892" x="309" y="483" width="18" height="21"/>
    <SubTexture name="SPAM_RearrangedBitmap2689846847" x="413" y="251" width="19" height="16"/>
    <SubTexture name="SPAM_RearrangedBitmap2765236914" x="251" y="404" width="71" height="77"/>
    <SubTexture name="SPAM_RearrangedBitmap2882289824" x="434" y="221" width="43" height="28"/>
    <SubTexture name="SPAM_RearrangedBitmap2950249609" x="328" y="269" width="154" height="130"/>
    <SubTexture name="SPAM_RearrangedBitmap3144694356" x="389" y="221" width="43" height="28"/>
    <SubTexture name="SPAM_RearrangedBitmap3398388945" x="131" y="404" width="118" height="87"/>
    <SubTexture name="SPAM_RearrangedBitmap4381861515" x="475" y="401" width="34" height="49"/>
    <SubTexture name="SPAM_RearrangedBitmap4513256437" x="280" y="483" width="27" height="27"/>
    <SubTexture name="SPAM_RearrangedBitmap4857089301" x="131" y="382" width="15" height="18"/>
    <SubTexture name="SPAM_RearrangedBitmap5197288459" x="229" y="156" width="158" height="111"/>
    <SubTexture name="SPAM_RearrangedBitmap5760018857" x="328" y="401" width="84" height="71"/>
    <SubTexture name="SPAM_RearrangedBitmap5775007928" x="414" y="401" width="59" height="92"/>
    <SubTexture name="SPAM_RearrangedBitmap6601560834" x="168" y="269" width="158" height="133"/>
    <SubTexture name="SPAM_RearrangedBitmap6614714115" x="391" y="109" width="96" height="110"/>
    <SubTexture name="SPAM_RearrangedBitmap6635639284" x="391" y="2" width="104" height="105"/>
    <SubTexture name="SPAM_RearrangedBitmap7049435845" x="229" y="156" width="158" height="111"/>
    <SubTexture name="SPAM_RearrangedBitmap7168624658" x="131" y="493" width="16" height="13"/>
    <SubTexture name="SPAM_RearrangedBitmap7172438546" x="389" y="251" width="22" height="16"/>
    <SubTexture name="SPAM_RearrangedBitmap7592890683" x="168" y="227" width="43" height="28"/>
    <SubTexture name="SPAM_RearrangedBitmap8004335264" x="2" y="382" width="127" height="128"/>
    <SubTexture name="SPAM_RearrangedBitmap8204493345" x="2" y="227" width="164" height="153" frameX="0" frameY="0" frameWidth="164" frameHeight="155"/>
    <SubTexture name="SPAM_RearrangedBitmap8472535027" x="475" y="452" width="28" height="28"/>
    <SubTexture name="SPAM_RearrangedBitmap8479940241" x="251" y="483" width="27" height="27"/>
</TextureAtlas>
