<?xml version="1.0" encoding="UTF-8"?>
<!-- Created with TexturePacker http://www.codeandweb.com/texturepacker-->
<!-- $TexturePacker:SmartUpdate:01436a5f508a2c1a73c754c7a25a2828:9d18729c4f763a88ae6a416a712042e2:8f41d36e10a385abeb0124996531245c$ -->
<TextureAtlas imagePath="2564_dragon_kingforestservant_3_HD_tweened_dxt5.dds" scale="0.703125">
    <SubTexture name="SPAM_RearrangedBitmap1006995913" x="2" y="495" width="122" height="17" frameX="-4" frameY="-1" frameWidth="130" frameHeight="23"/>
    <SubTexture name="SPAM_RearrangedBitmap1014470135" x="957" y="871" width="17" height="12" frameX="0" frameY="0" frameWidth="19" frameHeight="14"/>
    <SubTexture name="SPAM_RearrangedBitmap1026128579" x="281" y="156" width="169" height="17" frameX="-3" frameY="-1" frameWidth="175" frameHeight="23"/>
    <SubTexture name="SPAM_RearrangedBitmap1038339948" x="67" y="914" width="32" height="81" frameX="-3" frameY="-2" frameWidth="42" frameHeight="89"/>
    <SubTexture name="SPAM_RearrangedBitmap1101841976" x="281" y="2" width="228" height="43" frameX="-1" frameY="-2" frameWidth="236" frameHeight="49"/>
    <SubTexture name="SPAM_RearrangedBitmap1236621671" x="220" y="971" width="43" height="49" frameX="0" frameY="-1" frameWidth="47" frameHeight="53"/>
    <SubTexture name="SPAM_RearrangedBitmap1468123905" x="201" y="626" width="75" height="96" frameX="-8" frameY="-8" frameWidth="95" frameHeight="114"/>
    <SubTexture name="SPAM_RearrangedBitmap1490119599" x="506" y="472" width="110" height="17" frameX="-3" frameY="-1" frameWidth="118" frameHeight="23"/>
    <SubTexture name="SPAM_RearrangedBitmap1542957562" x="658" y="233" width="80" height="70" frameX="-5" frameY="-4" frameWidth="92" frameHeight="84"/>
    <SubTexture name="SPAM_RearrangedBitmap1617093912" x="618" y="472" width="36" height="50"/>
    <SubTexture name="SPAM_RearrangedBitmap1644426770" x="841" y="949" width="59" height="54" frameX="-2" frameY="-5" frameWidth="67" frameHeight="68"/>
    <SubTexture name="SPAM_RearrangedBitmap1663709825" x="360" y="963" width="25" height="59" frameX="-4" frameY="-5" frameWidth="33" frameHeight="71"/>
    <SubTexture name="SPAM_RearrangedBitmap1671734047" x="697" y="1012" width="61" height="10" frameX="0" frameY="0" frameWidth="63" frameHeight="12"/>
    <SubTexture name="SPAM_RearrangedBitmap1745188581" x="101" y="879" width="71" height="90"/>
    <SubTexture name="SPAM_RearrangedBitmap1791443364" x="278" y="797" width="99" height="69" frameX="-2" frameY="-2" frameWidth="105" frameHeight="77"/>
    <SubTexture name="SPAM_RearrangedBitmap1817687916" x="841" y="949" width="59" height="54" frameX="-2" frameY="-5" frameWidth="67" frameHeight="68"/>
    <SubTexture name="SPAM_RearrangedBitmap1894464784" x="2" y="89" width="218" height="36" frameX="-1" frameY="-1" frameWidth="222" frameHeight="42"/>
    <SubTexture name="SPAM_RearrangedBitmap2109201241" x="281" y="175" width="165" height="26" frameX="0" frameY="0" frameWidth="169" frameHeight="28"/>
    <SubTexture name="SPAM_RearrangedBitmap2224299924" x="826" y="595" width="52" height="56" frameX="-2" frameY="-4" frameWidth="60" frameHeight="68"/>
    <SubTexture name="SPAM_RearrangedBitmap2229528892" x="930" y="943" width="25" height="48" frameX="-2" frameY="-5" frameWidth="33" frameHeight="60"/>
    <SubTexture name="SPAM_RearrangedBitmap2396956791" x="504" y="956" width="34" height="66" frameX="-5" frameY="-2" frameWidth="46" frameHeight="76"/>
    <SubTexture name="SPAM_RearrangedBitmap2542424683" x="956" y="905" width="48" height="36" frameX="-5" frameY="-6" frameWidth="62" frameHeight="50"/>
    <SubTexture name="SPAM_RearrangedBitmap2547508502" x="841" y="949" width="59" height="54" frameX="-2" frameY="-5" frameWidth="67" frameHeight="68"/>
    <SubTexture name="SPAM_RearrangedBitmap2588530855" x="500" y="544" width="101" height="99" frameX="-3" frameY="-3" frameWidth="111" frameHeight="107"/>
    <SubTexture name="SPAM_RearrangedBitmap2689846847" x="646" y="769" width="25" height="60" frameX="-4" frameY="-5" frameWidth="33" frameHeight="72"/>
    <SubTexture name="SPAM_RearrangedBitmap2765236914" x="506" y="178" width="150" height="192" frameX="-7" frameY="-6" frameWidth="166" frameHeight="208"/>
    <SubTexture name="SPAM_RearrangedBitmap2882289824" x="880" y="600" width="46" height="28" frameX="0" frameY="0" frameWidth="48" frameHeight="30"/>
    <SubTexture name="SPAM_RearrangedBitmap2887910065" x="656" y="699" width="53" height="40" frameX="-2" frameY="-4" frameWidth="63" frameHeight="52"/>
    <SubTexture name="SPAM_RearrangedBitmap2890277447" x="956" y="905" width="48" height="36" frameX="-5" frameY="-6" frameWidth="62" frameHeight="50"/>
    <SubTexture name="SPAM_RearrangedBitmap29130765" x="740" y="44" width="211" height="12" frameX="0" frameY="0" frameWidth="213" frameHeight="14"/>
    <SubTexture name="SPAM_RearrangedBitmap2943053712" x="740" y="90" width="196" height="19" frameX="-2" frameY="0" frameWidth="202" frameHeight="23"/>
    <SubTexture name="SPAM_RearrangedBitmap2950249609" x="621" y="652" width="13" height="34" frameX="-4" frameY="-5" frameWidth="23" frameHeight="46"/>
    <SubTexture name="SPAM_RearrangedBitmap2989518749" x="437" y="414" width="67" height="41" frameX="0" frameY="-1" frameWidth="71" frameHeight="45"/>
    <SubTexture name="SPAM_RearrangedBitmap3074928153" x="861" y="694" width="43" height="38" frameX="-7" frameY="-1" frameWidth="55" frameHeight="62"/>
    <SubTexture name="SPAM_RearrangedBitmap3135387328" x="673" y="769" width="21" height="60" frameX="-3" frameY="-8" frameWidth="33" frameHeight="74"/>
    <SubTexture name="SPAM_RearrangedBitmap3144694356" x="589" y="742" width="45" height="25" frameX="0" frameY="0" frameWidth="47" frameHeight="27"/>
    <SubTexture name="SPAM_RearrangedBitmap3169798223" x="982" y="794" width="27" height="29" frameX="-5" frameY="-4" frameWidth="39" frameHeight="39"/>
    <SubTexture name="SPAM_RearrangedBitmap3277260825" x="950" y="75" width="72" height="74" frameX="-4" frameY="-3" frameWidth="84" frameHeight="82"/>
    <SubTexture name="SPAM_RearrangedBitmap3381000756" x="780" y="949" width="59" height="54" frameX="-3" frameY="-4" frameWidth="69" frameHeight="62"/>
    <SubTexture name="SPAM_RearrangedBitmap3398388945" x="596" y="955" width="27" height="66" frameX="-3" frameY="-4" frameWidth="37" frameHeight="78"/>
    <SubTexture name="SPAM_RearrangedBitmap3422167223" x="540" y="955" width="27" height="67" frameX="-3" frameY="-3" frameWidth="37" frameHeight="77"/>
    <SubTexture name="SPAM_RearrangedBitmap3672508151" x="281" y="47" width="223" height="43" frameX="0" frameY="0" frameWidth="229" frameHeight="47"/>
    <SubTexture name="SPAM_RearrangedBitmap3758818261" x="130" y="308" width="82" height="77" frameX="-3" frameY="-3" frameWidth="92" frameHeight="87"/>
    <SubTexture name="SPAM_RearrangedBitmap3944694877" x="740" y="71" width="208" height="17" frameX="-2" frameY="0" frameWidth="214" frameHeight="21"/>
    <SubTexture name="SPAM_RearrangedBitmap3996843562" x="871" y="798" width="27" height="35" frameX="-3" frameY="-5" frameWidth="37" frameHeight="45"/>
    <SubTexture name="SPAM_RearrangedBitmap4013989714" x="740" y="2" width="212" height="12" frameX="0" frameY="0" frameWidth="214" frameHeight="14"/>
    <SubTexture name="SPAM_RearrangedBitmap4021824478_fx" x="1006" y="936" width="14" height="12" frameX="0" frameY="-4" frameWidth="14" frameHeight="16"/>
    <SubTexture name="SPAM_RearrangedBitmap4041788806" x="732" y="655" width="58" height="42" frameX="-3" frameY="-6" frameWidth="66" frameHeight="54"/>
    <SubTexture name="SPAM_RearrangedBitmap4044042786" x="956" y="905" width="48" height="36" frameX="-5" frameY="-6" frameWidth="62" frameHeight="50"/>
    <SubTexture name="SPAM_RearrangedBitmap4077509624" x="740" y="30" width="211" height="12" frameX="0" frameY="0" frameWidth="213" frameHeight="14"/>
    <SubTexture name="SPAM_RearrangedBitmap4127728423" x="826" y="547" width="58" height="46" frameX="-9" frameY="-6" frameWidth="76" frameHeight="56"/>
    <SubTexture name="SPAM_RearrangedBitmap4139246856" x="826" y="595" width="52" height="56" frameX="-2" frameY="-4" frameWidth="60" frameHeight="68"/>
    <SubTexture name="SPAM_RearrangedBitmap4324980200" x="981" y="825" width="26" height="28" frameX="-3" frameY="-2" frameWidth="34" frameHeight="34"/>
    <SubTexture name="SPAM_RearrangedBitmap4326876870" x="900" y="1005" width="14" height="16" frameX="0" frameY="0" frameWidth="16" frameHeight="18"/>
    <SubTexture name="SPAM_RearrangedBitmap4381861515" x="589" y="659" width="30" height="81" frameX="-5" frameY="-2" frameWidth="42" frameHeight="89"/>
    <SubTexture name="SPAM_RearrangedBitmap4439738354" x="379" y="738" width="99" height="98" frameX="-3" frameY="-1" frameWidth="107" frameHeight="104"/>
    <SubTexture name="SPAM_RearrangedBitmap4454454777_fx" x="1008" y="876" width="14" height="18"/>
    <SubTexture name="SPAM_RearrangedBitmap4456335529" x="280" y="517" width="110" height="42" frameX="-1" frameY="0" frameWidth="120" frameHeight="46"/>
    <SubTexture name="SPAM_RearrangedBitmap4482183566" x="201" y="557" width="76" height="67" frameX="-4" frameY="-4" frameWidth="92" frameHeight="79"/>
    <SubTexture name="SPAM_RearrangedBitmap4485138479" x="2" y="710" width="103" height="99" frameX="-2" frameY="-2" frameWidth="111" frameHeight="107"/>
    <SubTexture name="SPAM_RearrangedBitmap4509435763_fx" x="636" y="699" width="18" height="18" frameX="-2" frameY="-3" frameWidth="26" frameHeight="26"/>
    <SubTexture name="SPAM_RearrangedBitmap4513256437" x="982" y="774" width="33" height="18" frameX="0" frameY="0" frameWidth="35" frameHeight="20"/>
    <SubTexture name="SPAM_RearrangedBitmap4566884559" x="826" y="595" width="52" height="56" frameX="-2" frameY="-4" frameWidth="60" frameHeight="68"/>
    <SubTexture name="SPAM_RearrangedBitmap4588576241_fx" x="636" y="742" width="25" height="25" frameX="-3" frameY="-3" frameWidth="35" frameHeight="35"/>
    <SubTexture name="SPAM_RearrangedBitmap4603623988" x="278" y="694" width="99" height="101" frameX="-3" frameY="-1" frameWidth="107" frameHeight="107"/>
    <SubTexture name="SPAM_RearrangedBitmap4706836926" x="857" y="835" width="27" height="28" frameX="-3" frameY="-7" frameWidth="37" frameHeight="42"/>
    <SubTexture name="SPAM_RearrangedBitmap4950982043" x="279" y="561" width="103" height="117" frameX="-4" frameY="-6" frameWidth="113" frameHeight="127"/>
    <SubTexture name="SPAM_RearrangedBitmap5004552715" x="991" y="700" width="29" height="47" frameX="-2" frameY="-6" frameWidth="39" frameHeight="59"/>
    <SubTexture name="SPAM_RearrangedBitmap5024410704" x="780" y="949" width="59" height="54" frameX="-3" frameY="-4" frameWidth="69" frameHeight="62"/>
    <SubTexture name="SPAM_RearrangedBitmap5034862617" x="826" y="595" width="52" height="56" frameX="-2" frameY="-4" frameWidth="60" frameHeight="68"/>
    <SubTexture name="SPAM_RearrangedBitmap5076510266" x="139" y="231" width="76" height="75" frameX="-6" frameY="-6" frameWidth="90" frameHeight="85"/>
    <SubTexture name="SPAM_RearrangedBitmap5077812788_fx" x="906" y="713" width="20" height="22" frameX="-3" frameY="-3" frameWidth="30" frameHeight="30"/>
    <SubTexture name="SPAM_RearrangedBitmap5197288459" x="129" y="425" width="81" height="107" frameX="-8" frameY="-7" frameWidth="97" frameHeight="125"/>
    <SubTexture name="SPAM_RearrangedBitmap5250482002_fx" x="981" y="876" width="25" height="27" frameX="-3" frameY="-2" frameWidth="35" frameHeight="35"/>
    <SubTexture name="SPAM_RearrangedBitmap5265554453" x="2" y="212" width="213" height="17" frameX="0" frameY="0" frameWidth="215" frameHeight="19"/>
    <SubTexture name="SPAM_RearrangedBitmap5285004386" x="395" y="457" width="109" height="69" frameX="-4" frameY="-1" frameWidth="119" frameHeight="75"/>
    <SubTexture name="SPAM_RearrangedBitmap5377896167" x="621" y="722" width="33" height="18" frameX="0" frameY="-1" frameWidth="37" frameHeight="22"/>
    <SubTexture name="SPAM_RearrangedBitmap5516101102" x="906" y="685" width="20" height="26" frameX="-1" frameY="0" frameWidth="26" frameHeight="30"/>
    <SubTexture name="SPAM_RearrangedBitmap554104639" x="621" y="688" width="13" height="32" frameX="-4" frameY="-7" frameWidth="23" frameHeight="46"/>
    <SubTexture name="SPAM_RearrangedBitmap5556315498" x="740" y="58" width="211" height="11" frameX="0" frameY="0" frameWidth="213" frameHeight="13"/>
    <SubTexture name="SPAM_RearrangedBitmap5579956540" x="732" y="655" width="58" height="42" frameX="-3" frameY="-6" frameWidth="66" frameHeight="54"/>
    <SubTexture name="SPAM_RearrangedBitmap5584909574" x="657" y="438" width="76" height="78" frameX="-5" frameY="-3" frameWidth="88" frameHeight="86"/>
    <SubTexture name="SPAM_RearrangedBitmap5603749268" x="506" y="76" width="207" height="42" frameX="-1" frameY="0" frameWidth="215" frameHeight="46"/>
    <SubTexture name="SPAM_RearrangedBitmap5670693666" x="2" y="308" width="126" height="95" frameX="-5" frameY="-2" frameWidth="136" frameHeight="101"/>
    <SubTexture name="SPAM_RearrangedBitmap5753226691" x="67" y="914" width="32" height="81" frameX="-3" frameY="-2" frameWidth="42" frameHeight="89"/>
    <SubTexture name="SPAM_RearrangedBitmap5760018857" x="589" y="659" width="30" height="81" frameX="-5" frameY="-2" frameWidth="42" frameHeight="89"/>
    <SubTexture name="SPAM_RearrangedBitmap5775007928" x="866" y="734" width="27" height="30" frameX="-3" frameY="-6" frameWidth="37" frameHeight="42"/>
    <SubTexture name="SPAM_RearrangedBitmap5862675927" x="780" y="949" width="59" height="54" frameX="-3" frameY="-4" frameWidth="69" frameHeight="62"/>
    <SubTexture name="SPAM_RearrangedBitmap5912043007_fx" x="67" y="997" width="25" height="25" frameX="-2" frameY="-3" frameWidth="33" frameHeight="33"/>
    <SubTexture name="SPAM_RearrangedBitmap595760024" x="278" y="680" width="100" height="12" frameX="-1" frameY="0" frameWidth="104" frameHeight="14"/>
    <SubTexture name="SPAM_RearrangedBitmap6153395486" x="528" y="868" width="71" height="85"/>
    <SubTexture name="SPAM_RearrangedBitmap6174674327" x="732" y="655" width="58" height="42" frameX="-3" frameY="-6" frameWidth="66" frameHeight="54"/>
    <SubTexture name="SPAM_RearrangedBitmap618447795" x="956" y="905" width="48" height="36" frameX="-5" frameY="-6" frameWidth="62" frameHeight="50"/>
    <SubTexture name="SPAM_RearrangedBitmap6280574229" x="658" y="356" width="78" height="80" frameX="-3" frameY="-2" frameWidth="86" frameHeight="86"/>
    <SubTexture name="SPAM_RearrangedBitmap6292116069" x="925" y="757" width="55" height="48" frameX="-1" frameY="-1" frameWidth="61" frameHeight="52"/>
    <SubTexture name="SPAM_RearrangedBitmap6413044178" x="768" y="740" width="47" height="27" frameX="0" frameY="0" frameWidth="49" frameHeight="29"/>
    <SubTexture name="SPAM_RearrangedBitmap6467730338" x="928" y="710" width="59" height="45" frameX="-4" frameY="-5" frameWidth="69" frameHeight="55"/>
    <SubTexture name="SPAM_RearrangedBitmap6576889203" x="281" y="203" width="162" height="12" frameX="0" frameY="0" frameWidth="164" frameHeight="14"/>
    <SubTexture name="SPAM_RearrangedBitmap6601560834" x="932" y="993" width="47" height="29" frameX="0" frameY="0" frameWidth="49" frameHeight="31"/>
    <SubTexture name="SPAM_RearrangedBitmap660654836" x="180" y="817" width="94" height="72" frameX="-3" frameY="-3" frameWidth="102" frameHeight="80"/>
    <SubTexture name="SPAM_RearrangedBitmap6608502562" x="723" y="893" width="33" height="54" frameX="-5" frameY="-3" frameWidth="45" frameHeight="72"/>
    <SubTexture name="SPAM_RearrangedBitmap6614714115" x="281" y="217" width="154" height="183" frameX="-7" frameY="-6" frameWidth="168" frameHeight="195"/>
    <SubTexture name="SPAM_RearrangedBitmap663513224" x="829" y="653" width="49" height="39" frameX="-4" frameY="-3" frameWidth="59" frameHeight="47"/>
    <SubTexture name="SPAM_RearrangedBitmap6635639284" x="817" y="739" width="47" height="28" frameX="0" frameY="0" frameWidth="49" frameHeight="30"/>
    <SubTexture name="SPAM_RearrangedBitmap6646850657" x="732" y="655" width="58" height="42" frameX="-3" frameY="-6" frameWidth="66" frameHeight="54"/>
    <SubTexture name="SPAM_RearrangedBitmap669860168" x="954" y="2" width="68" height="71" frameX="-5" frameY="-3" frameWidth="80" frameHeight="79"/>
    <SubTexture name="SPAM_RearrangedBitmap6756285486_fx" x="741" y="741" width="25" height="26" frameX="-3" frameY="-2" frameWidth="35" frameHeight="34"/>
    <SubTexture name="SPAM_RearrangedBitmap6771352062" x="811" y="532" width="70" height="13" frameX="-3" frameY="-3" frameWidth="78" frameHeight="23"/>
    <SubTexture name="SPAM_RearrangedBitmap6815229420_fx" x="589" y="645" width="12" height="12" frameX="-3" frameY="-3" frameWidth="20" frameHeight="20"/>
    <SubTexture name="SPAM_RearrangedBitmap6871806784" x="603" y="600" width="50" height="50" frameX="-1" frameY="-1" frameWidth="56" frameHeight="54"/>
    <SubTexture name="SPAM_RearrangedBitmap6983673924" x="118" y="706" width="81" height="30" frameX="0" frameY="0" frameWidth="85" frameHeight="32"/>
    <SubTexture name="SPAM_RearrangedBitmap6987219181" x="931" y="307" width="89" height="92" frameX="-3" frameY="-3" frameWidth="97" frameHeight="100"/>
    <SubTexture name="SPAM_RearrangedBitmap7008948032_fx" x="803" y="591" width="21" height="23" frameX="-5" frameY="-5" frameWidth="35" frameHeight="35"/>
    <SubTexture name="SPAM_RearrangedBitmap7011600544_fx" x="956" y="885" width="14" height="18"/>
    <SubTexture name="SPAM_RearrangedBitmap7032981811_fx" x="354" y="868" width="21" height="21" frameX="-5" frameY="-5" frameWidth="35" frameHeight="35"/>
    <SubTexture name="SPAM_RearrangedBitmap7049435845" x="740" y="241" width="150" height="189" frameX="-7" frameY="-6" frameWidth="166" frameHeight="205"/>
    <SubTexture name="SPAM_RearrangedBitmap7080496132" x="810" y="698" width="49" height="39" frameX="-5" frameY="-3" frameWidth="59" frameHeight="45"/>
    <SubTexture name="SPAM_RearrangedBitmap7172438546" x="857" y="897" width="25" height="47" frameX="-3" frameY="-4" frameWidth="33" frameHeight="59"/>
    <SubTexture name="SPAM_RearrangedBitmap7254942924" x="778" y="591" width="23" height="60" frameX="-2" frameY="-8" frameWidth="33" frameHeight="74"/>
    <SubTexture name="SPAM_RearrangedBitmap7366958215" x="656" y="699" width="53" height="40" frameX="-2" frameY="-4" frameWidth="63" frameHeight="52"/>
    <SubTexture name="SPAM_RearrangedBitmap7387235996" x="377" y="868" width="14" height="20" frameX="-1" frameY="-10" frameWidth="18" frameHeight="42"/>
    <SubTexture name="SPAM_RearrangedBitmap7419318374" x="2" y="146" width="216" height="36" frameX="-2" frameY="-2" frameWidth="222" frameHeight="42"/>
    <SubTexture name="SPAM_RearrangedBitmap7493426102_fx" x="1014" y="545" width="7" height="9"/>
    <SubTexture name="SPAM_RearrangedBitmap7634283833" x="841" y="949" width="59" height="54" frameX="-2" frameY="-5" frameWidth="67" frameHeight="68"/>
    <SubTexture name="SPAM_RearrangedBitmap7649396557" x="163" y="971" width="55" height="51" frameX="-2" frameY="0" frameWidth="63" frameHeight="55"/>
    <SubTexture name="SPAM_RearrangedBitmap7775137272" x="573" y="838" width="48" height="28" frameX="0" frameY="0" frameWidth="50" frameHeight="30"/>
    <SubTexture name="SPAM_RearrangedBitmap7895575093" x="754" y="699" width="54" height="39" frameX="-6" frameY="-3" frameWidth="68" frameHeight="47"/>
    <SubTexture name="SPAM_RearrangedBitmap7955171125" x="895" y="737" width="28" height="45" frameX="-3" frameY="-6" frameWidth="38" frameHeight="59"/>
    <SubTexture name="SPAM_RearrangedBitmap8004335264" x="880" y="630" width="46" height="27" frameX="0" frameY="0" frameWidth="48" frameHeight="29"/>
    <SubTexture name="SPAM_RearrangedBitmap8126970198" x="738" y="432" width="146" height="98" frameX="-4" frameY="-4" frameWidth="156" frameHeight="108"/>
    <SubTexture name="SPAM_RearrangedBitmap8204493345" x="723" y="867" width="35" height="24" frameX="0" frameY="0" frameWidth="37" frameHeight="26"/>
    <SubTexture name="SPAM_RearrangedBitmap8259335710" x="107" y="785" width="71" height="92"/>
    <SubTexture name="SPAM_RearrangedBitmap8307186886" x="696" y="769" width="33" height="58" frameX="-5" frameY="-4" frameWidth="45" frameHeight="72"/>
    <SubTexture name="SPAM_RearrangedBitmap8337717865" x="656" y="518" width="75" height="96" frameX="-10" frameY="-7" frameWidth="95" frameHeight="116"/>
    <SubTexture name="SPAM_RearrangedBitmap8405129396" x="2" y="127" width="218" height="17" frameX="-1" frameY="0" frameWidth="222" frameHeight="21"/>
    <SubTexture name="SPAM_RearrangedBitmap8449238453" x="2" y="184" width="213" height="26" frameX="0" frameY="0" frameWidth="215" frameHeight="30"/>
    <SubTexture name="SPAM_RearrangedBitmap8470463167" x="826" y="769" width="43" height="57" frameX="-9" frameY="-7" frameWidth="61" frameHeight="75"/>
    <SubTexture name="SPAM_RearrangedBitmap8472535027" x="617" y="524" width="35" height="66" frameX="-4" frameY="-2" frameWidth="45" frameHeight="76"/>
    <SubTexture name="SPAM_RearrangedBitmap8479940241" x="569" y="955" width="25" height="67" frameX="-3" frameY="-5" frameWidth="33" frameHeight="79"/>
    <SubTexture name="SPAM_RearrangedBitmap8562457731" x="384" y="667" width="100" height="69" frameX="-3" frameY="-1" frameWidth="110" frameHeight="75"/>
    <SubTexture name="SPAM_RearrangedBitmap8579828367" x="662" y="139" width="76" height="92" frameX="-10" frameY="-10" frameWidth="96" frameHeight="110"/>
    <SubTexture name="SPAM_RearrangedBitmap8653180432" x="118" y="534" width="81" height="77" frameX="-5" frameY="-3" frameWidth="93" frameHeight="87"/>
    <SubTexture name="SPAM_RearrangedBitmap8695154848" x="704" y="829" width="56" height="36" frameX="-1" frameY="0" frameWidth="62" frameHeight="40"/>
    <SubTexture name="SPAM_RearrangedBitmap8921524531" x="720" y="949" width="58" height="60" frameX="-2" frameY="-1" frameWidth="66" frameHeight="66"/>
    <SubTexture name="SPAM_RearrangedBitmap9133181788" x="101" y="971" width="60" height="51" frameX="-7" frameY="-3" frameWidth="74" frameHeight="59"/>
    <SubTexture name="SPAM_RearrangedBitmap9280296696" x="281" y="445" width="112" height="70" frameX="-5" frameY="-3" frameWidth="124" frameHeight="78"/>
    <SubTexture name="SPAM_RearrangedBitmap939327459" x="2" y="811" width="97" height="101" frameX="-5" frameY="-5" frameWidth="111" frameHeight="111"/>
    <SubTexture name="SPAM_RearrangedBitmap9443806021" x="487" y="645" width="100" height="122" frameX="-6" frameY="-6" frameWidth="114" frameHeight="132"/>
    <SubTexture name="SPAM_RearrangedBitmap9487388886" x="780" y="949" width="59" height="54" frameX="-3" frameY="-4" frameWidth="69" frameHeight="62"/>
    <SubTexture name="SPAM_RearrangedBitmap9496328720" x="314" y="891" width="97" height="70" frameX="-4" frameY="-3" frameWidth="107" frameHeight="78"/>
    <SubTexture name="SPAM_RearrangedBitmap9515918734" x="714" y="741" width="25" height="26" frameX="-5" frameY="-4" frameWidth="37" frameHeight="36"/>
    <SubTexture name="SPAM_RearrangedBitmap9589103538" x="656" y="699" width="53" height="40" frameX="-2" frameY="-4" frameWidth="63" frameHeight="52"/>
    <SubTexture name="SPAM_RearrangedBitmap9645380225" x="437" y="367" width="67" height="45" frameX="0" frameY="-1" frameWidth="71" frameHeight="49"/>
    <SubTexture name="SPAM_RearrangedBitmap9649242495" x="387" y="963" width="49" height="58" frameX="-8" frameY="-4" frameWidth="69" frameHeight="74"/>
    <SubTexture name="SPAM_RearrangedBitmap9708525171" x="506" y="372" width="149" height="98" frameX="-3" frameY="-5" frameWidth="157" frameHeight="106"/>
    <SubTexture name="SPAM_RearrangedBitmap9778228021" x="762" y="828" width="93" height="119" frameX="-3" frameY="-4" frameWidth="103" frameHeight="127"/>
    <SubTexture name="SPAM_RearrangedBitmap9794510304" x="656" y="699" width="53" height="40" frameX="-2" frameY="-4" frameWidth="63" frameHeight="52"/>
    <SubTexture name="SPAM_RearrangedBitmap9943812345" x="886" y="566" width="41" height="7" frameX="-1" frameY="0" frameWidth="45" frameHeight="9"/>
    <SubTexture name="SPAM_RearrangedBitmap9992403159" x="740" y="16" width="211" height="12" frameX="0" frameY="0" frameWidth="213" frameHeight="14"/>
    <SubTexture name="layer_001_png" x="212" y="455" width="66" height="66"/>
    <SubTexture name="layer_002_png" x="265" y="968" width="93" height="54"/>
    <SubTexture name="layer_003_png" x="506" y="120" width="154" height="56"/>
    <SubTexture name="layer_004_png" x="379" y="838" width="71" height="28"/>
    <SubTexture name="layer_005_png" x="618" y="769" width="26" height="64"/>
    <SubTexture name="layer_006_png" x="543" y="769" width="45" height="67"/>
    <SubTexture name="layer_007_png" x="511" y="2" width="227" height="72"/>
    <SubTexture name="layer_008_png" x="623" y="835" width="32" height="30"/>
    <SubTexture name="layer_009_png" x="222" y="89" width="57" height="130"/>
    <SubTexture name="layer_010_png" x="652" y="867" width="69" height="80"/>
    <SubTexture name="layer_011_png" x="181" y="738" width="18" height="45"/>
    <SubTexture name="layer_012_png" x="515" y="838" width="56" height="28"/>
    <SubTexture name="layer_013_png" x="1014" y="482" width="7" height="44"/>
    <SubTexture name="layer_014_png" x="760" y="1011" width="49" height="11"/>
    <SubTexture name="layer_015_png" x="1006" y="905" width="16" height="29"/>
    <SubTexture name="layer_016_png" x="957" y="839" width="17" height="30"/>
    <SubTexture name="layer_017_png" x="928" y="576" width="61" height="132"/>
    <SubTexture name="layer_018_png" x="981" y="855" width="26" height="19"/>
    <SubTexture name="layer_019_png" x="902" y="943" width="26" height="52"/>
    <SubTexture name="layer_020_png" x="892" y="340" width="37" height="52"/>
    <SubTexture name="layer_021_png" x="811" y="1005" width="28" height="17"/>
    <SubTexture name="layer_022_png" x="318" y="868" width="34" height="21"/>
    <SubTexture name="layer_023_png" x="471" y="214" width="25" height="41"/>
    <SubTexture name="layer_024_png" x="681" y="831" width="21" height="32"/>
    <SubTexture name="layer_025_png" x="957" y="807" width="19" height="30"/>
    <SubTexture name="layer_026_png" x="803" y="616" width="20" height="29"/>
    <SubTexture name="layer_027_png" x="902" y="784" width="19" height="30"/>
    <SubTexture name="layer_028_png" x="871" y="766" width="19" height="30"/>
    <SubTexture name="layer_029_png" x="930" y="482" width="82" height="92"/>
    <SubTexture name="layer_030_png" x="2" y="914" width="63" height="106"/>
    <SubTexture name="layer_031_png" x="281" y="92" width="188" height="62"/>
    <SubTexture name="layer_032_png" x="493" y="868" width="33" height="86"/>
    <SubTexture name="layer_033_png" x="667" y="949" width="28" height="68"/>
    <SubTexture name="layer_034_png" x="480" y="769" width="61" height="67"/>
    <SubTexture name="layer_035_png" x="2" y="2" width="277" height="85"/>
    <SubTexture name="layer_036_png" x="663" y="741" width="49" height="26"/>
    <SubTexture name="layer_038_png" x="281" y="402" width="113" height="41"/>
    <SubTexture name="layer_039_png" x="733" y="532" width="43" height="121"/>
    <SubTexture name="layer_040_png" x="636" y="652" width="94" height="45"/>
    <SubTexture name="layer_041_png" x="222" y="891" width="56" height="75"/>
    <SubTexture name="layer_042_png" x="880" y="659" width="46" height="24"/>
    <SubTexture name="layer_043_png" x="715" y="76" width="23" height="61"/>
    <SubTexture name="layer_044_png" x="452" y="156" width="17" height="55"/>
    <SubTexture name="layer_045_png" x="590" y="769" width="26" height="64"/>
    <SubTexture name="layer_046_png" x="892" y="394" width="36" height="82"/>
    <SubTexture name="layer_047_png" x="130" y="387" width="82" height="36"/>
    <SubTexture name="layer_048_png" x="118" y="669" width="81" height="35"/>
    <SubTexture name="layer_049_png" x="506" y="491" width="109" height="51"/>
    <SubTexture name="layer_050_png" x="601" y="868" width="49" height="83"/>
    <SubTexture name="layer_051_png" x="658" y="305" width="80" height="49"/>
    <SubTexture name="layer_052_png" x="384" y="592" width="101" height="73"/>
    <SubTexture name="layer_053_png" x="2" y="514" width="114" height="194"/>
    <SubTexture name="layer_054_png" x="174" y="891" width="46" height="78"/>
    <SubTexture name="layer_055_png" x="118" y="613" width="81" height="54"/>
    <SubTexture name="layer_056_png" x="731" y="769" width="93" height="57"/>
    <SubTexture name="layer_057_png" x="625" y="953" width="40" height="68"/>
    <SubTexture name="layer_058_png" x="471" y="92" width="33" height="120"/>
    <SubTexture name="layer_059_png" x="437" y="257" width="67" height="108"/>
    <SubTexture name="layer_060_png" x="740" y="111" width="190" height="128"/>
    <SubTexture name="layer_061_png" x="2" y="405" width="125" height="88"/>
    <SubTexture name="layer_062_png" x="217" y="221" width="62" height="98"/>
    <SubTexture name="layer_063_png" x="201" y="724" width="75" height="87"/>
    <SubTexture name="layer_064_png" x="900" y="816" width="54" height="125"/>
    <SubTexture name="layer_065_png" x="393" y="868" width="40" height="19"/>
    <SubTexture name="layer_066_png" x="991" y="629" width="30" height="49"/>
    <SubTexture name="layer_067_png" x="438" y="960" width="64" height="61"/>
    <SubTexture name="layer_068_png" x="214" y="321" width="65" height="132"/>
    <SubTexture name="layer_069_png" x="932" y="235" width="90" height="70"/>
    <SubTexture name="layer_070_png" x="435" y="868" width="56" height="90"/>
    <SubTexture name="layer_071_png" x="930" y="401" width="87" height="42"/>
    <SubTexture name="layer_072_png" x="932" y="151" width="90" height="82"/>
    <SubTexture name="layer_073_png" x="655" y="616" width="18" height="34"/>
    <SubTexture name="layer_074_png" x="989" y="749" width="33" height="23"/>
    <SubTexture name="layer_075_png" x="2" y="231" width="135" height="75"/>
    <SubTexture name="layer_076_png" x="792" y="653" width="35" height="43"/>
    <SubTexture name="layer_077_png" x="452" y="838" width="61" height="28"/>
    <SubTexture name="layer_078_png" x="886" y="575" width="40" height="23"/>
    <SubTexture name="layer_079_png" x="780" y="532" width="29" height="57"/>
    <SubTexture name="layer_080_png" x="932" y="125" width="16" height="23"/>
    <SubTexture name="layer_081_png" x="938" y="90" width="9" height="33"/>
    <SubTexture name="layer_082_png" x="603" y="544" width="12" height="54"/>
    <SubTexture name="layer_083_png" x="396" y="402" width="39" height="50"/>
    <SubTexture name="layer_084_png" x="884" y="921" width="14" height="22"/>
    <SubTexture name="layer_085_png" x="841" y="1005" width="33" height="16"/>
    <SubTexture name="layer_086_png" x="991" y="596" width="31" height="15"/>
    <SubTexture name="layer_087_png" x="657" y="831" width="22" height="32"/>
    <SubTexture name="layer_088_png" x="991" y="680" width="30" height="18"/>
    <SubTexture name="layer_089_png" x="991" y="576" width="31" height="18"/>
    <SubTexture name="layer_090_png" x="180" y="785" width="19" height="30"/>
    <SubTexture name="layer_091_png" x="413" y="889" width="20" height="30"/>
    <SubTexture name="layer_092_png" x="276" y="868" width="40" height="21"/>
    <SubTexture name="layer_093_png" x="445" y="213" width="24" height="42"/>
    <SubTexture name="layer_094_png" x="662" y="120" width="50" height="17"/>
    <SubTexture name="layer_095_png" x="886" y="478" width="42" height="86"/>
    <SubTexture name="layer_096_png" x="212" y="523" width="66" height="32"/>
    <SubTexture name="layer_097_png" x="930" y="445" width="87" height="35"/>
    <SubTexture name="layer_098_png" x="857" y="865" width="26" height="30"/>
    <SubTexture name="layer_099_png" x="675" y="616" width="49" height="33"/>
    <SubTexture name="layer_100_png" x="697" y="949" width="21" height="61"/>
    <SubTexture name="layer_101_png" x="280" y="891" width="32" height="75"/>
    <SubTexture name="layer_102_png" x="107" y="738" width="72" height="45"/>
    <SubTexture name="layer_103_png" x="916" y="997" width="14" height="24"/>
    <SubTexture name="layer_104_png" x="884" y="897" width="14" height="22"/>
    <SubTexture name="layer_105_png" x="1014" y="528" width="7" height="15"/>
    <SubTexture name="layer_106_png" x="991" y="613" width="31" height="14"/>
    <SubTexture name="layer_107_png" x="392" y="528" width="106" height="62"/>
    <SubTexture name="layer_108_png" x="892" y="241" width="37" height="97"/>
    <SubTexture name="layer_109_png" x="711" y="699" width="41" height="40"/>
    <SubTexture name="layer_110_png" x="506" y="47" width="2" height="9"/>
    <SubTexture name="layer_111_png" x="487" y="592" width="11" height="11"/>
    <SubTexture name="layer_112_png" x="876" y="1005" width="22" height="16"/>
    <SubTexture name="layer_113_png" x="413" y="921" width="17" height="40"/>
</TextureAtlas>
