<?xml version="1.0" encoding="UTF-8"?>
<!-- Created with TexturePacker http://www.codeandweb.com/texturepacker-->
<!-- $TexturePacker:SmartUpdate:0af2040f84952192bf044603d86c04ac:d7878b2c6d27bf5e16ca732c0e7b9590:95f3c00b69c2ebb05044a1a7ebdc6510$ -->
<TextureAtlas imagePath="2564_dragon_kingforestservant_3_HD_tweened_dxt5_map.dds" scale="0.545654296875">
    <SubTexture name="layer_001_png" x="429" y="285" width="51" height="51"/>
    <SubTexture name="layer_002_png" x="2" y="287" width="72" height="42"/>
    <SubTexture name="layer_003_png" x="2" y="120" width="120" height="44"/>
    <SubTexture name="layer_004_png" x="296" y="267" width="55" height="22"/>
    <SubTexture name="layer_005_png" x="335" y="460" width="20" height="50"/>
    <SubTexture name="layer_006_png" x="357" y="450" width="34" height="52"/>
    <SubTexture name="layer_007_png" x="218" y="2" width="176" height="56"/>
    <SubTexture name="layer_008_png" x="482" y="319" width="25" height="24"/>
    <SubTexture name="layer_009_png" x="103" y="385" width="44" height="101"/>
    <SubTexture name="layer_010_png" x="148" y="287" width="54" height="62"/>
    <SubTexture name="layer_011_png" x="449" y="465" width="14" height="35"/>
    <SubTexture name="layer_012_png" x="465" y="459" width="43" height="21"/>
    <SubTexture name="layer_013_png" x="503" y="29" width="6" height="34"/>
    <SubTexture name="layer_014_png" x="393" y="500" width="38" height="9"/>
    <SubTexture name="layer_015_png" x="497" y="482" width="13" height="22"/>
    <SubTexture name="layer_016_png" x="465" y="482" width="13" height="23"/>
    <SubTexture name="layer_017_png" x="54" y="387" width="47" height="103"/>
    <SubTexture name="layer_018_png" x="442" y="417" width="20" height="15"/>
    <SubTexture name="layer_019_png" x="291" y="469" width="20" height="40"/>
    <SubTexture name="layer_020_png" x="261" y="469" width="28" height="40"/>
    <SubTexture name="layer_021_png" x="394" y="373" width="22" height="13"/>
    <SubTexture name="layer_022_png" x="367" y="95" width="26" height="16"/>
    <SubTexture name="layer_023_png" x="374" y="285" width="19" height="32"/>
    <SubTexture name="layer_024_png" x="431" y="465" width="16" height="25"/>
    <SubTexture name="layer_025_png" x="495" y="165" width="15" height="23"/>
    <SubTexture name="layer_026_png" x="480" y="482" width="15" height="22"/>
    <SubTexture name="layer_027_png" x="495" y="140" width="15" height="23"/>
    <SubTexture name="layer_028_png" x="495" y="115" width="15" height="23"/>
    <SubTexture name="layer_029_png" x="150" y="70" width="64" height="71"/>
    <SubTexture name="layer_030_png" x="247" y="385" width="49" height="82"/>
    <SubTexture name="layer_031_png" x="2" y="70" width="146" height="48"/>
    <SubTexture name="layer_032_png" x="484" y="190" width="25" height="67"/>
    <SubTexture name="layer_033_png" x="124" y="219" width="22" height="53"/>
    <SubTexture name="layer_034_png" x="372" y="319" width="48" height="52"/>
    <SubTexture name="layer_035_png" x="2" y="2" width="214" height="66"/>
    <SubTexture name="layer_036_png" x="472" y="435" width="38" height="20"/>
    <SubTexture name="layer_038_png" x="2" y="166" width="87" height="32"/>
    <SubTexture name="layer_039_png" x="89" y="220" width="33" height="94"/>
    <SubTexture name="layer_040_png" x="209" y="269" width="73" height="34"/>
    <SubTexture name="layer_041_png" x="327" y="319" width="43" height="58"/>
    <SubTexture name="layer_042_png" x="474" y="345" width="36" height="19"/>
    <SubTexture name="layer_043_png" x="411" y="450" width="18" height="47"/>
    <SubTexture name="layer_044_png" x="204" y="305" width="13" height="43"/>
    <SubTexture name="layer_045_png" x="313" y="460" width="20" height="50"/>
    <SubTexture name="layer_046_png" x="259" y="319" width="28" height="64"/>
    <SubTexture name="layer_047_png" x="150" y="187" width="63" height="28"/>
    <SubTexture name="layer_048_png" x="299" y="161" width="63" height="27"/>
    <SubTexture name="layer_049_png" x="2" y="200" width="85" height="39"/>
    <SubTexture name="layer_050_png" x="219" y="319" width="38" height="64"/>
    <SubTexture name="layer_051_png" x="299" y="190" width="62" height="38"/>
    <SubTexture name="layer_052_png" x="215" y="211" width="79" height="56"/>
    <SubTexture name="layer_053_png" x="394" y="132" width="88" height="151"/>
    <SubTexture name="layer_054_png" x="289" y="319" width="36" height="61"/>
    <SubTexture name="layer_055_png" x="150" y="143" width="63" height="42"/>
    <SubTexture name="layer_056_png" x="2" y="241" width="72" height="44"/>
    <SubTexture name="layer_057_png" x="91" y="166" width="31" height="52"/>
    <SubTexture name="layer_058_png" x="367" y="113" width="25" height="93"/>
    <SubTexture name="layer_059_png" x="193" y="385" width="52" height="84"/>
    <SubTexture name="layer_060_png" x="218" y="60" width="147" height="99"/>
    <SubTexture name="layer_061_png" x="396" y="62" width="97" height="68"/>
    <SubTexture name="layer_062_png" x="298" y="382" width="48" height="76"/>
    <SubTexture name="layer_063_png" x="149" y="217" width="58" height="68"/>
    <SubTexture name="layer_064_png" x="149" y="385" width="42" height="97"/>
    <SubTexture name="layer_065_png" x="409" y="417" width="31" height="15"/>
    <SubTexture name="layer_066_png" x="124" y="120" width="24" height="38"/>
    <SubTexture name="layer_067_png" x="422" y="338" width="50" height="48"/>
    <SubTexture name="layer_068_png" x="2" y="387" width="50" height="103"/>
    <SubTexture name="layer_069_png" x="2" y="331" width="69" height="54"/>
    <SubTexture name="layer_070_png" x="348" y="379" width="44" height="69"/>
    <SubTexture name="layer_071_png" x="148" y="351" width="68" height="32"/>
    <SubTexture name="layer_072_png" x="76" y="320" width="70" height="63"/>
    <SubTexture name="layer_073_png" x="160" y="484" width="14" height="26"/>
    <SubTexture name="layer_074_png" x="35" y="492" width="25" height="18"/>
    <SubTexture name="layer_075_png" x="396" y="2" width="105" height="58"/>
    <SubTexture name="layer_076_png" x="367" y="60" width="27" height="33"/>
    <SubTexture name="layer_077_png" x="110" y="488" width="48" height="22"/>
    <SubTexture name="layer_078_png" x="2" y="492" width="31" height="18"/>
    <SubTexture name="layer_079_png" x="124" y="274" width="22" height="44"/>
    <SubTexture name="layer_080_png" x="62" y="492" width="13" height="18"/>
    <SubTexture name="layer_081_png" x="503" y="2" width="7" height="25"/>
    <SubTexture name="layer_082_png" x="484" y="132" width="9" height="42"/>
    <SubTexture name="layer_083_png" x="229" y="471" width="30" height="39"/>
    <SubTexture name="layer_084_png" x="76" y="262" width="11" height="17"/>
    <SubTexture name="layer_085_png" x="219" y="305" width="25" height="12"/>
    <SubTexture name="layer_086_png" x="124" y="176" width="24" height="12"/>
    <SubTexture name="layer_087_png" x="324" y="291" width="17" height="25"/>
    <SubTexture name="layer_088_png" x="124" y="203" width="23" height="14"/>
    <SubTexture name="layer_089_png" x="124" y="160" width="24" height="14"/>
    <SubTexture name="layer_090_png" x="495" y="90" width="15" height="23"/>
    <SubTexture name="layer_091_png" x="495" y="65" width="15" height="23"/>
    <SubTexture name="layer_092_png" x="77" y="492" width="31" height="16"/>
    <SubTexture name="layer_093_png" x="353" y="285" width="19" height="32"/>
    <SubTexture name="layer_094_png" x="409" y="435" width="39" height="13"/>
    <SubTexture name="layer_095_png" x="474" y="366" width="33" height="67"/>
    <SubTexture name="layer_096_png" x="176" y="484" width="51" height="25"/>
    <SubTexture name="layer_097_png" x="394" y="388" width="68" height="27"/>
    <SubTexture name="layer_098_png" x="450" y="434" width="20" height="23"/>
    <SubTexture name="layer_099_png" x="284" y="291" width="38" height="25"/>
    <SubTexture name="layer_100_png" x="393" y="450" width="16" height="48"/>
    <SubTexture name="layer_101_png" x="484" y="259" width="25" height="58"/>
    <SubTexture name="layer_102_png" x="296" y="230" width="56" height="35"/>
    <SubTexture name="layer_103_png" x="76" y="241" width="11" height="19"/>
    <SubTexture name="layer_104_png" x="284" y="269" width="10" height="17"/>
    <SubTexture name="layer_105_png" x="484" y="176" width="5" height="12"/>
    <SubTexture name="layer_106_png" x="124" y="190" width="24" height="11"/>
    <SubTexture name="layer_107_png" x="215" y="161" width="82" height="48"/>
    <SubTexture name="layer_108_png" x="363" y="208" width="29" height="75"/>
    <SubTexture name="layer_109_png" x="395" y="285" width="32" height="31"/>
    <SubTexture name="layer_110_png" x="491" y="176" width="2" height="7"/>
    <SubTexture name="layer_111_png" x="353" y="267" width="8" height="8"/>
    <SubTexture name="layer_112_png" x="431" y="450" width="17" height="13"/>
    <SubTexture name="layer_113_png" x="394" y="417" width="13" height="31"/>
</TextureAtlas>
