<?xml version="1.0" encoding="UTF-8"?>
<!-- Created with TexturePacker http://www.codeandweb.com/texturepacker-->
<!-- $TexturePacker:SmartUpdate:4375e4034ee8da7b399ac7c6f7d62ef1:0ddd22a3456cd1a19b98d6212074f65d:3573bf25e92173d54248446c40f181b3$ -->
<TextureAtlas imagePath="1660_dragon_captain_1_HD_tweened_dxt5.dds" scale="1.875">
    <SubTexture name="SPAM_RearrangedBitmap5670693666" x="602" y="2" width="125" height="285"/>
    <SubTexture name="SPAM_RearrangedBitmap8126970198" x="466" y="877" width="99" height="93"/>
    <SubTexture name="SPAM_RearrangedBitmap9708525171" x="699" y="289" width="28" height="91"/>
    <SubTexture name="layer_156_png" x="886" y="851" width="30" height="56"/>
    <SubTexture name="layer_157_png" x="435" y="912" width="24" height="58"/>
    <SubTexture name="layer_158_png" x="252" y="991" width="48" height="31"/>
    <SubTexture name="layer_159_png" x="625" y="987" width="45" height="28"/>
    <SubTexture name="layer_160_png" x="602" y="516" width="71" height="22"/>
    <SubTexture name="layer_161_png" x="784" y="853" width="48" height="75"/>
    <SubTexture name="layer_162_png" x="957" y="309" width="46" height="60"/>
    <SubTexture name="layer_163_png" x="918" y="921" width="58" height="39"/>
    <SubTexture name="layer_164_png" x="435" y="972" width="48" height="50"/>
    <SubTexture name="layer_165_png" x="548" y="987" width="75" height="28"/>
    <SubTexture name="layer_166_png" x="912" y="759" width="30" height="84"/>
    <SubTexture name="layer_167_png" x="112" y="974" width="90" height="48"/>
    <SubTexture name="layer_168_png" x="993" y="2" width="28" height="86"/>
    <SubTexture name="layer_169_png" x="703" y="681" width="114" height="56"/>
    <SubTexture name="layer_170_png" x="929" y="535" width="80" height="135"/>
    <SubTexture name="layer_171_png" x="204" y="974" width="46" height="48"/>
    <SubTexture name="layer_172_png" x="957" y="262" width="65" height="45"/>
    <SubTexture name="layer_173_png" x="672" y="984" width="58" height="26"/>
    <SubTexture name="layer_174_png" x="252" y="905" width="78" height="84"/>
    <SubTexture name="layer_175_png" x="972" y="849" width="37" height="52"/>
    <SubTexture name="layer_176_png" x="485" y="972" width="61" height="45"/>
    <SubTexture name="layer_177_png" x="944" y="795" width="61" height="52"/>
    <SubTexture name="layer_178_png" x="918" y="897" width="52" height="22"/>
    <SubTexture name="layer_179_png" x="475" y="740" width="118" height="135"/>
    <SubTexture name="layer_180_png" x="890" y="387" width="114" height="146"/>
    <SubTexture name="layer_181_png" x="763" y="739" width="69" height="112"/>
    <SubTexture name="layer_182_png" x="685" y="739" width="76" height="135"/>
    <SubTexture name="layer_183_png" x="703" y="533" width="125" height="146"/>
    <SubTexture name="layer_184_png" x="112" y="905" width="138" height="67"/>
    <SubTexture name="layer_185_png" x="350" y="832" width="114" height="78"/>
    <SubTexture name="layer_186_png" x="963" y="2" width="28" height="131"/>
    <SubTexture name="layer_187_png" x="587" y="545" width="114" height="176"/>
    <SubTexture name="layer_188_png" x="834" y="851" width="50" height="75"/>
    <SubTexture name="layer_189_png" x="699" y="387" width="189" height="144"/>
    <SubTexture name="layer_190_png" x="595" y="723" width="88" height="176"/>
    <SubTexture name="layer_191_png" x="729" y="133" width="232" height="127"/>
    <SubTexture name="layer_192_png" x="729" y="262" width="226" height="123"/>
    <SubTexture name="layer_193_png" x="963" y="135" width="45" height="93"/>
    <SubTexture name="layer_194_png" x="2" y="545" width="346" height="358"/>
    <SubTexture name="layer_195_png" x="886" y="909" width="30" height="26"/>
    <SubTexture name="layer_196_png" x="602" y="289" width="95" height="225"/>
    <SubTexture name="layer_197_png" x="350" y="545" width="123" height="285"/>
    <SubTexture name="layer_198_png" x="830" y="535" width="97" height="136"/>
    <SubTexture name="layer_199_png" x="2" y="2" width="598" height="541"/>
    <SubTexture name="layer_200_png" x="475" y="545" width="110" height="193"/>
    <SubTexture name="layer_201_png" x="332" y="912" width="101" height="84"/>
    <SubTexture name="layer_202_png" x="935" y="672" width="86" height="58"/>
    <SubTexture name="layer_203_png" x="685" y="876" width="97" height="52"/>
    <SubTexture name="layer_204_png" x="729" y="2" width="232" height="129"/>
    <SubTexture name="layer_205_png" x="2" y="905" width="108" height="110"/>
    <SubTexture name="layer_206_png" x="834" y="759" width="76" height="90"/>
    <SubTexture name="layer_207_png" x="668" y="930" width="91" height="52"/>
    <SubTexture name="layer_208_png" x="944" y="732" width="63" height="61"/>
    <SubTexture name="layer_209_png" x="834" y="673" width="99" height="84"/>
    <SubTexture name="layer_210_png" x="826" y="930" width="52" height="46"/>
    <SubTexture name="layer_211_png" x="371" y="998" width="39" height="24"/>
    <SubTexture name="layer_212_png" x="732" y="984" width="22" height="26"/>
    <SubTexture name="layer_213_png" x="993" y="90" width="26" height="31"/>
    <SubTexture name="layer_214_png" x="880" y="937" width="31" height="30"/>
    <SubTexture name="layer_215_png" x="858" y="978" width="30" height="28"/>
    <SubTexture name="layer_216_png" x="761" y="930" width="63" height="61"/>
    <SubTexture name="layer_217_png" x="567" y="901" width="99" height="84"/>
    <SubTexture name="layer_218_png" x="918" y="849" width="52" height="46"/>
    <SubTexture name="layer_219_png" x="330" y="998" width="39" height="24"/>
    <SubTexture name="layer_220_png" x="675" y="516" width="22" height="26"/>
    <SubTexture name="layer_221_png" x="302" y="991" width="26" height="31"/>
    <SubTexture name="layer_222_png" x="963" y="230" width="31" height="30"/>
    <SubTexture name="layer_223_png" x="826" y="978" width="30" height="28"/>
</TextureAtlas>
