<?xml version="1.0" encoding="UTF-8"?>
<!-- Created with TexturePacker http://www.codeandweb.com/texturepacker-->
<!-- $TexturePacker:SmartUpdate:c7175399e8499cbce9e736c7555ff784:dea886747a4f3a7d6c10adfee7f7dc1f:a01a93341121ada683dcd810f26a01d1$ -->
<TextureAtlas imagePath="1660_dragon_captain_1_HD_tweened_dxt5_map.dds" scale="0.94921875">
    <SubTexture name="layer_156_png" x="489" y="317" width="15" height="28"/>
    <SubTexture name="layer_157_png" x="495" y="389" width="12" height="29"/>
    <SubTexture name="layer_158_png" x="483" y="105" width="24" height="16"/>
    <SubTexture name="layer_159_png" x="395" y="496" width="22" height="14"/>
    <SubTexture name="layer_160_png" x="441" y="304" width="36" height="11"/>
    <SubTexture name="layer_161_png" x="201" y="457" width="24" height="37"/>
    <SubTexture name="layer_162_png" x="370" y="480" width="23" height="30"/>
    <SubTexture name="layer_163_png" x="119" y="483" width="29" height="19"/>
    <SubTexture name="layer_164_png" x="483" y="2" width="24" height="25"/>
    <SubTexture name="layer_165_png" x="171" y="369" width="37" height="14"/>
    <SubTexture name="layer_166_png" x="478" y="390" width="15" height="42"/>
    <SubTexture name="layer_167_png" x="119" y="457" width="45" height="24"/>
    <SubTexture name="layer_168_png" x="495" y="255" width="14" height="43"/>
    <SubTexture name="layer_169_png" x="217" y="354" width="57" height="28"/>
    <SubTexture name="layer_170_png" x="235" y="384" width="40" height="68"/>
    <SubTexture name="layer_171_png" x="483" y="29" width="23" height="24"/>
    <SubTexture name="layer_172_png" x="166" y="457" width="33" height="22"/>
    <SubTexture name="layer_173_png" x="452" y="375" width="29" height="13"/>
    <SubTexture name="layer_174_png" x="235" y="454" width="39" height="42"/>
    <SubTexture name="layer_175_png" x="421" y="296" width="18" height="26"/>
    <SubTexture name="layer_176_png" x="478" y="434" width="31" height="22"/>
    <SubTexture name="layer_177_png" x="166" y="481" width="31" height="26"/>
    <SubTexture name="layer_178_png" x="479" y="304" width="26" height="11"/>
    <SubTexture name="layer_179_png" x="401" y="395" width="59" height="68"/>
    <SubTexture name="layer_180_png" x="60" y="436" width="57" height="74"/>
    <SubTexture name="layer_181_png" x="452" y="317" width="35" height="56"/>
    <SubTexture name="layer_182_png" x="467" y="185" width="38" height="68"/>
    <SubTexture name="layer_183_png" x="217" y="278" width="63" height="74"/>
    <SubTexture name="layer_184_png" x="370" y="260" width="70" height="34"/>
    <SubTexture name="layer_185_png" x="277" y="441" width="57" height="39"/>
    <SubTexture name="layer_186_png" x="462" y="390" width="14" height="66"/>
    <SubTexture name="layer_187_png" x="60" y="345" width="57" height="89"/>
    <SubTexture name="layer_188_png" x="370" y="441" width="25" height="37"/>
    <SubTexture name="layer_189_png" x="370" y="185" width="95" height="73"/>
    <SubTexture name="layer_190_png" x="171" y="278" width="44" height="89"/>
    <SubTexture name="layer_191_png" x="282" y="331" width="117" height="64"/>
    <SubTexture name="layer_192_png" x="119" y="393" width="114" height="62"/>
    <SubTexture name="layer_193_png" x="282" y="278" width="22" height="47"/>
    <SubTexture name="layer_194_png" x="306" y="2" width="175" height="181"/>
    <SubTexture name="layer_195_png" x="216" y="496" width="15" height="13"/>
    <SubTexture name="layer_196_png" x="121" y="278" width="48" height="113"/>
    <SubTexture name="layer_197_png" x="306" y="185" width="62" height="144"/>
    <SubTexture name="layer_198_png" x="401" y="324" width="49" height="69"/>
    <SubTexture name="layer_199_png" x="2" y="2" width="302" height="274"/>
    <SubTexture name="layer_200_png" x="2" y="345" width="56" height="97"/>
    <SubTexture name="layer_201_png" x="442" y="260" width="51" height="42"/>
    <SubTexture name="layer_202_png" x="397" y="465" width="43" height="29"/>
    <SubTexture name="layer_203_png" x="370" y="296" width="49" height="26"/>
    <SubTexture name="layer_204_png" x="2" y="278" width="117" height="65"/>
    <SubTexture name="layer_205_png" x="2" y="444" width="55" height="56"/>
    <SubTexture name="layer_206_png" x="462" y="458" width="38" height="45"/>
    <SubTexture name="layer_207_png" x="276" y="482" width="46" height="26"/>
    <SubTexture name="layer_208_png" x="336" y="474" width="32" height="31"/>
    <SubTexture name="layer_209_png" x="329" y="397" width="50" height="42"/>
    <SubTexture name="layer_210_png" x="483" y="80" width="26" height="23"/>
    <SubTexture name="layer_211_png" x="419" y="496" width="19" height="12"/>
    <SubTexture name="layer_212_png" x="483" y="123" width="11" height="13"/>
    <SubTexture name="layer_213_png" x="381" y="397" width="13" height="16"/>
    <SubTexture name="layer_214_png" x="442" y="465" width="16" height="15"/>
    <SubTexture name="layer_215_png" x="199" y="496" width="15" height="14"/>
    <SubTexture name="layer_216_png" x="336" y="441" width="32" height="31"/>
    <SubTexture name="layer_217_png" x="277" y="397" width="50" height="42"/>
    <SubTexture name="layer_218_png" x="483" y="55" width="26" height="23"/>
    <SubTexture name="layer_219_png" x="483" y="375" width="19" height="12"/>
    <SubTexture name="layer_220_png" x="150" y="483" width="11" height="13"/>
    <SubTexture name="layer_221_png" x="489" y="347" width="13" height="16"/>
    <SubTexture name="layer_222_png" x="381" y="415" width="16" height="15"/>
    <SubTexture name="layer_223_png" x="442" y="482" width="15" height="14"/>
</TextureAtlas>
