<?xml version="1.0" encoding="UTF-8"?>
<!-- Created with TexturePacker http://www.codeandweb.com/texturepacker-->
<!-- $TexturePacker:SmartUpdate:dc07483cafc05abe51677d488190ad07:fbdcb11cf5e3806b1cc1eeb6dcca65df:75946b3f700a38f8bb44c156f6869813$ -->
<TextureAtlas imagePath="2440_dragon_fonduedragon_3_HD_tweened_dxt5.dds" scale="0.9609375">
    <SubTexture name="SPAM_RearrangedBitmap1101841976" x="454" y="633" width="37" height="15" frameX="0" frameY="0" frameWidth="41" frameHeight="17"/>
    <SubTexture name="SPAM_RearrangedBitmap1542957562" x="974" y="54" width="17" height="28"/>
    <SubTexture name="SPAM_RearrangedBitmap1671734047" x="2" y="546" width="150" height="123" frameX="-10" frameY="-9" frameWidth="172" frameHeight="141"/>
    <SubTexture name="SPAM_RearrangedBitmap1894464784" x="742" y="179" width="209" height="78" frameX="0" frameY="0" frameWidth="213" frameHeight="80"/>
    <SubTexture name="SPAM_RearrangedBitmap2109201241" x="587" y="419" width="7" height="44"/>
    <SubTexture name="SPAM_RearrangedBitmap2943053712" x="165" y="539" width="15" height="12"/>
    <SubTexture name="SPAM_RearrangedBitmap3277260825" x="649" y="493" width="80" height="59" frameX="0" frameY="0" frameWidth="82" frameHeight="61"/>
    <SubTexture name="SPAM_RearrangedBitmap3672508151" x="649" y="554" width="78" height="123" frameX="0" frameY="-1" frameWidth="82" frameHeight="127"/>
    <SubTexture name="SPAM_RearrangedBitmap3758818261" x="649" y="355" width="87" height="76" frameX="0" frameY="0" frameWidth="89" frameHeight="78"/>
    <SubTexture name="SPAM_RearrangedBitmap3944694877" x="581" y="573" width="14" height="4"/>
    <SubTexture name="SPAM_RearrangedBitmap4326876870" x="582" y="522" width="11" height="49"/>
    <SubTexture name="SPAM_RearrangedBitmap4456335529" x="422" y="181" width="178" height="129" frameX="0" frameY="0" frameWidth="182" frameHeight="133"/>
    <SubTexture name="SPAM_RearrangedBitmap4482183566" x="165" y="485" width="15" height="38"/>
    <SubTexture name="SPAM_RearrangedBitmap5265554453" x="993" y="80" width="2" height="2"/>
    <SubTexture name="SPAM_RearrangedBitmap5516101102" x="649" y="554" width="78" height="123" frameX="0" frameY="-1" frameWidth="82" frameHeight="127"/>
    <SubTexture name="SPAM_RearrangedBitmap5584909574" x="842" y="790" width="111" height="76" frameX="0" frameY="0" frameWidth="113" frameHeight="78"/>
    <SubTexture name="SPAM_RearrangedBitmap5603749268" x="742" y="179" width="209" height="78" frameX="0" frameY="0" frameWidth="213" frameHeight="80"/>
    <SubTexture name="SPAM_RearrangedBitmap5670693666" x="645" y="764" width="73" height="27" frameX="-1" frameY="-1" frameWidth="81" frameHeight="33"/>
    <SubTexture name="SPAM_RearrangedBitmap595760024" x="738" y="362" width="140" height="122" frameX="-10" frameY="-7" frameWidth="162" frameHeight="142"/>
    <SubTexture name="SPAM_RearrangedBitmap6576889203" x="731" y="524" width="131" height="122" frameX="-9" frameY="-8" frameWidth="153" frameHeight="142"/>
    <SubTexture name="SPAM_RearrangedBitmap669860168" x="410" y="655" width="96" height="72" frameX="-1" frameY="-1" frameWidth="100" frameHeight="76"/>
    <SubTexture name="SPAM_RearrangedBitmap6983673924" x="587" y="380" width="8" height="37"/>
    <SubTexture name="SPAM_RearrangedBitmap7419318374" x="422" y="181" width="178" height="129" frameX="0" frameY="0" frameWidth="182" frameHeight="133"/>
    <SubTexture name="SPAM_RearrangedBitmap7895575093" x="649" y="292" width="90" height="25" frameX="-1" frameY="-1" frameWidth="98" frameHeight="31"/>
    <SubTexture name="SPAM_RearrangedBitmap8126970198" x="581" y="592" width="65" height="25" frameX="-3" frameY="-1" frameWidth="77" frameHeight="31"/>
    <SubTexture name="SPAM_RearrangedBitmap8405129396" x="165" y="525" width="15" height="12"/>
    <SubTexture name="SPAM_RearrangedBitmap8449238453" x="370" y="266" width="5" height="25"/>
    <SubTexture name="SPAM_RearrangedBitmap8653180432" x="646" y="679" width="77" height="83" frameX="0" frameY="0" frameWidth="81" frameHeight="89"/>
    <SubTexture name="SPAM_RearrangedBitmap9133181788" x="573" y="731" width="63" height="24" frameX="-2" frameY="-1" frameWidth="73" frameHeight="30"/>
    <SubTexture name="SPAM_RearrangedBitmap9649242495" x="582" y="465" width="13" height="46"/>
    <SubTexture name="SPAM_RearrangedBitmap9708525171" x="649" y="433" width="83" height="25" frameX="-2" frameY="-1" frameWidth="91" frameHeight="31"/>
    <SubTexture name="SPAM_RearrangedBitmap9943812345" x="454" y="633" width="37" height="15" frameX="0" frameY="0" frameWidth="41" frameHeight="17"/>
    <SubTexture name="SPAM_RearrangedBitmap9992403159" x="864" y="600" width="131" height="109" frameX="-11" frameY="-12" frameWidth="159" frameHeight="135"/>
    <SubTexture name="layer_001_png" x="732" y="486" width="134" height="36"/>
    <SubTexture name="layer_002_png" x="416" y="380" width="169" height="69"/>
    <SubTexture name="layer_003_png" x="422" y="97" width="226" height="82"/>
    <SubTexture name="layer_004_png" x="401" y="899" width="36" height="109"/>
    <SubTexture name="layer_005_png" x="187" y="696" width="114" height="318"/>
    <SubTexture name="layer_006_png" x="559" y="804" width="105" height="203"/>
    <SubTexture name="layer_007_png" x="720" y="777" width="120" height="89"/>
    <SubTexture name="layer_008_png" x="949" y="320" width="73" height="76"/>
    <SubTexture name="layer_009_png" x="953" y="179" width="19" height="56"/>
    <SubTexture name="layer_010_png" x="427" y="729" width="77" height="56"/>
    <SubTexture name="layer_011_png" x="506" y="739" width="61" height="60"/>
    <SubTexture name="layer_012_png" x="743" y="2" width="248" height="50"/>
    <SubTexture name="layer_013_png" x="370" y="366" width="44" height="20"/>
    <SubTexture name="layer_014_png" x="395" y="731" width="30" height="29"/>
    <SubTexture name="layer_015_png" x="986" y="711" width="34" height="39"/>
    <SubTexture name="layer_016_png" x="154" y="634" width="31" height="34"/>
    <SubTexture name="layer_017_png" x="145" y="793" width="37" height="39"/>
    <SubTexture name="layer_018_png" x="154" y="670" width="31" height="33"/>
    <SubTexture name="layer_019_png" x="145" y="705" width="40" height="42"/>
    <SubTexture name="layer_020_png" x="87" y="984" width="35" height="35"/>
    <SubTexture name="layer_021_png" x="145" y="749" width="39" height="42"/>
    <SubTexture name="layer_022_png" x="743" y="54" width="229" height="123"/>
    <SubTexture name="layer_023_png" x="195" y="153" width="181" height="111"/>
    <SubTexture name="layer_024_png" x="666" y="868" width="95" height="154"/>
    <SubTexture name="layer_025_png" x="763" y="868" width="108" height="64"/>
    <SubTexture name="layer_026_png" x="338" y="603" width="75" height="50"/>
    <SubTexture name="layer_027_png" x="729" y="648" width="129" height="127"/>
    <SubTexture name="layer_028_png" x="370" y="293" width="4" height="13"/>
    <SubTexture name="layer_030_png" x="880" y="398" width="140" height="47"/>
    <SubTexture name="layer_031_png" x="154" y="553" width="31" height="79"/>
    <SubTexture name="layer_032_png" x="439" y="899" width="117" height="48"/>
    <SubTexture name="layer_033_png" x="378" y="196" width="42" height="22"/>
    <SubTexture name="layer_034_png" x="165" y="334" width="24" height="56"/>
    <SubTexture name="layer_035_png" x="401" y="848" width="100" height="49"/>
    <SubTexture name="layer_036_png" x="860" y="711" width="124" height="77"/>
    <SubTexture name="layer_037_png" x="420" y="312" width="175" height="66"/>
    <SubTexture name="layer_038_png" x="303" y="764" width="96" height="246"/>
    <SubTexture name="layer_039_png" x="422" y="2" width="319" height="93"/>
    <SubTexture name="layer_040_png" x="581" y="619" width="63" height="110"/>
    <SubTexture name="layer_041_png" x="2" y="2" width="418" height="149"/>
    <SubTexture name="layer_042_png" x="2" y="671" width="141" height="205"/>
    <SubTexture name="layer_043_png" x="195" y="266" width="173" height="179"/>
    <SubTexture name="layer_044_png" x="2" y="153" width="191" height="179"/>
    <SubTexture name="layer_045_png" x="188" y="447" width="154" height="143"/>
    <SubTexture name="layer_046_png" x="2" y="334" width="161" height="210"/>
    <SubTexture name="layer_047_png" x="880" y="447" width="134" height="151"/>
    <SubTexture name="layer_048_png" x="187" y="592" width="149" height="57"/>
    <SubTexture name="layer_049_png" x="344" y="572" width="65" height="29"/>
    <SubTexture name="layer_050_png" x="986" y="782" width="30" height="47"/>
    <SubTexture name="layer_051_png" x="650" y="97" width="91" height="49"/>
    <SubTexture name="layer_052_png" x="650" y="157" width="90" height="133"/>
    <SubTexture name="layer_053_png" x="742" y="259" width="205" height="101"/>
    <SubTexture name="layer_054_png" x="87" y="878" width="98" height="104"/>
    <SubTexture name="layer_055_png" x="332" y="655" width="76" height="73"/>
    <SubTexture name="layer_056_png" x="953" y="237" width="18" height="57"/>
    <SubTexture name="layer_057_png" x="506" y="801" width="51" height="79"/>
    <SubTexture name="layer_058_png" x="569" y="757" width="74" height="45"/>
    <SubTexture name="layer_059_png" x="597" y="336" width="50" height="250"/>
    <SubTexture name="layer_060_png" x="124" y="984" width="57" height="22"/>
    <SubTexture name="layer_061_png" x="795" y="991" width="30" height="23"/>
    <SubTexture name="layer_062_png" x="974" y="84" width="47" height="35"/>
    <SubTexture name="layer_063_png" x="439" y="996" width="36" height="24"/>
    <SubTexture name="layer_064_png" x="145" y="834" width="36" height="40"/>
    <SubTexture name="layer_065_png" x="477" y="996" width="35" height="24"/>
    <SubTexture name="layer_066_png" x="378" y="153" width="42" height="41"/>
    <SubTexture name="layer_067_png" x="514" y="996" width="35" height="23"/>
    <SubTexture name="layer_068_png" x="955" y="831" width="43" height="42"/>
    <SubTexture name="layer_069_png" x="650" y="148" width="91" height="7"/>
    <SubTexture name="layer_070_png" x="303" y="1012" width="76" height="9"/>
    <SubTexture name="layer_071_png" x="415" y="544" width="164" height="87"/>
    <SubTexture name="layer_072_png" x="187" y="651" width="143" height="43"/>
    <SubTexture name="layer_073_png" x="415" y="633" width="37" height="19"/>
    <SubTexture name="layer_074_png" x="993" y="2" width="29" height="21"/>
    <SubTexture name="layer_075_png" x="993" y="25" width="29" height="14"/>
    <SubTexture name="layer_076_png" x="993" y="65" width="22" height="13"/>
    <SubTexture name="layer_077_png" x="378" y="220" width="42" height="17"/>
    <SubTexture name="layer_078_png" x="827" y="991" width="30" height="22"/>
    <SubTexture name="layer_079_png" x="415" y="451" width="165" height="91"/>
    <SubTexture name="layer_080_png" x="916" y="362" width="30" height="30"/>
    <SubTexture name="layer_081_png" x="508" y="633" width="63" height="104"/>
    <SubTexture name="layer_082_png" x="370" y="388" width="43" height="182"/>
    <SubTexture name="layer_083_png" x="344" y="447" width="9" height="113"/>
    <SubTexture name="layer_084_png" x="986" y="752" width="33" height="28"/>
    <SubTexture name="layer_085_png" x="165" y="453" width="18" height="30"/>
    <SubTexture name="layer_086_png" x="378" y="239" width="40" height="125"/>
    <SubTexture name="layer_087_png" x="974" y="121" width="46" height="156"/>
    <SubTexture name="layer_088_png" x="649" y="460" width="81" height="31"/>
    <SubTexture name="layer_089_png" x="2" y="878" width="83" height="142"/>
    <SubTexture name="layer_090_png" x="649" y="319" width="88" height="34"/>
    <SubTexture name="layer_091_png" x="439" y="949" width="112" height="45"/>
    <SubTexture name="layer_092_png" x="581" y="579" width="11" height="11"/>
    <SubTexture name="layer_093_png" x="666" y="793" width="51" height="59"/>
    <SubTexture name="layer_094_png" x="763" y="934" width="98" height="55"/>
    <SubTexture name="layer_095_png" x="602" y="181" width="46" height="100"/>
    <SubTexture name="layer_096_png" x="763" y="991" width="30" height="28"/>
    <SubTexture name="layer_097_png" x="602" y="283" width="45" height="51"/>
    <SubTexture name="layer_098_png" x="949" y="296" width="21" height="21"/>
    <SubTexture name="layer_099_png" x="355" y="447" width="10" height="12"/>
    <SubTexture name="layer_100_png" x="1017" y="65" width="5" height="4"/>
    <SubTexture name="layer_101_png" x="880" y="362" width="34" height="34"/>
    <SubTexture name="layer_102_png" x="401" y="787" width="103" height="59"/>
    <SubTexture name="layer_103_png" x="973" y="279" width="49" height="39"/>
    <SubTexture name="layer_104_png" x="993" y="41" width="26" height="22"/>
    <SubTexture name="layer_105_png" x="303" y="731" width="34" height="31"/>
    <SubTexture name="layer_106_png" x="165" y="431" width="21" height="20"/>
    <SubTexture name="layer_107_png" x="582" y="513" width="12" height="7"/>
    <SubTexture name="layer_108_png" x="165" y="392" width="21" height="37"/>
    <SubTexture name="layer_109_png" x="339" y="731" width="54" height="29"/>
</TextureAtlas>
