<?xml version="1.0" encoding="UTF-8"?>
<!-- Created with TexturePacker http://www.codeandweb.com/texturepacker-->
<!-- $TexturePacker:SmartUpdate:44528b19e0129a7d651bca7f23034e8e:e9911d8e734b43e4d4c878c4f5fcf23d:948bef7c000346f21fd61b9a007650c4$ -->
<TextureAtlas imagePath="2440_dragon_fonduedragon_3_HD_tweened_dxt5_map.dds" scale="0.521415710449">
    <SubTexture name="SPAM_RearrangedBitmap1542957562" x="361" y="495" width="9" height="15"/>
    <SubTexture name="SPAM_RearrangedBitmap2109201241" x="378" y="466" width="4" height="23"/>
    <SubTexture name="SPAM_RearrangedBitmap4326876870" x="370" y="466" width="6" height="27"/>
    <SubTexture name="SPAM_RearrangedBitmap4482183566" x="502" y="179" width="8" height="20"/>
    <SubTexture name="SPAM_RearrangedBitmap5265554453" x="155" y="198" width="1" height="1"/>
    <SubTexture name="SPAM_RearrangedBitmap5670693666" x="434" y="138" width="40" height="14" frameX="0" frameY="-1" frameWidth="44" frameHeight="18"/>
    <SubTexture name="SPAM_RearrangedBitmap6983673924" x="502" y="201" width="4" height="20"/>
    <SubTexture name="SPAM_RearrangedBitmap7895575093" x="385" y="442" width="49" height="13" frameX="-1" frameY="-1" frameWidth="53" frameHeight="17"/>
    <SubTexture name="SPAM_RearrangedBitmap8126970198" x="470" y="304" width="36" height="13" frameX="-1" frameY="-1" frameWidth="42" frameHeight="17"/>
    <SubTexture name="SPAM_RearrangedBitmap8449238453" x="507" y="223" width="3" height="14"/>
    <SubTexture name="SPAM_RearrangedBitmap9133181788" x="348" y="452" width="35" height="12" frameX="0" frameY="-1" frameWidth="39" frameHeight="16"/>
    <SubTexture name="SPAM_RearrangedBitmap9649242495" x="181" y="338" width="7" height="25"/>
    <SubTexture name="SPAM_RearrangedBitmap9708525171" x="436" y="458" width="45" height="13" frameX="-1" frameY="-1" frameWidth="49" frameHeight="17"/>
    <SubTexture name="layer_001_png" x="433" y="223" width="72" height="19"/>
    <SubTexture name="layer_002_png" x="233" y="221" width="91" height="37"/>
    <SubTexture name="layer_003_png" x="56" y="320" width="123" height="44"/>
    <SubTexture name="layer_004_png" x="300" y="379" width="19" height="59"/>
    <SubTexture name="layer_005_png" x="2" y="85" width="62" height="172"/>
    <SubTexture name="layer_006_png" x="2" y="395" width="57" height="110"/>
    <SubTexture name="layer_007_png" x="166" y="198" width="65" height="48"/>
    <SubTexture name="layer_008_png" x="428" y="364" width="40" height="41"/>
    <SubTexture name="layer_009_png" x="181" y="306" width="10" height="30"/>
    <SubTexture name="layer_010_png" x="428" y="407" width="42" height="30"/>
    <SubTexture name="layer_011_png" x="472" y="244" width="33" height="32"/>
    <SubTexture name="layer_012_png" x="56" y="366" width="135" height="27"/>
    <SubTexture name="layer_013_png" x="323" y="459" width="23" height="10"/>
    <SubTexture name="layer_014_png" x="472" y="406" width="16" height="16"/>
    <SubTexture name="layer_015_png" x="470" y="364" width="18" height="21"/>
    <SubTexture name="layer_016_png" x="469" y="491" width="17" height="18"/>
    <SubTexture name="layer_017_png" x="384" y="483" width="20" height="21"/>
    <SubTexture name="layer_018_png" x="304" y="491" width="17" height="18"/>
    <SubTexture name="layer_019_png" x="347" y="471" width="21" height="22"/>
    <SubTexture name="layer_020_png" x="283" y="491" width="19" height="19"/>
    <SubTexture name="layer_021_png" x="300" y="440" width="21" height="22"/>
    <SubTexture name="layer_022_png" x="233" y="153" width="124" height="66"/>
    <SubTexture name="layer_023_png" x="66" y="201" width="98" height="60"/>
    <SubTexture name="layer_024_png" x="434" y="53" width="51" height="83"/>
    <SubTexture name="layer_025_png" x="158" y="474" width="58" height="34"/>
    <SubTexture name="layer_026_png" x="385" y="406" width="41" height="27"/>
    <SubTexture name="layer_027_png" x="222" y="309" width="70" height="69"/>
    <SubTexture name="layer_028_png" x="385" y="355" width="2" height="7"/>
    <SubTexture name="layer_030_png" x="315" y="270" width="76" height="25"/>
    <SubTexture name="layer_031_png" x="451" y="270" width="17" height="43"/>
    <SubTexture name="layer_032_png" x="218" y="482" width="63" height="26"/>
    <SubTexture name="layer_033_png" x="270" y="466" width="22" height="11"/>
    <SubTexture name="layer_034_png" x="497" y="2" width="13" height="30"/>
    <SubTexture name="layer_035_png" x="389" y="336" width="54" height="26"/>
    <SubTexture name="layer_036_png" x="433" y="179" width="67" height="42"/>
    <SubTexture name="layer_037_png" x="61" y="474" width="95" height="35"/>
    <SubTexture name="layer_038_png" x="2" y="259" width="52" height="134"/>
    <SubTexture name="layer_039_png" x="231" y="2" width="173" height="50"/>
    <SubTexture name="layer_040_png" x="317" y="297" width="34" height="59"/>
    <SubTexture name="layer_041_png" x="2" y="2" width="227" height="81"/>
    <SubTexture name="layer_042_png" x="155" y="85" width="76" height="111"/>
    <SubTexture name="layer_043_png" x="338" y="54" width="94" height="97"/>
    <SubTexture name="layer_044_png" x="233" y="54" width="103" height="97"/>
    <SubTexture name="layer_045_png" x="61" y="395" width="83" height="77"/>
    <SubTexture name="layer_046_png" x="66" y="85" width="87" height="114"/>
    <SubTexture name="layer_047_png" x="359" y="153" width="72" height="82"/>
    <SubTexture name="layer_048_png" x="326" y="237" width="81" height="31"/>
    <SubTexture name="layer_049_png" x="348" y="434" width="35" height="16"/>
    <SubTexture name="layer_050_png" x="305" y="464" width="16" height="25"/>
    <SubTexture name="layer_051_png" x="219" y="454" width="49" height="26"/>
    <SubTexture name="layer_052_png" x="222" y="380" width="49" height="72"/>
    <SubTexture name="layer_053_png" x="56" y="263" width="111" height="55"/>
    <SubTexture name="layer_054_png" x="169" y="248" width="53" height="56"/>
    <SubTexture name="layer_055_png" x="385" y="364" width="41" height="40"/>
    <SubTexture name="layer_056_png" x="472" y="319" width="9" height="31"/>
    <SubTexture name="layer_057_png" x="355" y="355" width="28" height="43"/>
    <SubTexture name="layer_058_png" x="470" y="278" width="40" height="24"/>
    <SubTexture name="layer_059_png" x="193" y="306" width="27" height="136"/>
    <SubTexture name="layer_060_png" x="326" y="221" width="31" height="11"/>
    <SubTexture name="layer_061_png" x="472" y="424" width="16" height="12"/>
    <SubTexture name="layer_062_png" x="321" y="414" width="25" height="19"/>
    <SubTexture name="layer_063_png" x="448" y="491" width="19" height="13"/>
    <SubTexture name="layer_064_png" x="406" y="483" width="19" height="21"/>
    <SubTexture name="layer_065_png" x="427" y="491" width="19" height="13"/>
    <SubTexture name="layer_066_png" x="323" y="471" width="22" height="22"/>
    <SubTexture name="layer_067_png" x="482" y="438" width="19" height="12"/>
    <SubTexture name="layer_068_png" x="323" y="435" width="23" height="22"/>
    <SubTexture name="layer_069_png" x="385" y="457" width="49" height="4"/>
    <SubTexture name="layer_070_png" x="385" y="435" width="41" height="5"/>
    <SubTexture name="layer_071_png" x="224" y="260" width="89" height="47"/>
    <SubTexture name="layer_072_png" x="433" y="154" width="77" height="23"/>
    <SubTexture name="layer_073_png" x="283" y="479" width="20" height="10"/>
    <SubTexture name="layer_074_png" x="483" y="465" width="16" height="11"/>
    <SubTexture name="layer_075_png" x="488" y="491" width="16" height="7"/>
    <SubTexture name="layer_076_png" x="488" y="500" width="11" height="7"/>
    <SubTexture name="layer_077_png" x="483" y="342" width="22" height="9"/>
    <SubTexture name="layer_078_png" x="483" y="452" width="16" height="11"/>
    <SubTexture name="layer_079_png" x="406" y="2" width="89" height="49"/>
    <SubTexture name="layer_080_png" x="465" y="473" width="16" height="16"/>
    <SubTexture name="layer_081_png" x="353" y="297" width="34" height="56"/>
    <SubTexture name="layer_082_png" x="487" y="53" width="23" height="99"/>
    <SubTexture name="layer_083_png" x="348" y="358" width="5" height="61"/>
    <SubTexture name="layer_084_png" x="323" y="495" width="18" height="15"/>
    <SubTexture name="layer_085_png" x="497" y="34" width="9" height="16"/>
    <SubTexture name="layer_086_png" x="294" y="309" width="21" height="68"/>
    <SubTexture name="layer_087_png" x="273" y="380" width="25" height="84"/>
    <SubTexture name="layer_088_png" x="436" y="439" width="44" height="17"/>
    <SubTexture name="layer_089_png" x="146" y="395" width="45" height="77"/>
    <SubTexture name="layer_090_png" x="385" y="463" width="47" height="18"/>
    <SubTexture name="layer_091_png" x="409" y="244" width="61" height="24"/>
    <SubTexture name="layer_092_png" x="464" y="319" width="6" height="6"/>
    <SubTexture name="layer_093_png" x="355" y="400" width="28" height="32"/>
    <SubTexture name="layer_094_png" x="389" y="304" width="53" height="30"/>
    <SubTexture name="layer_095_png" x="321" y="358" width="25" height="54"/>
    <SubTexture name="layer_096_png" x="343" y="495" width="16" height="15"/>
    <SubTexture name="layer_097_png" x="193" y="444" width="24" height="28"/>
    <SubTexture name="layer_098_png" x="499" y="478" width="11" height="11"/>
    <SubTexture name="layer_099_png" x="427" y="483" width="5" height="6"/>
    <SubTexture name="layer_100_png" x="56" y="259" width="3" height="2"/>
    <SubTexture name="layer_101_png" x="444" y="315" width="18" height="18"/>
    <SubTexture name="layer_102_png" x="393" y="270" width="56" height="32"/>
    <SubTexture name="layer_103_png" x="483" y="319" width="27" height="21"/>
    <SubTexture name="layer_104_png" x="483" y="478" width="14" height="11"/>
    <SubTexture name="layer_105_png" x="470" y="387" width="18" height="17"/>
    <SubTexture name="layer_106_png" x="458" y="352" width="11" height="10"/>
    <SubTexture name="layer_107_png" x="464" y="327" width="6" height="4"/>
    <SubTexture name="layer_108_png" x="445" y="342" width="11" height="20"/>
    <SubTexture name="layer_109_png" x="434" y="473" width="29" height="16"/>
</TextureAtlas>
