<?xml version="1.0" encoding="UTF-8"?>
<!-- Created with TexturePacker http://www.codeandweb.com/texturepacker-->
<!-- $TexturePacker:SmartUpdate:4dabe8d18e7d417f0700f31562eb8ecc:de9ef46df1565a8a3b1c2672fd2433f6:f1aa9bc395bf469b5ab89c800eaaea3b$ -->
<TextureAtlas imagePath="2353_dragon_dwarf_3_HD_tweened_dxt5_map.dds" scale="0.5185546875">
    <SubTexture name="layer_001_png" x="254" y="241" width="81" height="50"/>
    <SubTexture name="layer_002_png" x="168" y="289" width="66" height="72"/>
    <SubTexture name="layer_003_png" x="254" y="163" width="78" height="76"/>
    <SubTexture name="layer_004_png" x="368" y="299" width="55" height="63"/>
    <SubTexture name="layer_005_png" x="141" y="383" width="22" height="25"/>
    <SubTexture name="layer_006_png" x="337" y="408" width="29" height="31"/>
    <SubTexture name="layer_007_png" x="231" y="489" width="24" height="21"/>
    <SubTexture name="layer_008_png" x="2" y="485" width="171" height="24"/>
    <SubTexture name="layer_009_png" x="319" y="342" width="46" height="35"/>
    <SubTexture name="layer_010_png" x="2" y="292" width="101" height="116"/>
    <SubTexture name="layer_011_png" x="175" y="485" width="19" height="25"/>
    <SubTexture name="layer_012_png" x="196" y="488" width="33" height="22"/>
    <SubTexture name="layer_013_png" x="105" y="383" width="34" height="25"/>
    <SubTexture name="layer_014_png" x="175" y="485" width="19" height="25"/>
    <SubTexture name="layer_015_png" x="461" y="93" width="22" height="29"/>
    <SubTexture name="layer_016_png" x="411" y="410" width="33" height="19"/>
    <SubTexture name="layer_017_png" x="175" y="485" width="19" height="25"/>
    <SubTexture name="layer_018_png" x="337" y="379" width="28" height="27"/>
    <SubTexture name="layer_019_png" x="341" y="441" width="27" height="27"/>
    <SubTexture name="layer_020_png" x="411" y="371" width="39" height="37"/>
    <SubTexture name="layer_021_png" x="393" y="432" width="16" height="31"/>
    <SubTexture name="layer_022_png" x="492" y="426" width="16" height="16"/>
    <SubTexture name="layer_023_png" x="376" y="492" width="14" height="16"/>
    <SubTexture name="layer_024_png" x="484" y="366" width="26" height="21"/>
    <SubTexture name="layer_025_png" x="449" y="431" width="21" height="20"/>
    <SubTexture name="layer_026_png" x="472" y="431" width="18" height="17"/>
    <SubTexture name="layer_027_png" x="470" y="468" width="15" height="16"/>
    <SubTexture name="layer_028_png" x="425" y="297" width="45" height="52"/>
    <SubTexture name="layer_029_png" x="370" y="464" width="20" height="26"/>
    <SubTexture name="layer_030_png" x="425" y="351" width="40" height="18"/>
    <SubTexture name="layer_031_png" x="122" y="95" width="115" height="66"/>
    <SubTexture name="layer_032_png" x="112" y="163" width="82" height="124"/>
    <SubTexture name="layer_033_png" x="367" y="2" width="92" height="120"/>
    <SubTexture name="layer_034_png" x="122" y="2" width="132" height="91"/>
    <SubTexture name="layer_035_png" x="168" y="363" width="63" height="37"/>
    <SubTexture name="layer_036_png" x="267" y="408" width="37" height="43"/>
    <SubTexture name="layer_037_png" x="411" y="431" width="16" height="32"/>
    <SubTexture name="layer_038_png" x="313" y="489" width="15" height="17"/>
    <SubTexture name="layer_039_png" x="489" y="456" width="15" height="16"/>
    <SubTexture name="layer_040_png" x="392" y="465" width="22" height="20"/>
    <SubTexture name="layer_041_png" x="416" y="465" width="18" height="20"/>
    <SubTexture name="layer_042_png" x="292" y="489" width="19" height="19"/>
    <SubTexture name="layer_043_png" x="472" y="450" width="15" height="16"/>
    <SubTexture name="layer_044_png" x="461" y="30" width="41" height="61"/>
    <SubTexture name="layer_045_png" x="2" y="2" width="118" height="143"/>
    <SubTexture name="layer_046_png" x="2" y="147" width="108" height="143"/>
    <SubTexture name="layer_047_png" x="334" y="124" width="149" height="47"/>
    <SubTexture name="layer_048_png" x="472" y="297" width="38" height="37"/>
    <SubTexture name="layer_049_png" x="333" y="97" width="25" height="25"/>
    <SubTexture name="layer_050_png" x="236" y="293" width="77" height="51"/>
    <SubTexture name="layer_051_png" x="423" y="226" width="19" height="31"/>
    <SubTexture name="layer_052_png" x="236" y="346" width="81" height="28"/>
    <SubTexture name="layer_053_png" x="2" y="410" width="99" height="73"/>
    <SubTexture name="layer_054_png" x="233" y="376" width="69" height="30"/>
    <SubTexture name="layer_055_png" x="452" y="371" width="30" height="58"/>
    <SubTexture name="layer_056_png" x="105" y="292" width="61" height="89"/>
    <SubTexture name="layer_057_png" x="306" y="437" width="19" height="10"/>
    <SubTexture name="layer_058_png" x="279" y="488" width="11" height="20"/>
    <SubTexture name="layer_059_png" x="409" y="487" width="14" height="22"/>
    <SubTexture name="layer_060_png" x="103" y="410" width="35" height="73"/>
    <SubTexture name="layer_061_png" x="425" y="487" width="13" height="17"/>
    <SubTexture name="layer_062_png" x="397" y="400" width="12" height="20"/>
    <SubTexture name="layer_063_png" x="485" y="148" width="25" height="16"/>
    <SubTexture name="layer_064_png" x="341" y="492" width="16" height="18"/>
    <SubTexture name="layer_065_png" x="341" y="470" width="27" height="20"/>
    <SubTexture name="layer_066_png" x="392" y="487" width="15" height="23"/>
    <SubTexture name="layer_067_png" x="487" y="474" width="12" height="11"/>
    <SubTexture name="layer_068_png" x="449" y="453" width="19" height="15"/>
    <SubTexture name="layer_069_png" x="368" y="400" width="27" height="30"/>
    <SubTexture name="layer_070_png" x="461" y="2" width="49" height="26"/>
    <SubTexture name="layer_071_png" x="334" y="173" width="108" height="51"/>
    <SubTexture name="layer_072_png" x="256" y="2" width="109" height="93"/>
    <SubTexture name="layer_073_png" x="337" y="226" width="84" height="71"/>
    <SubTexture name="layer_074_png" x="444" y="173" width="66" height="84"/>
    <SubTexture name="layer_075_png" x="292" y="453" width="36" height="34"/>
    <SubTexture name="layer_076_png" x="212" y="448" width="39" height="35"/>
    <SubTexture name="layer_077_png" x="253" y="453" width="37" height="33"/>
    <SubTexture name="layer_078_png" x="367" y="364" width="42" height="34"/>
    <SubTexture name="layer_079_png" x="170" y="402" width="40" height="55"/>
    <SubTexture name="layer_080_png" x="315" y="299" width="51" height="41"/>
    <SubTexture name="layer_081_png" x="484" y="389" width="21" height="35"/>
    <SubTexture name="layer_082_png" x="485" y="93" width="23" height="53"/>
    <SubTexture name="layer_083_png" x="330" y="441" width="9" height="53"/>
    <SubTexture name="layer_084_png" x="423" y="259" width="84" height="36"/>
    <SubTexture name="layer_085_png" x="257" y="488" width="20" height="22"/>
    <SubTexture name="layer_086_png" x="359" y="492" width="15" height="18"/>
    <SubTexture name="layer_087_png" x="236" y="278" width="15" height="12"/>
    <SubTexture name="layer_088_png" x="170" y="459" width="35" height="24"/>
    <SubTexture name="layer_089_png" x="429" y="431" width="18" height="30"/>
    <SubTexture name="layer_090_png" x="492" y="444" width="17" height="10"/>
    <SubTexture name="layer_091_png" x="370" y="432" width="21" height="30"/>
    <SubTexture name="layer_092_png" x="467" y="351" width="3" height="3"/>
    <SubTexture name="layer_093_png" x="253" y="448" width="5" height="3"/>
    <SubTexture name="layer_094_png" x="140" y="410" width="28" height="70"/>
    <SubTexture name="layer_095_png" x="306" y="379" width="29" height="56"/>
    <SubTexture name="layer_096_png" x="239" y="97" width="92" height="64"/>
    <SubTexture name="layer_097_png" x="472" y="336" width="38" height="28"/>
    <SubTexture name="layer_098_png" x="212" y="408" width="53" height="38"/>
    <SubTexture name="layer_099_png" x="196" y="163" width="56" height="113"/>
</TextureAtlas>
