<?xml version="1.0" encoding="UTF-8"?>
<!-- Created with TexturePacker http://www.codeandweb.com/texturepacker-->
<!-- $TexturePacker:SmartUpdate:57f42435788e61cfcd3e0625e01798f2:e42b7052bdbf4af88325e6e5fe32b392:879c8ed8b811ea487fc7f7d35f58b4fb$ -->
<TextureAtlas imagePath="2353_dragon_dwarf_3_HD_tweened_dxt5.dds" scale="0.9140625">
    <SubTexture name="SPAM_RearrangedBitmap1006995913" x="102" y="952" width="51" height="69" frameX="0" frameY="0" frameWidth="53" frameHeight="73"/>
    <SubTexture name="SPAM_RearrangedBitmap1014470135" x="251" y="950" width="66" height="62" frameX="0" frameY="0" frameWidth="72" frameHeight="66"/>
    <SubTexture name="SPAM_RearrangedBitmap1101841976" x="222" y="225" width="11" height="13"/>
    <SubTexture name="SPAM_RearrangedBitmap1490119599" x="545" y="715" width="96" height="119" frameX="0" frameY="-1" frameWidth="98" frameHeight="123"/>
    <SubTexture name="SPAM_RearrangedBitmap1542957562" x="817" y="906" width="93" height="49" frameX="-10" frameY="-10" frameWidth="117" frameHeight="67"/>
    <SubTexture name="SPAM_RearrangedBitmap1671734047" x="476" y="836" width="88" height="96" frameX="-14" frameY="-14" frameWidth="122" frameHeight="130"/>
    <SubTexture name="SPAM_RearrangedBitmap1894464784" x="102" y="734" width="22" height="13"/>
    <SubTexture name="SPAM_RearrangedBitmap2109201241" x="991" y="815" width="27" height="40" frameX="-10" frameY="-11" frameWidth="53" frameHeight="62"/>
    <SubTexture name="SPAM_RearrangedBitmap29130765" x="762" y="257" width="17" height="16" frameX="0" frameY="0" frameWidth="19" frameHeight="18"/>
    <SubTexture name="SPAM_RearrangedBitmap3277260825" x="542" y="934" width="61" height="55" frameX="0" frameY="0" frameWidth="63" frameHeight="57"/>
    <SubTexture name="SPAM_RearrangedBitmap3398388945" x="406" y="562" width="41" height="37" frameX="-2" frameY="0" frameWidth="47" frameHeight="41"/>
    <SubTexture name="SPAM_RearrangedBitmap3672508151" x="222" y="210" width="11" height="13"/>
    <SubTexture name="SPAM_RearrangedBitmap3758818261" x="931" y="815" width="58" height="48" frameX="0" frameY="0" frameWidth="62" frameHeight="52"/>
    <SubTexture name="SPAM_RearrangedBitmap4013989714" x="102" y="847" width="20" height="15" frameX="0" frameY="0" frameWidth="22" frameHeight="17"/>
    <SubTexture name="SPAM_RearrangedBitmap4077509624" x="530" y="464" width="22" height="12" frameX="0" frameY="0" frameWidth="24" frameHeight="16"/>
    <SubTexture name="SPAM_RearrangedBitmap4326876870" x="286" y="712" width="103" height="124" frameX="-12" frameY="-11" frameWidth="129" frameHeight="144"/>
    <SubTexture name="SPAM_RearrangedBitmap4381861515" x="495" y="385" width="67" height="56" frameX="-1" frameY="0" frameWidth="73" frameHeight="60"/>
    <SubTexture name="SPAM_RearrangedBitmap4456335529" x="447" y="715" width="96" height="119" frameX="-20" frameY="-15" frameWidth="136" frameHeight="155"/>
    <SubTexture name="SPAM_RearrangedBitmap4482183566" x="945" y="461" width="76" height="79" frameX="-15" frameY="-14" frameWidth="106" frameHeight="101"/>
    <SubTexture name="SPAM_RearrangedBitmap5265554453" x="747" y="367" width="11" height="14" frameX="0" frameY="0" frameWidth="13" frameHeight="16"/>
    <SubTexture name="SPAM_RearrangedBitmap5377896167" x="735" y="715" width="98" height="115" frameX="0" frameY="0" frameWidth="100" frameHeight="117"/>
    <SubTexture name="SPAM_RearrangedBitmap5516101102" x="643" y="556" width="100" height="117" frameX="-13" frameY="-13" frameWidth="134" frameHeight="149"/>
    <SubTexture name="SPAM_RearrangedBitmap5556315498" x="747" y="349" width="13" height="16" frameX="0" frameY="0" frameWidth="15" frameHeight="18"/>
    <SubTexture name="SPAM_RearrangedBitmap5584909574" x="804" y="958" width="59" height="51" frameX="-1" frameY="0" frameWidth="63" frameHeight="55"/>
    <SubTexture name="SPAM_RearrangedBitmap5603749268" x="643" y="715" width="90" height="118" frameX="-20" frameY="-15" frameWidth="134" frameHeight="158"/>
    <SubTexture name="SPAM_RearrangedBitmap5670693666" x="977" y="262" width="44" height="32" frameX="-1" frameY="0" frameWidth="48" frameHeight="34"/>
    <SubTexture name="SPAM_RearrangedBitmap5760018857" x="771" y="646" width="61" height="51" frameX="-2" frameY="-1" frameWidth="67" frameHeight="55"/>
    <SubTexture name="SPAM_RearrangedBitmap595760024" x="312" y="885" width="61" height="61" frameX="-12" frameY="-14" frameWidth="95" frameHeight="95"/>
    <SubTexture name="SPAM_RearrangedBitmap6292116069" x="167" y="317" width="135" height="148" frameX="-13" frameY="-4" frameWidth="157" frameHeight="158"/>
    <SubTexture name="SPAM_RearrangedBitmap6576889203" x="977" y="217" width="44" height="43" frameX="-13" frameY="-13" frameWidth="78" frameHeight="75"/>
    <SubTexture name="SPAM_RearrangedBitmap6635639284" x="391" y="794" width="48" height="41" frameX="-1" frameY="-2" frameWidth="54" frameHeight="47"/>
    <SubTexture name="SPAM_RearrangedBitmap669860168" x="605" y="931" width="60" height="54" frameX="0" frameY="0" frameWidth="62" frameHeight="58"/>
    <SubTexture name="SPAM_RearrangedBitmap6771352062" x="667" y="835" width="96" height="124" frameX="0" frameY="0" frameWidth="98" frameHeight="126"/>
    <SubTexture name="SPAM_RearrangedBitmap6983673924" x="835" y="746" width="94" height="123" frameX="-10" frameY="-12" frameWidth="118" frameHeight="143"/>
    <SubTexture name="SPAM_RearrangedBitmap7419318374" x="102" y="719" width="22" height="13"/>
    <SubTexture name="SPAM_RearrangedBitmap7775137272" x="560" y="556" width="46" height="39" frameX="-1" frameY="-1" frameWidth="54" frameHeight="45"/>
    <SubTexture name="SPAM_RearrangedBitmap7895575093" x="229" y="831" width="52" height="52" frameX="0" frameY="0" frameWidth="54" frameHeight="54"/>
    <SubTexture name="SPAM_RearrangedBitmap8126970198" x="55" y="719" width="39" height="24" frameX="0" frameY="0" frameWidth="43" frameHeight="26"/>
    <SubTexture name="SPAM_RearrangedBitmap8204493345" x="480" y="934" width="60" height="57" frameX="-1" frameY="-1" frameWidth="70" frameHeight="63"/>
    <SubTexture name="SPAM_RearrangedBitmap8307186886" x="957" y="357" width="62" height="58" frameX="-2" frameY="0" frameWidth="70" frameHeight="62"/>
    <SubTexture name="SPAM_RearrangedBitmap8449238453" x="760" y="371" width="11" height="10"/>
    <SubTexture name="SPAM_RearrangedBitmap8472535027" x="957" y="296" width="62" height="59" frameX="0" frameY="0" frameWidth="66" frameHeight="63"/>
    <SubTexture name="SPAM_RearrangedBitmap8653180432" x="245" y="693" width="39" height="43" frameX="0" frameY="0" frameWidth="43" frameHeight="47"/>
    <SubTexture name="SPAM_RearrangedBitmap9133181788" x="695" y="961" width="57" height="54" frameX="0" frameY="0" frameWidth="59" frameHeight="56"/>
    <SubTexture name="SPAM_RearrangedBitmap9649242495" x="125" y="822" width="102" height="128" frameX="-13" frameY="-11" frameWidth="130" frameHeight="148"/>
    <SubTexture name="SPAM_RearrangedBitmap9708525171" x="865" y="957" width="48" height="49" frameX="-1" frameY="0" frameWidth="52" frameHeight="51"/>
    <SubTexture name="SPAM_RearrangedBitmap9943812345" x="375" y="838" width="99" height="107" frameX="-15" frameY="-13" frameWidth="133" frameHeight="141"/>
    <SubTexture name="SPAM_RearrangedBitmap9992403159" x="977" y="129" width="6" height="4" frameX="0" frameY="0" frameWidth="8" frameHeight="6"/>
    <SubTexture name="layer_001_png" x="152" y="467" width="143" height="88"/>
    <SubTexture name="layer_002_png" x="126" y="693" width="117" height="127"/>
    <SubTexture name="layer_003_png" x="147" y="557" width="138" height="134"/>
    <SubTexture name="layer_004_png" x="835" y="632" width="97" height="112"/>
    <SubTexture name="layer_005_png" x="406" y="691" width="39" height="45"/>
    <SubTexture name="layer_006_png" x="391" y="738" width="51" height="54"/>
    <SubTexture name="layer_007_png" x="451" y="341" width="43" height="38"/>
    <SubTexture name="layer_008_png" x="2" y="2" width="301" height="43"/>
    <SubTexture name="layer_009_png" x="229" y="885" width="81" height="63"/>
    <SubTexture name="layer_010_png" x="567" y="349" width="178" height="205"/>
    <SubTexture name="layer_011_png" x="986" y="93" width="34" height="45"/>
    <SubTexture name="layer_012_png" x="931" y="865" width="58" height="39"/>
    <SubTexture name="layer_013_png" x="283" y="838" width="60" height="45"/>
    <SubTexture name="layer_014_png" x="986" y="93" width="34" height="45"/>
    <SubTexture name="layer_015_png" x="406" y="601" width="40" height="51"/>
    <SubTexture name="layer_016_png" x="684" y="675" width="58" height="34"/>
    <SubTexture name="layer_017_png" x="986" y="93" width="34" height="45"/>
    <SubTexture name="layer_018_png" x="912" y="906" width="49" height="48"/>
    <SubTexture name="layer_019_png" x="963" y="906" width="48" height="48"/>
    <SubTexture name="layer_020_png" x="498" y="250" width="69" height="66"/>
    <SubTexture name="layer_021_png" x="747" y="459" width="29" height="55"/>
    <SubTexture name="layer_022_png" x="345" y="838" width="28" height="29"/>
    <SubTexture name="layer_023_png" x="744" y="675" width="25" height="28"/>
    <SubTexture name="layer_024_png" x="560" y="675" width="46" height="38"/>
    <SubTexture name="layer_025_png" x="245" y="793" width="38" height="36"/>
    <SubTexture name="layer_026_png" x="624" y="987" width="32" height="30"/>
    <SubTexture name="layer_027_png" x="509" y="993" width="27" height="29"/>
    <SubTexture name="layer_028_png" x="566" y="836" width="80" height="93"/>
    <SubTexture name="layer_029_png" x="986" y="2" width="36" height="47"/>
    <SubTexture name="layer_030_png" x="560" y="641" width="72" height="31"/>
    <SubTexture name="layer_031_png" x="782" y="2" width="202" height="117"/>
    <SubTexture name="layer_032_png" x="304" y="341" width="145" height="219"/>
    <SubTexture name="layer_033_png" x="780" y="418" width="163" height="212"/>
    <SubTexture name="layer_034_png" x="2" y="47" width="234" height="161"/>
    <SubTexture name="layer_035_png" x="451" y="478" width="111" height="65"/>
    <SubTexture name="layer_036_png" x="238" y="47" width="65" height="75"/>
    <SubTexture name="layer_037_png" x="747" y="550" width="28" height="57"/>
    <SubTexture name="layer_038_png" x="595" y="991" width="27" height="31"/>
    <SubTexture name="layer_039_png" x="538" y="993" width="26" height="29"/>
    <SubTexture name="layer_040_png" x="406" y="654" width="40" height="35"/>
    <SubTexture name="layer_041_png" x="745" y="609" width="32" height="35"/>
    <SubTexture name="layer_042_png" x="495" y="443" width="33" height="33"/>
    <SubTexture name="layer_043_png" x="480" y="993" width="27" height="29"/>
    <SubTexture name="layer_044_png" x="945" y="605" width="73" height="108"/>
    <SubTexture name="layer_045_png" x="571" y="2" width="209" height="253"/>
    <SubTexture name="layer_046_png" x="305" y="87" width="191" height="252"/>
    <SubTexture name="layer_047_png" x="305" y="2" width="264" height="83"/>
    <SubTexture name="layer_048_png" x="498" y="318" width="67" height="65"/>
    <SubTexture name="layer_049_png" x="977" y="171" width="44" height="44"/>
    <SubTexture name="layer_050_png" x="2" y="572" width="137" height="90"/>
    <SubTexture name="layer_051_png" x="608" y="556" width="33" height="55"/>
    <SubTexture name="layer_052_png" x="2" y="520" width="143" height="50"/>
    <SubTexture name="layer_053_png" x="780" y="288" width="175" height="128"/>
    <SubTexture name="layer_054_png" x="2" y="664" width="122" height="53"/>
    <SubTexture name="layer_055_png" x="167" y="210" width="53" height="103"/>
    <SubTexture name="layer_056_png" x="451" y="545" width="107" height="158"/>
    <SubTexture name="layer_057_png" x="530" y="443" width="34" height="19"/>
    <SubTexture name="layer_058_png" x="102" y="749" width="21" height="36"/>
    <SubTexture name="layer_059_png" x="608" y="674" width="24" height="39"/>
    <SubTexture name="layer_060_png" x="238" y="186" width="62" height="129"/>
    <SubTexture name="layer_061_png" x="658" y="987" width="23" height="30"/>
    <SubTexture name="layer_062_png" x="102" y="787" width="21" height="35"/>
    <SubTexture name="layer_063_png" x="977" y="140" width="45" height="29"/>
    <SubTexture name="layer_064_png" x="747" y="516" width="29" height="32"/>
    <SubTexture name="layer_065_png" x="634" y="675" width="48" height="36"/>
    <SubTexture name="layer_066_png" x="560" y="597" width="27" height="41"/>
    <SubTexture name="layer_067_png" x="102" y="824" width="21" height="21"/>
    <SubTexture name="layer_068_png" x="608" y="613" width="33" height="26"/>
    <SubTexture name="layer_069_png" x="754" y="961" width="48" height="53"/>
    <SubTexture name="layer_070_png" x="934" y="715" width="87" height="47"/>
    <SubTexture name="layer_071_png" x="569" y="257" width="191" height="90"/>
    <SubTexture name="layer_072_png" x="782" y="121" width="193" height="165"/>
    <SubTexture name="layer_073_png" x="2" y="326" width="148" height="126"/>
    <SubTexture name="layer_074_png" x="287" y="562" width="117" height="148"/>
    <SubTexture name="layer_075_png" x="238" y="124" width="63" height="60"/>
    <SubTexture name="layer_076_png" x="498" y="186" width="70" height="62"/>
    <SubTexture name="layer_077_png" x="412" y="947" width="66" height="59"/>
    <SubTexture name="layer_078_png" x="945" y="542" width="74" height="61"/>
    <SubTexture name="layer_079_png" x="498" y="87" width="71" height="97"/>
    <SubTexture name="layer_080_png" x="319" y="948" width="91" height="73"/>
    <SubTexture name="layer_081_png" x="55" y="745" width="38" height="62"/>
    <SubTexture name="layer_082_png" x="451" y="381" width="42" height="95"/>
    <SubTexture name="layer_083_png" x="762" y="275" width="16" height="94"/>
    <SubTexture name="layer_084_png" x="2" y="454" width="148" height="64"/>
    <SubTexture name="layer_085_png" x="986" y="51" width="35" height="40"/>
    <SubTexture name="layer_086_png" x="566" y="991" width="27" height="31"/>
    <SubTexture name="layer_087_png" x="667" y="961" width="26" height="21"/>
    <SubTexture name="layer_088_png" x="957" y="417" width="62" height="42"/>
    <SubTexture name="layer_089_png" x="747" y="383" width="31" height="53"/>
    <SubTexture name="layer_090_png" x="747" y="438" width="31" height="19"/>
    <SubTexture name="layer_091_png" x="245" y="738" width="38" height="53"/>
    <SubTexture name="layer_092_png" x="977" y="121" width="6" height="6"/>
    <SubTexture name="layer_093_png" x="957" y="288" width="10" height="5"/>
    <SubTexture name="layer_094_png" x="765" y="832" width="50" height="124"/>
    <SubTexture name="layer_095_png" x="2" y="719" width="51" height="99"/>
    <SubTexture name="layer_096_png" x="2" y="210" width="163" height="114"/>
    <SubTexture name="layer_097_png" x="931" y="764" width="67" height="49"/>
    <SubTexture name="layer_098_png" x="155" y="952" width="94" height="67"/>
    <SubTexture name="layer_099_png" x="2" y="822" width="98" height="200"/>
</TextureAtlas>
