<?xml version="1.0" encoding="UTF-8"?>
<!-- Created with TexturePacker http://www.codeandweb.com/texturepacker-->
<!-- $TexturePacker:SmartUpdate:9526b8d1629bf637390ff61f2f742228:d34097fe943922afd4319fca4d1e2226:ad3ea5aea9080ae93cc2d368687c62df$ -->
<TextureAtlas imagePath="1187_dragon_photon_d_3_HD_tweened_dxt5_map.dds" scale="0.607543945312">
    <SubTexture name="SPAM_RearrangedBitmap1006995913" x="405" y="72" width="82" height="54"/>
    <SubTexture name="SPAM_RearrangedBitmap1026128579" x="2" y="288" width="137" height="44"/>
    <SubTexture name="SPAM_RearrangedBitmap1101841976" x="2" y="218" width="152" height="68"/>
    <SubTexture name="SPAM_RearrangedBitmap1236621671" x="294" y="275" width="89" height="41"/>
    <SubTexture name="SPAM_RearrangedBitmap1490119599" x="273" y="404" width="82" height="54"/>
    <SubTexture name="SPAM_RearrangedBitmap1542957562" x="461" y="325" width="49" height="73"/>
    <SubTexture name="SPAM_RearrangedBitmap1894464784" x="311" y="2" width="152" height="68"/>
    <SubTexture name="SPAM_RearrangedBitmap2109201241" x="210" y="396" width="61" height="62"/>
    <SubTexture name="SPAM_RearrangedBitmap2765236914" x="156" y="262" width="136" height="42"/>
    <SubTexture name="SPAM_RearrangedBitmap29130765" x="489" y="59" width="21" height="30"/>
    <SubTexture name="SPAM_RearrangedBitmap2943053712" x="379" y="218" width="82" height="52"/>
    <SubTexture name="SPAM_RearrangedBitmap2950249609" x="2" y="75" width="154" height="70"/>
    <SubTexture name="SPAM_RearrangedBitmap2989518749" x="310" y="117" width="92" height="43"/>
    <SubTexture name="SPAM_RearrangedBitmap3277260825" x="416" y="465" width="58" height="45"/>
    <SubTexture name="SPAM_RearrangedBitmap3672508151" x="158" y="75" width="150" height="70"/>
    <SubTexture name="SPAM_RearrangedBitmap3758818261" x="463" y="218" width="32" height="52"/>
    <SubTexture name="SPAM_RearrangedBitmap3944694877" x="309" y="162" width="83" height="52"/>
    <SubTexture name="SPAM_RearrangedBitmap4013989714" x="499" y="34" width="11" height="7"/>
    <SubTexture name="SPAM_RearrangedBitmap4077509624" x="141" y="288" width="6" height="2"/>
    <SubTexture name="SPAM_RearrangedBitmap4326876870" x="436" y="421" width="14" height="28"/>
    <SubTexture name="SPAM_RearrangedBitmap4456335529" x="159" y="2" width="150" height="71"/>
    <SubTexture name="SPAM_RearrangedBitmap4482183566" x="140" y="396" width="68" height="76"/>
    <SubTexture name="SPAM_RearrangedBitmap4950982043" x="274" y="362" width="90" height="40"/>
    <SubTexture name="SPAM_RearrangedBitmap5076510266" x="139" y="351" width="133" height="43"/>
    <SubTexture name="SPAM_RearrangedBitmap5197288459" x="2" y="380" width="135" height="44"/>
    <SubTexture name="SPAM_RearrangedBitmap5265554453" x="465" y="34" width="32" height="23"/>
    <SubTexture name="SPAM_RearrangedBitmap5377896167" x="385" y="272" width="80" height="51"/>
    <SubTexture name="SPAM_RearrangedBitmap5516101102" x="2" y="2" width="155" height="71"/>
    <SubTexture name="SPAM_RearrangedBitmap5556315498" x="489" y="91" width="21" height="29"/>
    <SubTexture name="SPAM_RearrangedBitmap5584909574" x="465" y="2" width="45" height="30"/>
    <SubTexture name="SPAM_RearrangedBitmap5603749268" x="2" y="147" width="152" height="69"/>
    <SubTexture name="SPAM_RearrangedBitmap5670693666" x="467" y="272" width="23" height="26"/>
    <SubTexture name="SPAM_RearrangedBitmap6292116069" x="404" y="128" width="88" height="43"/>
    <SubTexture name="SPAM_RearrangedBitmap6576889203" x="135" y="471" width="3" height="1"/>
    <SubTexture name="SPAM_RearrangedBitmap660654836" x="2" y="334" width="135" height="44"/>
    <SubTexture name="SPAM_RearrangedBitmap6614714115" x="2" y="426" width="136" height="43"/>
    <SubTexture name="SPAM_RearrangedBitmap669860168" x="356" y="465" width="58" height="45"/>
    <SubTexture name="SPAM_RearrangedBitmap6771352062" x="294" y="216" width="83" height="57"/>
    <SubTexture name="SPAM_RearrangedBitmap6871806784" x="394" y="173" width="90" height="43"/>
    <SubTexture name="SPAM_RearrangedBitmap6983673924" x="2" y="471" width="106" height="24"/>
    <SubTexture name="SPAM_RearrangedBitmap7049435845" x="141" y="306" width="133" height="43"/>
    <SubTexture name="SPAM_RearrangedBitmap7419318374" x="156" y="147" width="151" height="66"/>
    <SubTexture name="SPAM_RearrangedBitmap7895575093" x="356" y="465" width="58" height="45"/>
    <SubTexture name="SPAM_RearrangedBitmap8126970198" x="110" y="471" width="23" height="21"/>
    <SubTexture name="SPAM_RearrangedBitmap8405129396" x="210" y="460" width="84" height="50"/>
    <SubTexture name="SPAM_RearrangedBitmap8653180432" x="357" y="421" width="61" height="42"/>
    <SubTexture name="SPAM_RearrangedBitmap8695154848" x="366" y="368" width="83" height="51"/>
    <SubTexture name="SPAM_RearrangedBitmap9133181788" x="296" y="460" width="58" height="45"/>
    <SubTexture name="SPAM_RearrangedBitmap9443806021" x="369" y="325" width="90" height="41"/>
    <SubTexture name="SPAM_RearrangedBitmap9645380225" x="311" y="72" width="92" height="43"/>
    <SubTexture name="SPAM_RearrangedBitmap9649242495" x="420" y="421" width="14" height="37"/>
    <SubTexture name="SPAM_RearrangedBitmap9708525171" x="416" y="465" width="58" height="45"/>
    <SubTexture name="SPAM_RearrangedBitmap9778228021" x="276" y="318" width="91" height="42"/>
    <SubTexture name="SPAM_RearrangedBitmap9943812345" x="156" y="215" width="136" height="45"/>
    <SubTexture name="SPAM_RearrangedBitmap9992403159" x="379" y="272" width="3" height="1"/>
</TextureAtlas>
