<?xml version="1.0" encoding="UTF-8"?>
<!-- Created with TexturePacker http://www.codeandweb.com/texturepacker-->
<!-- $TexturePacker:SmartUpdate:715d2f2a05ebe5a998be56818f26d0ac:68a2896912fd87f12231a59d48c487c0:6e6272d1164f67d641af6c662afe054c$ -->
<TextureAtlas imagePath="1187_dragon_photon_d_3_HD_tweened_dxt5.dds" scale="1.19750976562">
    <SubTexture name="SPAM_RearrangedBitmap1006995913" x="332" y="864" width="161" height="106"/>
    <SubTexture name="SPAM_RearrangedBitmap1026128579" x="138" y="381" width="271" height="88"/>
    <SubTexture name="SPAM_RearrangedBitmap1101841976" x="411" y="418" width="300" height="135"/>
    <SubTexture name="SPAM_RearrangedBitmap1236621671" x="825" y="733" width="177" height="82"/>
    <SubTexture name="SPAM_RearrangedBitmap1490119599" x="168" y="910" width="162" height="106"/>
    <SubTexture name="SPAM_RearrangedBitmap1542957562" x="78" y="2" width="96" height="144"/>
    <SubTexture name="SPAM_RearrangedBitmap1791443364" x="168" y="819" width="116" height="89"/>
    <SubTexture name="SPAM_RearrangedBitmap1894464784" x="429" y="281" width="300" height="135"/>
    <SubTexture name="SPAM_RearrangedBitmap2109201241" x="2" y="619" width="120" height="123"/>
    <SubTexture name="SPAM_RearrangedBitmap2765236914" x="138" y="471" width="268" height="83"/>
    <SubTexture name="SPAM_RearrangedBitmap29130765" x="386" y="191" width="43" height="61"/>
    <SubTexture name="SPAM_RearrangedBitmap2943053712" x="495" y="890" width="161" height="102"/>
    <SubTexture name="SPAM_RearrangedBitmap2950249609" x="473" y="2" width="305" height="138"/>
    <SubTexture name="SPAM_RearrangedBitmap2989518749" x="780" y="141" width="182" height="85"/>
    <SubTexture name="SPAM_RearrangedBitmap3277260825" x="2" y="744" width="116" height="89"/>
    <SubTexture name="SPAM_RearrangedBitmap3672508151" x="408" y="555" width="296" height="138"/>
    <SubTexture name="SPAM_RearrangedBitmap3758818261" x="956" y="232" width="64" height="102"/>
    <SubTexture name="SPAM_RearrangedBitmap3944694877" x="495" y="786" width="165" height="102"/>
    <SubTexture name="SPAM_RearrangedBitmap3996843562" x="2" y="744" width="116" height="89"/>
    <SubTexture name="SPAM_RearrangedBitmap4013989714" x="964" y="53" width="22" height="14"/>
    <SubTexture name="SPAM_RearrangedBitmap4077509624" x="964" y="92" width="11" height="4"/>
    <SubTexture name="SPAM_RearrangedBitmap4326876870" x="987" y="77" width="28" height="56"/>
    <SubTexture name="SPAM_RearrangedBitmap4456335529" x="176" y="2" width="295" height="140"/>
    <SubTexture name="SPAM_RearrangedBitmap4482183566" x="2" y="382" width="134" height="150"/>
    <SubTexture name="SPAM_RearrangedBitmap4950982043" x="304" y="782" width="178" height="80"/>
    <SubTexture name="SPAM_RearrangedBitmap5076510266" x="706" y="645" width="263" height="86"/>
    <SubTexture name="SPAM_RearrangedBitmap5197288459" x="124" y="646" width="267" height="88"/>
    <SubTexture name="SPAM_RearrangedBitmap5265554453" x="386" y="144" width="64" height="45"/>
    <SubTexture name="SPAM_RearrangedBitmap5285004386" x="168" y="819" width="116" height="89"/>
    <SubTexture name="SPAM_RearrangedBitmap5377896167" x="662" y="786" width="159" height="101"/>
    <SubTexture name="SPAM_RearrangedBitmap5516101102" x="78" y="148" width="306" height="140"/>
    <SubTexture name="SPAM_RearrangedBitmap5556315498" x="386" y="254" width="41" height="57"/>
    <SubTexture name="SPAM_RearrangedBitmap5584909574" x="2" y="949" width="89" height="59"/>
    <SubTexture name="SPAM_RearrangedBitmap5603749268" x="473" y="142" width="300" height="137"/>
    <SubTexture name="SPAM_RearrangedBitmap5670693666" x="964" y="135" width="46" height="52"/>
    <SubTexture name="SPAM_RearrangedBitmap595760024" x="2" y="2" width="74" height="378" frameX="0" frameY="0" frameWidth="80" frameHeight="384"/>
    <SubTexture name="SPAM_RearrangedBitmap6292116069" x="825" y="817" width="174" height="86"/>
    <SubTexture name="SPAM_RearrangedBitmap6511328016" x="573" y="695" width="116" height="89"/>
    <SubTexture name="SPAM_RearrangedBitmap6576889203" x="1017" y="77" width="5" height="3"/>
    <SubTexture name="SPAM_RearrangedBitmap660654836" x="126" y="556" width="267" height="88"/>
    <SubTexture name="SPAM_RearrangedBitmap6614714115" x="731" y="336" width="269" height="86"/>
    <SubTexture name="SPAM_RearrangedBitmap663513224" x="168" y="819" width="116" height="89"/>
    <SubTexture name="SPAM_RearrangedBitmap669860168" x="168" y="819" width="116" height="89"/>
    <SubTexture name="SPAM_RearrangedBitmap6771352062" x="2" y="835" width="164" height="112"/>
    <SubTexture name="SPAM_RearrangedBitmap6871806784" x="393" y="695" width="178" height="85"/>
    <SubTexture name="SPAM_RearrangedBitmap6983673924" x="780" y="2" width="210" height="49"/>
    <SubTexture name="SPAM_RearrangedBitmap7049435845" x="706" y="557" width="263" height="86"/>
    <SubTexture name="SPAM_RearrangedBitmap7387235996" x="168" y="819" width="116" height="89"/>
    <SubTexture name="SPAM_RearrangedBitmap7419318374" x="713" y="424" width="299" height="131"/>
    <SubTexture name="SPAM_RearrangedBitmap7895575093" x="168" y="819" width="116" height="89"/>
    <SubTexture name="SPAM_RearrangedBitmap8126970198" x="964" y="189" width="46" height="41"/>
    <SubTexture name="SPAM_RearrangedBitmap8405129396" x="825" y="905" width="166" height="99"/>
    <SubTexture name="SPAM_RearrangedBitmap8449238453" x="964" y="69" width="21" height="21" frameX="-6" frameY="-1" frameWidth="29" frameHeight="23"/>
    <SubTexture name="SPAM_RearrangedBitmap8562457731" x="2" y="744" width="116" height="89"/>
    <SubTexture name="SPAM_RearrangedBitmap8653180432" x="2" y="534" width="122" height="83"/>
    <SubTexture name="SPAM_RearrangedBitmap8695154848" x="658" y="890" width="165" height="101"/>
    <SubTexture name="SPAM_RearrangedBitmap9133181788" x="573" y="695" width="116" height="89"/>
    <SubTexture name="SPAM_RearrangedBitmap9280296696" x="573" y="695" width="116" height="89"/>
    <SubTexture name="SPAM_RearrangedBitmap9443806021" x="124" y="736" width="178" height="81"/>
    <SubTexture name="SPAM_RearrangedBitmap9496328720" x="2" y="744" width="116" height="89"/>
    <SubTexture name="SPAM_RearrangedBitmap9645380225" x="780" y="53" width="182" height="86"/>
    <SubTexture name="SPAM_RearrangedBitmap9649242495" x="992" y="2" width="28" height="73"/>
    <SubTexture name="SPAM_RearrangedBitmap9708525171" x="2" y="744" width="116" height="89"/>
    <SubTexture name="SPAM_RearrangedBitmap9778228021" x="775" y="228" width="179" height="83"/>
    <SubTexture name="SPAM_RearrangedBitmap9943812345" x="78" y="290" width="268" height="89"/>
    <SubTexture name="SPAM_RearrangedBitmap9992403159" x="977" y="92" width="7" height="3"/>
</TextureAtlas>
