<?xml version="1.0" encoding="UTF-8"?>
<!-- Created with TexturePacker http://www.codeandweb.com/texturepacker-->
<!-- $TexturePacker:SmartUpdate:4fb8ccb5c8b2b4e46bc72a1d1f8362ab:7dd7ad74c3bc65e4a50758f00dd9dae5:2866daff6df5ef9b082a4ddc5674b341$ -->
<TextureAtlas imagePath="battlepass_unlock_animation_b_HD_tweened_dxt5.dds" scale="0.72601318359375">
    <SubTexture name="Base" x="2" y="2" width="257" height="243"/>
    <SubTexture name="Bottom" x="261" y="2" width="198" height="227"/>
    <SubTexture name="Gem" x="639" y="754" width="156" height="156"/>
    <SubTexture name="Indent" x="239" y="424" width="153" height="153"/>
    <SubTexture name="SPAM_RearrangedBitmap5670693666" x="639" y="702" width="35" height="35" frameX="-3" frameY="-2" frameWidth="41" frameHeight="39"/>
    <SubTexture name="SPAM_RearrangedBitmap7895575093" x="1021" y="136" width="1" height="1" frameX="0" frameY="0" frameWidth="198" frameHeight="227"/>
    <SubTexture name="SPAM_RearrangedBitmap8126970198" x="676" y="702" width="23" height="23"/>
    <SubTexture name="SPAM_RearrangedBitmap9708525171" x="1021" y="136" width="1" height="1" frameX="0" frameY="0" frameWidth="257" frameHeight="243"/>
    <SubTexture name="big_shine_png" x="461" y="2" width="203" height="196"/>
    <SubTexture name="bitmap_1" x="1021" y="136" width="1" height="1" frameX="0" frameY="0" frameWidth="2" frameHeight="1"/>
    <SubTexture name="left_wing__" x="212" y="831" width="145" height="120"/>
    <SubTexture name="left_wing___" x="434" y="858" width="145" height="120"/>
    <SubTexture name="mapa_de_bits_10" x="593" y="775" width="39" height="108"/>
    <SubTexture name="mapa_de_bits_102" x="837" y="195" width="134" height="202" frameX="-8" frameY="-4" frameWidth="152" frameHeight="210"/>
    <SubTexture name="mapa_de_bits_103" x="839" y="2" width="151" height="191" frameX="-8" frameY="-7" frameWidth="169" frameHeight="203"/>
    <SubTexture name="mapa_de_bits_105" x="461" y="200" width="140" height="191" frameX="-8" frameY="-10" frameWidth="156" frameHeight="203"/>
    <SubTexture name="mapa_de_bits_107" x="261" y="231" width="131" height="191" frameX="-7" frameY="-10" frameWidth="143" frameHeight="201"/>
    <SubTexture name="mapa_de_bits_109" x="829" y="580" width="129" height="189" frameX="-2" frameY="-12" frameWidth="131" frameHeight="201"/>
    <SubTexture name="mapa_de_bits_11" x="581" y="885" width="31" height="132"/>
    <SubTexture name="mapa_de_bits_110" x="458" y="393" width="140" height="178" frameX="-8" frameY="-5" frameWidth="158" frameHeight="188"/>
    <SubTexture name="mapa_de_bits_111" x="652" y="507" width="128" height="193" frameX="-4" frameY="-11" frameWidth="134" frameHeight="205"/>
    <SubTexture name="mapa_de_bits_112" x="458" y="393" width="140" height="178" frameX="-8" frameY="-5" frameWidth="158" frameHeight="188"/>
    <SubTexture name="mapa_de_bits_12" x="992" y="136" width="27" height="132"/>
    <SubTexture name="mapa_de_bits_13" x="992" y="2" width="29" height="132"/>
    <SubTexture name="mapa_de_bits_14" x="971" y="804" width="38" height="111"/>
    <SubTexture name="mapa_de_bits_15" x="797" y="754" width="26" height="54"/>
    <SubTexture name="mapa_de_bits_16" x="973" y="195" width="11" height="23"/>
    <SubTexture name="mapa_de_bits_2" x="825" y="771" width="144" height="125" frameX="-4" frameY="-5" frameWidth="162" frameHeight="131"/>
    <SubTexture name="mapa_de_bits_22" x="666" y="2" width="171" height="169" frameX="-14" frameY="-14" frameWidth="199" frameHeight="199"/>
    <SubTexture name="mapa_de_bits_24" x="394" y="496" width="50" height="118"/>
    <SubTexture name="mapa_de_bits_25" x="369" y="616" width="73" height="177"/>
    <SubTexture name="mapa_de_bits_26" x="150" y="247" width="87" height="204"/>
    <SubTexture name="mapa_de_bits_27" x="149" y="453" width="69" height="242"/>
    <SubTexture name="mapa_de_bits_28" x="394" y="231" width="62" height="263"/>
    <SubTexture name="mapa_de_bits_29" x="782" y="507" width="45" height="245"/>
    <SubTexture name="mapa_de_bits_30" x="984" y="917" width="37" height="76"/>
    <SubTexture name="mapa_de_bits_31" x="945" y="917" width="37" height="80"/>
    <SubTexture name="mapa_de_bits_32" x="973" y="527" width="45" height="275"/>
    <SubTexture name="mapa_de_bits_33" x="973" y="270" width="49" height="255"/>
    <SubTexture name="mapa_de_bits_34" x="600" y="419" width="50" height="236"/>
    <SubTexture name="mapa_de_bits_34_" x="666" y="173" width="169" height="169" frameX="-14" frameY="-14" frameWidth="199" frameHeight="199"/>
    <SubTexture name="mapa_de_bits_35" x="603" y="200" width="58" height="217"/>
    <SubTexture name="mapa_de_bits_35_" x="663" y="344" width="165" height="161" frameX="-17" frameY="-20" frameWidth="199" frameHeight="199"/>
    <SubTexture name="mapa_de_bits_36" x="147" y="697" width="63" height="206"/>
    <SubTexture name="mapa_de_bits_36_" x="2" y="569" width="143" height="145" frameX="0" frameY="-3" frameWidth="145" frameHeight="151"/>
    <SubTexture name="mapa_de_bits_37" x="360" y="795" width="72" height="151"/>
    <SubTexture name="mapa_de_bits_37_" x="2" y="417" width="145" height="150" frameX="-5" frameY="-3" frameWidth="151" frameHeight="156"/>
    <SubTexture name="mapa_de_bits_38" x="598" y="657" width="39" height="116"/>
    <SubTexture name="mapa_de_bits_38_" x="2" y="716" width="127" height="122" frameX="-1" frameY="-3" frameWidth="129" frameHeight="128"/>
    <SubTexture name="mapa_de_bits_39" x="614" y="912" width="117" height="89" frameX="-3" frameY="0" frameWidth="121" frameHeight="91"/>
    <SubTexture name="mapa_de_bits_4" x="220" y="579" width="147" height="128" frameX="-3" frameY="-5" frameWidth="155" frameHeight="134"/>
    <SubTexture name="mapa_de_bits_40" x="2" y="840" width="124" height="118" frameX="-3" frameY="-1" frameWidth="130" frameHeight="122"/>
    <SubTexture name="mapa_de_bits_5" x="444" y="729" width="147" height="127" frameX="-3" frameY="-6" frameWidth="161" frameHeight="135"/>
    <SubTexture name="mapa_de_bits_8" x="239" y="247" width="18" height="34"/>
    <SubTexture name="mapa_de_bits_9" x="733" y="912" width="32" height="65"/>
    <SubTexture name="mapa_de_bits_93" x="458" y="393" width="140" height="178" frameX="-8" frameY="-5" frameWidth="158" frameHeight="188"/>
    <SubTexture name="mapa_de_bits_95" x="2" y="247" width="146" height="168" frameX="-6" frameY="-3" frameWidth="162" frameHeight="176"/>
    <SubTexture name="mapa_de_bits_97" x="446" y="573" width="150" height="154" frameX="-6" frameY="-5" frameWidth="166" frameHeight="164"/>
    <SubTexture name="mapa_de_bits_99" x="830" y="399" width="141" height="179" frameX="-8" frameY="-3" frameWidth="159" frameHeight="187"/>
    <SubTexture name="right_wing__" x="212" y="709" width="146" height="120"/>
    <SubTexture name="right_wing___" x="797" y="898" width="146" height="120"/>
</TextureAtlas>
