<?xml version="1.0" encoding="UTF-8"?>
<!-- Created with TexturePacker http://www.codeandweb.com/texturepacker-->
<!-- $TexturePacker:SmartUpdate:f2ff61e3217ed01839da27c416243217:fff2250bbd0ae43b06410fb78ea0fb05:33c81f0f85c10a2455032ddebb035186$ -->
<TextureAtlas imagePath="10194_seavsterra_island_b_HD_tweened_dxt5.dds" scale="0.80859375">
    <SubTexture name="SPAM_RearrangedBitmap1542957562_fx" x="195" y="823" width="196" height="90" frameX="-2" frameY="0" frameWidth="202" frameHeight="94"/>
    <SubTexture name="SPAM_RearrangedBitmap3277260825_fx" x="442" y="726" width="175" height="81" frameX="0" frameY="0" frameWidth="179" frameHeight="85"/>
    <SubTexture name="SPAM_RearrangedBitmap3758818261_fx" x="698" y="637" width="190" height="87" frameX="0" frameY="0" frameWidth="194" frameHeight="91"/>
    <SubTexture name="SPAM_RearrangedBitmap4482183566_fx" x="124" y="915" width="196" height="89" frameX="-1" frameY="-1" frameWidth="202" frameHeight="95"/>
    <SubTexture name="SPAM_RearrangedBitmap5584909574_fx" x="839" y="497" width="183" height="84" frameX="-1" frameY="0" frameWidth="187" frameHeight="88"/>
    <SubTexture name="SPAM_RearrangedBitmap669860168_fx" x="770" y="419" width="164" height="76" frameX="-1" frameY="0" frameWidth="168" frameHeight="80"/>
    <SubTexture name="SPAM_RearrangedBitmap7895575093_fx" x="697" y="787" width="137" height="66" frameX="-1" frameY="0" frameWidth="141" frameHeight="68"/>
    <SubTexture name="SPAM_RearrangedBitmap8126970198" x="762" y="937" width="25" height="23"/>
    <SubTexture name="SPAM_RearrangedBitmap8653180432_fx" x="393" y="809" width="192" height="89" frameX="-2" frameY="0" frameWidth="198" frameHeight="93"/>
    <SubTexture name="SPAM_RearrangedBitmap9133181788_fx" x="417" y="503" width="152" height="71" frameX="-1" frameY="0" frameWidth="156" frameHeight="75"/>
    <SubTexture name="SPAM_RearrangedBitmap9708525171_fx" x="890" y="617" width="121" height="58" frameX="-1" frameY="0" frameWidth="125" frameHeight="62"/>
    <SubTexture name="layer_001_png" x="2" y="888" width="120" height="134"/>
    <SubTexture name="layer_002_png" x="417" y="576" width="17" height="33"/>
    <SubTexture name="layer_003_png" x="2" y="232" width="196" height="378"/>
    <SubTexture name="layer_005_png" x="698" y="498" width="139" height="137"/>
    <SubTexture name="layer_007_png" x="445" y="2" width="279" height="171"/>
    <SubTexture name="layer_009_png" x="393" y="900" width="184" height="92"/>
    <SubTexture name="layer_011_png" x="2" y="2" width="441" height="228"/>
    <SubTexture name="layer_012_png" x="698" y="175" width="70" height="321"/>
    <SubTexture name="layer_013_png" x="983" y="872" width="16" height="26"/>
    <SubTexture name="layer_014_png" x="880" y="409" width="12" height="8"/>
    <SubTexture name="layer_015_png" x="322" y="991" width="48" height="17"/>
    <SubTexture name="layer_016_png" x="873" y="769" width="26" height="16"/>
    <SubTexture name="layer_017_png" x="191" y="1006" width="19" height="16"/>
    <SubTexture name="layer_018_png" x="170" y="1006" width="19" height="16"/>
    <SubTexture name="layer_019_png" x="873" y="726" width="12" height="31"/>
    <SubTexture name="layer_020_png" x="977" y="2" width="33" height="136"/>
    <SubTexture name="layer_021_png" x="697" y="726" width="174" height="59"/>
    <SubTexture name="layer_022_png" x="579" y="980" width="42" height="21"/>
    <SubTexture name="layer_023_png" x="890" y="677" width="116" height="42"/>
    <SubTexture name="layer_024_png" x="964" y="147" width="29" height="187"/>
    <SubTexture name="layer_025_png" x="901" y="769" width="67" height="53"/>
    <SubTexture name="layer_026_png" x="890" y="721" width="97" height="46"/>
    <SubTexture name="layer_027_png" x="332" y="774" width="84" height="25"/>
    <SubTexture name="layer_028_png" x="587" y="809" width="39" height="123"/>
    <SubTexture name="layer_029_png" x="839" y="583" width="172" height="32"/>
    <SubTexture name="layer_030_png" x="844" y="787" width="55" height="181"/>
    <SubTexture name="layer_031_png" x="995" y="217" width="24" height="42"/>
    <SubTexture name="layer_032_png" x="322" y="915" width="49" height="74"/>
    <SubTexture name="layer_033_png" x="880" y="147" width="82" height="203"/>
    <SubTexture name="layer_034_png" x="200" y="501" width="215" height="111"/>
    <SubTexture name="layer_035_png" x="628" y="808" width="66" height="153"/>
    <SubTexture name="layer_036_png" x="880" y="352" width="105" height="55"/>
    <SubTexture name="layer_037_png" x="726" y="2" width="249" height="143"/>
    <SubTexture name="layer_038_png" x="454" y="175" width="126" height="326"/>
    <SubTexture name="layer_039_png" x="582" y="175" width="114" height="456"/>
    <SubTexture name="layer_040_png" x="696" y="937" width="64" height="21"/>
    <SubTexture name="layer_041_png" x="960" y="911" width="16" height="32"/>
    <SubTexture name="layer_042_png" x="960" y="848" width="36" height="22"/>
    <SubTexture name="layer_043_png" x="124" y="888" width="33" height="25"/>
    <SubTexture name="layer_044_png" x="995" y="261" width="22" height="38"/>
    <SubTexture name="layer_045_png" x="200" y="232" width="252" height="267"/>
    <SubTexture name="layer_046_png" x="579" y="934" width="42" height="44"/>
    <SubTexture name="layer_047_png" x="696" y="855" width="94" height="80"/>
    <SubTexture name="layer_048_png" x="670" y="963" width="38" height="44"/>
    <SubTexture name="layer_049_png" x="844" y="970" width="48" height="37"/>
    <SubTexture name="layer_050_png" x="987" y="364" width="29" height="33"/>
    <SubTexture name="layer_051_png" x="373" y="915" width="13" height="48"/>
    <SubTexture name="layer_052_png" x="159" y="888" width="30" height="20"/>
    <SubTexture name="layer_053_png" x="987" y="341" width="35" height="21"/>
    <SubTexture name="layer_054_png" x="332" y="801" width="38" height="20"/>
    <SubTexture name="layer_055_png" x="995" y="169" width="24" height="46"/>
    <SubTexture name="layer_056_png" x="995" y="140" width="27" height="27"/>
    <SubTexture name="layer_057_png" x="710" y="960" width="40" height="36"/>
    <SubTexture name="layer_058_png" x="989" y="721" width="12" height="45"/>
    <SubTexture name="layer_059_png" x="418" y="774" width="22" height="20"/>
    <SubTexture name="layer_060_png" x="995" y="301" width="21" height="38"/>
    <SubTexture name="layer_061_png" x="960" y="872" width="21" height="37"/>
    <SubTexture name="layer_062_png" x="124" y="1006" width="44" height="16"/>
    <SubTexture name="layer_063_png" x="839" y="617" width="36" height="18"/>
    <SubTexture name="layer_064_png" x="623" y="963" width="45" height="40"/>
    <SubTexture name="layer_065_png" x="970" y="769" width="50" height="45"/>
    <SubTexture name="layer_066_png" x="726" y="147" width="38" height="26"/>
    <SubTexture name="layer_067_png" x="998" y="848" width="20" height="20"/>
    <SubTexture name="layer_068_png" x="901" y="948" width="58" height="46"/>
    <SubTexture name="layer_069_png" x="970" y="816" width="41" height="30"/>
    <SubTexture name="layer_070_png" x="332" y="614" width="108" height="158"/>
    <SubTexture name="layer_071_png" x="575" y="633" width="121" height="86"/>
    <SubTexture name="layer_072_png" x="770" y="147" width="108" height="270"/>
    <SubTexture name="layer_073_png" x="936" y="409" width="74" height="73"/>
    <SubTexture name="layer_074_png" x="901" y="824" width="57" height="63"/>
    <SubTexture name="layer_075_png" x="619" y="721" width="76" height="85"/>
    <SubTexture name="layer_076_png" x="901" y="889" width="57" height="57"/>
    <SubTexture name="layer_077_png" x="195" y="614" width="135" height="207"/>
    <SubTexture name="layer_078_png" x="442" y="576" width="131" height="148"/>
    <SubTexture name="layer_079_png" x="2" y="612" width="191" height="274"/>
    <SubTexture name="layer_080_png" x="792" y="855" width="50" height="127"/>
</TextureAtlas>
