<?xml version="1.0" encoding="UTF-8"?>
<!-- Created with TexturePacker http://www.codeandweb.com/texturepacker-->
<!-- $TexturePacker:SmartUpdate:2b78b1734925ce8d0439ca1f83e350c6:b4ed52e708d570c6f5993841ed9dcffd:3309694d28139846d46ad6004892cb03$ -->
<TextureAtlas imagePath="2132_dragon_sweetest_3_HD_tweened_dxt5.dds" scale="0.984375">
    <SubTexture name="SPAM_RearrangedBitmap1006995913_fx" x="527" y="168" width="21" height="15" frameX="0" frameY="0" frameWidth="21" frameHeight="17"/>
    <SubTexture name="SPAM_RearrangedBitmap1026128579_fx" x="527" y="209" width="20" height="16" frameX="0" frameY="0" frameWidth="20" frameHeight="18"/>
    <SubTexture name="SPAM_RearrangedBitmap1490119599_fx" x="527" y="152" width="22" height="14" frameX="0" frameY="0" frameWidth="22" frameHeight="16"/>
    <SubTexture name="SPAM_RearrangedBitmap1542957562" x="776" y="617" width="114" height="119" frameX="-7" frameY="-6" frameWidth="130" frameHeight="133"/>
    <SubTexture name="SPAM_RearrangedBitmap1671734047" x="702" y="403" width="63" height="56" frameX="-19" frameY="-16" frameWidth="107" frameHeight="96"/>
    <SubTexture name="SPAM_RearrangedBitmap29130765" x="474" y="932" width="98" height="89" frameX="-17" frameY="-11" frameWidth="132" frameHeight="115"/>
    <SubTexture name="SPAM_RearrangedBitmap2943053712_fx" x="527" y="256" width="13" height="15" frameX="0" frameY="0" frameWidth="15" frameHeight="15"/>
    <SubTexture name="SPAM_RearrangedBitmap2989518749_fx" x="527" y="227" width="20" height="7" frameX="0" frameY="0" frameWidth="22" frameHeight="9"/>
    <SubTexture name="SPAM_RearrangedBitmap3277260825" x="668" y="791" width="105" height="124" frameX="0" frameY="0" frameWidth="107" frameHeight="126"/>
    <SubTexture name="SPAM_RearrangedBitmap3758818261" x="922" y="877" width="81" height="84" frameX="-4" frameY="-9" frameWidth="95" frameHeight="102"/>
    <SubTexture name="SPAM_RearrangedBitmap3944694877_fx" x="934" y="239" width="12" height="11" frameX="0" frameY="0" frameWidth="12" frameHeight="13"/>
    <SubTexture name="SPAM_RearrangedBitmap4013989714" x="848" y="520" width="95" height="94" frameX="-13" frameY="-11" frameWidth="125" frameHeight="120"/>
    <SubTexture name="SPAM_RearrangedBitmap4077509624" x="826" y="800" width="94" height="91" frameX="-13" frameY="-12" frameWidth="128" frameHeight="119"/>
    <SubTexture name="SPAM_RearrangedBitmap4326876870" x="291" y="654" width="138" height="138" frameX="-8" frameY="-7" frameWidth="156" frameHeight="154"/>
    <SubTexture name="SPAM_RearrangedBitmap4482183566" x="366" y="794" width="132" height="136" frameX="-8" frameY="-6" frameWidth="150" frameHeight="150"/>
    <SubTexture name="SPAM_RearrangedBitmap5265554453" x="954" y="2" width="68" height="61" frameX="-14" frameY="-13" frameWidth="98" frameHeight="89"/>
    <SubTexture name="SPAM_RearrangedBitmap5377896167_fx" x="527" y="185" width="21" height="11" frameX="0" frameY="0" frameWidth="23" frameHeight="13"/>
    <SubTexture name="SPAM_RearrangedBitmap5556315498" x="922" y="791" width="94" height="84" frameX="-16" frameY="-12" frameWidth="126" frameHeight="110"/>
    <SubTexture name="SPAM_RearrangedBitmap5584909574" x="431" y="712" width="34" height="35" frameX="-2" frameY="-1" frameWidth="42" frameHeight="41"/>
    <SubTexture name="SPAM_RearrangedBitmap5670693666" x="2" y="480" width="145" height="147" frameX="-2" frameY="-1" frameWidth="153" frameHeight="153"/>
    <SubTexture name="SPAM_RearrangedBitmap595760024" x="468" y="327" width="74" height="67" frameX="-15" frameY="-15" frameWidth="108" frameHeight="99"/>
    <SubTexture name="SPAM_RearrangedBitmap6576889203" x="468" y="704" width="87" height="87" frameX="-14" frameY="-14" frameWidth="129" frameHeight="121"/>
    <SubTexture name="SPAM_RearrangedBitmap669860168" x="564" y="791" width="102" height="130" frameX="-1" frameY="0" frameWidth="106" frameHeight="132"/>
    <SubTexture name="SPAM_RearrangedBitmap6771352062_fx" x="2" y="1007" width="23" height="13" frameX="0" frameY="0" frameWidth="23" frameHeight="15"/>
    <SubTexture name="SPAM_RearrangedBitmap8126970198" x="165" y="166" width="147" height="147" frameX="-1" frameY="-1" frameWidth="153" frameHeight="153"/>
    <SubTexture name="SPAM_RearrangedBitmap8653180432" x="776" y="350" width="48" height="48" frameX="-1" frameY="-1" frameWidth="54" frameHeight="54"/>
    <SubTexture name="SPAM_RearrangedBitmap8695154848_fx" x="527" y="198" width="21" height="9" frameX="0" frameY="0" frameWidth="23" frameHeight="11"/>
    <SubTexture name="SPAM_RearrangedBitmap9133181788" x="471" y="214" width="54" height="73" frameX="-1" frameY="-1" frameWidth="58" frameHeight="77"/>
    <SubTexture name="SPAM_RearrangedBitmap9649242495" x="304" y="512" width="142" height="140" frameX="-5" frameY="-5" frameWidth="156" frameHeight="152"/>
    <SubTexture name="SPAM_RearrangedBitmap9708525171" x="892" y="616" width="114" height="115" frameX="-2" frameY="-1" frameWidth="122" frameHeight="121"/>
    <SubTexture name="SPAM_RearrangedBitmap9992403159" x="676" y="474" width="95" height="94" frameX="-13" frameY="-14" frameWidth="131" frameHeight="124"/>
    <SubTexture name="bitmap_1" x="775" y="788" width="49" height="120" frameX="-1" frameY="-3" frameWidth="55" frameHeight="126"/>
    <SubTexture name="bitmap_11" x="945" y="558" width="47" height="53" frameX="-2" frameY="-3" frameWidth="55" frameHeight="63"/>
    <SubTexture name="bitmap_12" x="557" y="704" width="81" height="85" frameX="-2" frameY="-2" frameWidth="89" frameHeight="93"/>
    <SubTexture name="bitmap_13" x="386" y="932" width="86" height="90" frameX="-2" frameY="-3" frameWidth="94" frameHeight="98"/>
    <SubTexture name="bitmap_14" x="934" y="254" width="88" height="94" frameX="-3" frameY="-1" frameWidth="96" frameHeight="100"/>
    <SubTexture name="bitmap_2" x="998" y="387" width="24" height="24"/>
    <SubTexture name="layer_001_png" x="954" y="147" width="63" height="105"/>
    <SubTexture name="layer_002_png" x="771" y="917" width="89" height="105"/>
    <SubTexture name="layer_003_png" x="2" y="368" width="152" height="110"/>
    <SubTexture name="layer_004_png" x="745" y="571" width="101" height="44"/>
    <SubTexture name="layer_005_png" x="314" y="152" width="211" height="60"/>
    <SubTexture name="layer_006_png" x="903" y="997" width="41" height="23"/>
    <SubTexture name="layer_007_png" x="903" y="963" width="47" height="32"/>
    <SubTexture name="layer_008_png" x="809" y="400" width="50" height="29"/>
    <SubTexture name="layer_009_png" x="862" y="963" width="39" height="58"/>
    <SubTexture name="layer_010_png" x="809" y="400" width="50" height="29"/>
    <SubTexture name="layer_011_png" x="862" y="963" width="39" height="58"/>
    <SubTexture name="layer_012_png" x="142" y="753" width="134" height="197"/>
    <SubTexture name="layer_013_png" x="351" y="944" width="33" height="74"/>
    <SubTexture name="layer_014_png" x="809" y="458" width="47" height="60"/>
    <SubTexture name="layer_015_png" x="236" y="952" width="70" height="60"/>
    <SubTexture name="layer_016_png" x="2" y="629" width="138" height="157"/>
    <SubTexture name="layer_017_png" x="2" y="238" width="155" height="128"/>
    <SubTexture name="layer_018_png" x="945" y="501" width="60" height="55"/>
    <SubTexture name="layer_019_png" x="158" y="952" width="45" height="65"/>
    <SubTexture name="layer_020_png" x="892" y="733" width="99" height="56"/>
    <SubTexture name="layer_021_png" x="946" y="997" width="52" height="20"/>
    <SubTexture name="layer_022_png" x="998" y="434" width="24" height="18"/>
    <SubTexture name="layer_023_png" x="807" y="545" width="25" height="22"/>
    <SubTexture name="layer_024_png" x="998" y="413" width="24" height="19"/>
    <SubTexture name="layer_025_png" x="314" y="429" width="148" height="81"/>
    <SubTexture name="layer_026_png" x="675" y="747" width="29" height="42"/>
    <SubTexture name="layer_027_png" x="308" y="944" width="41" height="75"/>
    <SubTexture name="layer_028_png" x="541" y="620" width="97" height="82"/>
    <SubTexture name="layer_029_png" x="862" y="350" width="134" height="115"/>
    <SubTexture name="layer_030_png" x="149" y="627" width="140" height="124"/>
    <SubTexture name="layer_031_png" x="640" y="620" width="134" height="125"/>
    <SubTexture name="layer_032_png" x="768" y="153" width="164" height="195"/>
    <SubTexture name="layer_033_png" x="314" y="2" width="235" height="148"/>
    <SubTexture name="layer_034_png" x="551" y="2" width="215" height="300"/>
    <SubTexture name="layer_035_png" x="550" y="304" width="150" height="117"/>
    <SubTexture name="layer_036_png" x="2" y="2" width="310" height="162"/>
    <SubTexture name="layer_037_png" x="954" y="65" width="66" height="80"/>
    <SubTexture name="layer_038_png" x="826" y="776" width="59" height="22"/>
    <SubTexture name="layer_039_png" x="912" y="467" width="25" height="20"/>
    <SubTexture name="layer_040_png" x="807" y="520" width="25" height="23"/>
    <SubTexture name="layer_041_png" x="826" y="378" width="25" height="20"/>
    <SubTexture name="layer_042_png" x="645" y="923" width="124" height="95"/>
    <SubTexture name="layer_043_png" x="640" y="747" width="33" height="42"/>
    <SubTexture name="layer_044_png" x="2" y="166" width="161" height="70"/>
    <SubTexture name="layer_045_png" x="314" y="322" width="152" height="105"/>
    <SubTexture name="layer_046_png" x="2" y="788" width="116" height="217"/>
    <SubTexture name="layer_047_png" x="500" y="793" width="62" height="132"/>
    <SubTexture name="layer_048_png" x="468" y="396" width="71" height="306"/>
    <SubTexture name="layer_049_png" x="471" y="289" width="77" height="36"/>
    <SubTexture name="layer_050_png" x="278" y="794" width="86" height="148"/>
    <SubTexture name="layer_051_png" x="314" y="214" width="155" height="106"/>
    <SubTexture name="layer_052_png" x="156" y="472" width="146" height="153"/>
    <SubTexture name="layer_053_png" x="574" y="923" width="69" height="98"/>
    <SubTexture name="layer_054_png" x="826" y="350" width="34" height="26"/>
    <SubTexture name="layer_055_png" x="676" y="423" width="23" height="36"/>
    <SubTexture name="layer_056_png" x="934" y="212" width="15" height="25"/>
    <SubTexture name="layer_057_png" x="527" y="236" width="13" height="18"/>
    <SubTexture name="layer_058_png" x="527" y="273" width="8" height="11"/>
    <SubTexture name="layer_059_png" x="934" y="174" width="16" height="30"/>
    <SubTexture name="layer_060_png" x="702" y="304" width="63" height="97"/>
    <SubTexture name="layer_061_png" x="862" y="927" width="40" height="34"/>
    <SubTexture name="layer_062_png" x="874" y="893" width="44" height="32"/>
    <SubTexture name="layer_063_png" x="537" y="273" width="9" height="4"/>
    <SubTexture name="layer_064_png" x="934" y="206" width="16" height="4"/>
    <SubTexture name="layer_065_png" x="776" y="515" width="29" height="54"/>
    <SubTexture name="layer_066_png" x="676" y="571" width="38" height="45"/>
    <SubTexture name="layer_067_png" x="826" y="431" width="32" height="25"/>
    <SubTexture name="layer_068_png" x="934" y="153" width="17" height="19"/>
    <SubTexture name="layer_069_png" x="826" y="893" width="46" height="21"/>
    <SubTexture name="layer_070_png" x="767" y="400" width="40" height="72"/>
    <SubTexture name="layer_071_png" x="768" y="2" width="184" height="149"/>
    <SubTexture name="layer_072_png" x="431" y="654" width="35" height="56"/>
    <SubTexture name="layer_073_png" x="998" y="350" width="24" height="35"/>
    <SubTexture name="layer_074_png" x="776" y="474" width="30" height="39"/>
    <SubTexture name="layer_075_png" x="431" y="749" width="27" height="43"/>
    <SubTexture name="layer_076_png" x="765" y="747" width="42" height="39"/>
    <SubTexture name="layer_077_png" x="716" y="570" width="27" height="48"/>
    <SubTexture name="layer_078_png" x="809" y="738" width="46" height="36"/>
    <SubTexture name="layer_079_png" x="858" y="467" width="52" height="35"/>
    <SubTexture name="layer_080_png" x="541" y="423" width="133" height="195"/>
    <SubTexture name="layer_081_png" x="205" y="952" width="29" height="62"/>
    <SubTexture name="layer_082_png" x="120" y="952" width="36" height="69"/>
    <SubTexture name="layer_083_png" x="706" y="747" width="57" height="39"/>
    <SubTexture name="layer_084_png" x="945" y="467" width="71" height="32"/>
    <SubTexture name="layer_085_png" x="159" y="315" width="153" height="155"/>
</TextureAtlas>
