<?xml version="1.0" encoding="UTF-8"?>
<!-- Created with TexturePacker http://www.codeandweb.com/texturepacker-->
<!-- $TexturePacker:SmartUpdate:f7bce40a382a81da3d44bb9dbc49e164:9535aaa09a9f1fb04d5b59b29be081b4:1b648489f003e6b2346168128d65ca67$ -->
<TextureAtlas imagePath="2132_dragon_sweetest_3_HD_tweened_dxt5_map.dds" scale="0.57275390625">
    <SubTexture name="layer_001_png" x="137" y="293" width="37" height="61"/>
    <SubTexture name="layer_002_png" x="236" y="362" width="52" height="61"/>
    <SubTexture name="layer_003_png" x="419" y="147" width="88" height="64"/>
    <SubTexture name="layer_004_png" x="294" y="350" width="58" height="25"/>
    <SubTexture name="layer_005_png" x="311" y="90" width="123" height="34"/>
    <SubTexture name="layer_006_png" x="423" y="461" width="24" height="13"/>
    <SubTexture name="layer_007_png" x="361" y="469" width="27" height="18"/>
    <SubTexture name="layer_008_png" x="321" y="475" width="29" height="17"/>
    <SubTexture name="layer_009_png" x="376" y="389" width="22" height="33"/>
    <SubTexture name="layer_010_png" x="321" y="475" width="29" height="17"/>
    <SubTexture name="layer_011_png" x="376" y="389" width="22" height="33"/>
    <SubTexture name="layer_012_png" x="142" y="175" width="78" height="115"/>
    <SubTexture name="layer_013_png" x="361" y="424" width="19" height="43"/>
    <SubTexture name="layer_014_png" x="400" y="389" width="27" height="34"/>
    <SubTexture name="layer_015_png" x="449" y="355" width="41" height="34"/>
    <SubTexture name="layer_016_png" x="71" y="356" width="80" height="91"/>
    <SubTexture name="layer_017_png" x="129" y="98" width="90" height="75"/>
    <SubTexture name="layer_018_png" x="354" y="350" width="34" height="32"/>
    <SubTexture name="layer_019_png" x="348" y="384" width="26" height="38"/>
    <SubTexture name="layer_020_png" x="390" y="355" width="57" height="32"/>
    <SubTexture name="layer_021_png" x="480" y="325" width="30" height="12"/>
    <SubTexture name="layer_022_png" x="346" y="500" width="14" height="10"/>
    <SubTexture name="layer_023_png" x="382" y="454" width="14" height="13"/>
    <SubTexture name="layer_024_png" x="449" y="492" width="14" height="11"/>
    <SubTexture name="layer_025_png" x="392" y="306" width="86" height="47"/>
    <SubTexture name="layer_026_png" x="445" y="427" width="17" height="24"/>
    <SubTexture name="layer_027_png" x="479" y="213" width="24" height="44"/>
    <SubTexture name="layer_028_png" x="290" y="377" width="56" height="48"/>
    <SubTexture name="layer_029_png" x="176" y="292" width="78" height="67"/>
    <SubTexture name="layer_030_png" x="153" y="361" width="81" height="72"/>
    <SubTexture name="layer_031_png" x="161" y="435" width="78" height="72"/>
    <SubTexture name="layer_032_png" x="45" y="178" width="95" height="113"/>
    <SubTexture name="layer_033_png" x="311" y="2" width="136" height="86"/>
    <SubTexture name="layer_034_png" x="2" y="2" width="125" height="174"/>
    <SubTexture name="layer_035_png" x="221" y="98" width="87" height="68"/>
    <SubTexture name="layer_036_png" x="129" y="2" width="180" height="94"/>
    <SubTexture name="layer_037_png" x="321" y="427" width="38" height="46"/>
    <SubTexture name="layer_038_png" x="448" y="411" width="34" height="13"/>
    <SubTexture name="layer_039_png" x="481" y="454" width="14" height="12"/>
    <SubTexture name="layer_040_png" x="419" y="126" width="14" height="13"/>
    <SubTexture name="layer_041_png" x="465" y="450" width="14" height="12"/>
    <SubTexture name="layer_042_png" x="436" y="90" width="72" height="55"/>
    <SubTexture name="layer_043_png" x="49" y="486" width="19" height="24"/>
    <SubTexture name="layer_044_png" x="294" y="307" width="93" height="41"/>
    <SubTexture name="layer_045_png" x="71" y="449" width="88" height="61"/>
    <SubTexture name="layer_046_png" x="2" y="358" width="67" height="126"/>
    <SubTexture name="layer_047_png" x="256" y="283" width="36" height="77"/>
    <SubTexture name="layer_048_png" x="2" y="178" width="41" height="178"/>
    <SubTexture name="layer_049_png" x="2" y="486" width="45" height="21"/>
    <SubTexture name="layer_050_png" x="449" y="2" width="50" height="86"/>
    <SubTexture name="layer_051_png" x="45" y="293" width="90" height="61"/>
    <SubTexture name="layer_052_png" x="392" y="215" width="85" height="89"/>
    <SubTexture name="layer_053_png" x="241" y="425" width="40" height="57"/>
    <SubTexture name="layer_054_png" x="449" y="475" width="20" height="15"/>
    <SubTexture name="layer_055_png" x="492" y="388" width="13" height="21"/>
    <SubTexture name="layer_056_png" x="501" y="21" width="9" height="14"/>
    <SubTexture name="layer_057_png" x="501" y="37" width="8" height="10"/>
    <SubTexture name="layer_058_png" x="294" y="283" width="5" height="6"/>
    <SubTexture name="layer_059_png" x="501" y="2" width="9" height="17"/>
    <SubTexture name="layer_060_png" x="283" y="427" width="36" height="56"/>
    <SubTexture name="layer_061_png" x="398" y="467" width="23" height="20"/>
    <SubTexture name="layer_062_png" x="483" y="434" width="25" height="18"/>
    <SubTexture name="layer_063_png" x="329" y="508" width="5" height="2"/>
    <SubTexture name="layer_064_png" x="318" y="508" width="9" height="2"/>
    <SubTexture name="layer_065_png" x="492" y="355" width="17" height="31"/>
    <SubTexture name="layer_066_png" x="241" y="484" width="22" height="26"/>
    <SubTexture name="layer_067_png" x="480" y="339" width="18" height="14"/>
    <SubTexture name="layer_068_png" x="500" y="339" width="10" height="11"/>
    <SubTexture name="layer_069_png" x="318" y="494" width="26" height="12"/>
    <SubTexture name="layer_070_png" x="479" y="259" width="23" height="42"/>
    <SubTexture name="layer_071_png" x="310" y="126" width="107" height="87"/>
    <SubTexture name="layer_072_png" x="423" y="427" width="20" height="32"/>
    <SubTexture name="layer_073_png" x="449" y="453" width="14" height="20"/>
    <SubTexture name="layer_074_png" x="464" y="426" width="17" height="22"/>
    <SubTexture name="layer_075_png" x="265" y="484" width="16" height="25"/>
    <SubTexture name="layer_076_png" x="423" y="476" width="24" height="22"/>
    <SubTexture name="layer_077_png" x="382" y="424" width="16" height="28"/>
    <SubTexture name="layer_078_png" x="484" y="411" width="26" height="21"/>
    <SubTexture name="layer_079_png" x="480" y="303" width="30" height="20"/>
    <SubTexture name="layer_080_png" x="222" y="168" width="77" height="113"/>
    <SubTexture name="layer_081_png" x="429" y="389" width="17" height="36"/>
    <SubTexture name="layer_082_png" x="400" y="425" width="21" height="40"/>
    <SubTexture name="layer_083_png" x="283" y="485" width="33" height="22"/>
    <SubTexture name="layer_084_png" x="448" y="391" width="41" height="18"/>
    <SubTexture name="layer_085_png" x="301" y="215" width="89" height="90"/>
</TextureAtlas>
