<?xml version="1.0" encoding="UTF-8"?>
<!-- Created with TexturePacker http://www.codeandweb.com/texturepacker-->
<!-- $TexturePacker:SmartUpdate:b9cf352ed6cf3b2f9c616e5fc6036bba:e512d54b0189d334a10894e289fea5e5:da2c780339c2a908e68edee5442b014d$ -->
<TextureAtlas imagePath="11075_spring_treasures_island_HD_tweened_dxt5.dds" scale="0.64453125">
    <SubTexture name="SPAM_RearrangedBitmap1542957562" x="440" y="246" width="82" height="13"/>
    <SubTexture name="SPAM_RearrangedBitmap2109201241" x="755" y="681" width="217" height="121"/>
    <SubTexture name="SPAM_RearrangedBitmap29130765" x="1002" y="308" width="20" height="18"/>
    <SubTexture name="SPAM_RearrangedBitmap3277260825" x="541" y="543" width="212" height="231" frameX="0" frameY="-10" frameWidth="212" frameHeight="249"/>
    <SubTexture name="SPAM_RearrangedBitmap3758818261" x="2" y="832" width="212" height="187" frameX="0" frameY="-25" frameWidth="212" frameHeight="249"/>
    <SubTexture name="SPAM_RearrangedBitmap4013989714" x="524" y="876" width="212" height="130" frameX="0" frameY="-3" frameWidth="212" frameHeight="146"/>
    <SubTexture name="SPAM_RearrangedBitmap4077509624" x="524" y="876" width="212" height="130" frameX="0" frameY="-3" frameWidth="212" frameHeight="146"/>
    <SubTexture name="SPAM_RearrangedBitmap4326876870" x="408" y="481" width="73" height="53"/>
    <SubTexture name="SPAM_RearrangedBitmap4482183566" x="274" y="463" width="82" height="12"/>
    <SubTexture name="SPAM_RearrangedBitmap5265554453" x="327" y="779" width="264" height="45"/>
    <SubTexture name="SPAM_RearrangedBitmap5556315498" x="706" y="519" width="47" height="16"/>
    <SubTexture name="SPAM_RearrangedBitmap5584909574" x="274" y="262" width="212" height="199" frameX="0" frameY="-22" frameWidth="212" frameHeight="249"/>
    <SubTexture name="SPAM_RearrangedBitmap5670693666" x="2" y="832" width="212" height="187" frameX="0" frameY="-25" frameWidth="212" frameHeight="249"/>
    <SubTexture name="SPAM_RearrangedBitmap6576889203" x="524" y="876" width="212" height="130" frameX="0" frameY="-3" frameWidth="212" frameHeight="146"/>
    <SubTexture name="SPAM_RearrangedBitmap669860168" x="327" y="546" width="212" height="231" frameX="0" frameY="-10" frameWidth="212" frameHeight="249"/>
    <SubTexture name="SPAM_RearrangedBitmap6983673924" x="593" y="776" width="146" height="98"/>
    <SubTexture name="SPAM_RearrangedBitmap7895575093" x="541" y="543" width="212" height="231" frameX="0" frameY="-10" frameWidth="212" frameHeight="249"/>
    <SubTexture name="SPAM_RearrangedBitmap8126970198" x="274" y="2" width="51" height="258"/>
    <SubTexture name="SPAM_RearrangedBitmap8449238453" x="741" y="804" width="279" height="94"/>
    <SubTexture name="SPAM_RearrangedBitmap8653180432" x="483" y="491" width="63" height="50"/>
    <SubTexture name="SPAM_RearrangedBitmap9133181788" x="327" y="546" width="212" height="231" frameX="0" frameY="-10" frameWidth="212" frameHeight="249"/>
    <SubTexture name="SPAM_RearrangedBitmap9649242495" x="2" y="1021" width="1" height="1"/>
    <SubTexture name="SPAM_RearrangedBitmap9708525171" x="274" y="262" width="212" height="199" frameX="0" frameY="-22" frameWidth="212" frameHeight="249"/>
    <SubTexture name="SPAM_RearrangedBitmap9992403159" x="524" y="876" width="212" height="130" frameX="0" frameY="-3" frameWidth="212" frameHeight="146"/>
    <SubTexture name="__" x="548" y="481" width="70" height="48"/>
    <SubTexture name="layer_001_png" x="755" y="550" width="234" height="129"/>
    <SubTexture name="layer_002_png" x="450" y="2" width="458" height="234"/>
    <SubTexture name="layer_003_png" x="524" y="238" width="302" height="95"/>
    <SubTexture name="layer_004_png" x="190" y="477" width="135" height="349"/>
    <SubTexture name="layer_005_png" x="327" y="527" width="23" height="17"/>
    <SubTexture name="layer_006_png" x="232" y="993" width="16" height="27"/>
    <SubTexture name="layer_007_png" x="488" y="402" width="28" height="18"/>
    <SubTexture name="layer_008_png" x="406" y="246" width="32" height="14"/>
    <SubTexture name="layer_009_png" x="620" y="519" width="84" height="19"/>
    <SubTexture name="layer_010_png" x="910" y="2" width="108" height="49"/>
    <SubTexture name="layer_011_png" x="408" y="463" width="77" height="16"/>
    <SubTexture name="layer_012_png" x="981" y="427" width="21" height="9"/>
    <SubTexture name="layer_013_png" x="327" y="477" width="23" height="48"/>
    <SubTexture name="layer_014_png" x="402" y="993" width="46" height="20"/>
    <SubTexture name="layer_015_png" x="910" y="53" width="96" height="217"/>
    <SubTexture name="layer_016_png" x="816" y="427" width="163" height="41"/>
    <SubTexture name="layer_017_png" x="216" y="993" width="14" height="28"/>
    <SubTexture name="layer_018_png" x="347" y="993" width="33" height="21"/>
    <SubTexture name="layer_019_png" x="1003" y="272" width="19" height="34"/>
    <SubTexture name="layer_020_png" x="863" y="936" width="57" height="30"/>
    <SubTexture name="layer_021_png" x="907" y="272" width="94" height="32"/>
    <SubTexture name="layer_022_png" x="524" y="826" width="61" height="43"/>
    <SubTexture name="layer_023_png" x="755" y="481" width="252" height="67"/>
    <SubTexture name="layer_024_png" x="2" y="2" width="270" height="473"/>
    <SubTexture name="layer_025_png" x="327" y="2" width="77" height="255"/>
    <SubTexture name="layer_026_png" x="2" y="477" width="186" height="353"/>
    <SubTexture name="layer_027_png" x="408" y="185" width="33" height="59"/>
    <SubTexture name="layer_028_png" x="352" y="503" width="54" height="33"/>
    <SubTexture name="layer_029_png" x="488" y="422" width="27" height="67"/>
    <SubTexture name="layer_030_png" x="488" y="365" width="30" height="35"/>
    <SubTexture name="layer_031_png" x="970" y="341" width="52" height="35"/>
    <SubTexture name="layer_032_png" x="791" y="983" width="91" height="36"/>
    <SubTexture name="layer_033_png" x="974" y="681" width="43" height="81"/>
    <SubTexture name="layer_034_png" x="907" y="341" width="61" height="38"/>
    <SubTexture name="layer_035_png" x="884" y="900" width="92" height="34"/>
    <SubTexture name="layer_036_png" x="738" y="900" width="51" height="92"/>
    <SubTexture name="layer_037_png" x="408" y="2" width="37" height="47"/>
    <SubTexture name="layer_038_png" x="382" y="993" width="18" height="21"/>
    <SubTexture name="layer_039_png" x="358" y="463" width="47" height="38"/>
    <SubTexture name="layer_040_png" x="828" y="238" width="77" height="141"/>
    <SubTexture name="layer_041_png" x="488" y="261" width="31" height="19"/>
    <SubTexture name="layer_042_png" x="907" y="306" width="93" height="33"/>
    <SubTexture name="layer_043_png" x="286" y="993" width="59" height="22"/>
    <SubTexture name="layer_044_png" x="520" y="335" width="294" height="144"/>
    <SubTexture name="layer_045_png" x="216" y="828" width="190" height="163"/>
    <SubTexture name="layer_046_png" x="450" y="826" width="72" height="196"/>
    <SubTexture name="layer_047_png" x="791" y="900" width="70" height="81" frameX="0" frameY="-1" frameWidth="70" frameHeight="83"/>
    <SubTexture name="layer_049_png" x="548" y="481" width="70" height="48"/>
    <SubTexture name="layer_050_png" x="816" y="381" width="184" height="44"/>
    <SubTexture name="layer_053_png" x="408" y="51" width="36" height="87"/>
    <SubTexture name="layer_054_png" x="620" y="481" width="116" height="36"/>
    <SubTexture name="layer_055_png" x="408" y="140" width="34" height="43"/>
    <SubTexture name="layer_056_png" x="250" y="993" width="34" height="23"/>
    <SubTexture name="layer_057_png" x="488" y="282" width="30" height="81"/>
</TextureAtlas>
