<?xml version="1.0" encoding="UTF-8"?>
<!-- Created with TexturePacker http://www.codeandweb.com/texturepacker-->
<!-- $TexturePacker:SmartUpdate:b5ef078bc808a8f8f67ec73b86a77b33:194c006f0e4af72711a0aaeff28dcc81:2ac0a01b0c3b2aed4ae8dac5591a9053$ -->
<TextureAtlas imagePath="2096_dragon_rambutan_1_HD_tweened_dxt5.dds" scale="1.9375">
    <SubTexture name="SPAM_RearrangedBitmap5670693666" x="924" y="521" width="93" height="73"/>
    <SubTexture name="SPAM_RearrangedBitmap7895575093" x="583" y="561" width="133" height="115" frameX="-5" frameY="-6" frameWidth="153" frameHeight="135"/>
    <SubTexture name="SPAM_RearrangedBitmap8126970198" x="58" y="959" width="93" height="54"/>
    <SubTexture name="SPAM_RearrangedBitmap9133181788" x="924" y="596" width="89" height="95" frameX="-17" frameY="-19" frameWidth="131" frameHeight="139"/>
    <SubTexture name="layer_001_png" x="715" y="741" width="131" height="85"/>
    <SubTexture name="layer_002_png" x="738" y="378" width="201" height="102"/>
    <SubTexture name="layer_003_png" x="894" y="693" width="124" height="110"/>
    <SubTexture name="layer_004_png" x="672" y="975" width="60" height="40"/>
    <SubTexture name="layer_005_png" x="334" y="954" width="50" height="67"/>
    <SubTexture name="layer_006_png" x="941" y="399" width="79" height="40"/>
    <SubTexture name="layer_007_png" x="559" y="153" width="48" height="71"/>
    <SubTexture name="layer_008_png" x="472" y="743" width="48" height="79"/>
    <SubTexture name="layer_009_png" x="848" y="741" width="44" height="75"/>
    <SubTexture name="layer_010_png" x="153" y="959" width="67" height="54"/>
    <SubTexture name="layer_011_png" x="386" y="954" width="44" height="67"/>
    <SubTexture name="layer_012_png" x="170" y="232" width="149" height="155"/>
    <SubTexture name="layer_013_png" x="609" y="153" width="131" height="69"/>
    <SubTexture name="layer_014_png" x="672" y="933" width="62" height="40"/>
    <SubTexture name="layer_015_png" x="663" y="302" width="73" height="46"/>
    <SubTexture name="layer_016_png" x="955" y="282" width="67" height="40"/>
    <SubTexture name="layer_017_png" x="894" y="805" width="104" height="46"/>
    <SubTexture name="layer_018_png" x="733" y="482" width="189" height="122"/>
    <SubTexture name="layer_019_png" x="170" y="2" width="120" height="228"/>
    <SubTexture name="layer_020_png" x="292" y="2" width="265" height="222"/>
    <SubTexture name="layer_021_png" x="559" y="2" width="141" height="149"/>
    <SubTexture name="layer_022_png" x="388" y="558" width="155" height="141"/>
    <SubTexture name="layer_023_png" x="432" y="954" width="147" height="65"/>
    <SubTexture name="layer_024_png" x="663" y="224" width="77" height="40"/>
    <SubTexture name="layer_025_png" x="926" y="100" width="73" height="42"/>
    <SubTexture name="layer_026_png" x="472" y="701" width="62" height="40"/>
    <SubTexture name="layer_027_png" x="740" y="282" width="213" height="94"/>
    <SubTexture name="layer_028_png" x="321" y="226" width="112" height="160"/>
    <SubTexture name="layer_029_png" x="777" y="828" width="89" height="36"/>
    <SubTexture name="layer_030_png" x="736" y="933" width="85" height="34"/>
    <SubTexture name="layer_031_png" x="926" y="2" width="96" height="96"/>
    <SubTexture name="layer_032_png" x="663" y="350" width="73" height="38"/>
    <SubTexture name="layer_033_png" x="663" y="266" width="75" height="34"/>
    <SubTexture name="layer_034_png" x="941" y="441" width="63" height="40"/>
    <SubTexture name="layer_035_png" x="545" y="558" width="36" height="79"/>
    <SubTexture name="layer_036_png" x="659" y="390" width="63" height="40"/>
    <SubTexture name="layer_037_png" x="346" y="613" width="40" height="91"/>
    <SubTexture name="layer_038_png" x="586" y="386" width="71" height="46"/>
    <SubTexture name="layer_039_png" x="742" y="145" width="269" height="135"/>
    <SubTexture name="layer_040_png" x="2" y="391" width="251" height="315"/>
    <SubTexture name="layer_041_png" x="622" y="831" width="153" height="100"/>
    <SubTexture name="layer_042_png" x="2" y="2" width="166" height="387"/>
    <SubTexture name="layer_043_png" x="176" y="708" width="294" height="244"/>
    <SubTexture name="layer_044_png" x="581" y="943" width="89" height="79"/>
    <SubTexture name="layer_045_png" x="472" y="831" width="100" height="118"/>
    <SubTexture name="layer_046_png" x="955" y="324" width="65" height="73"/>
    <SubTexture name="layer_047_png" x="545" y="639" width="32" height="34"/>
    <SubTexture name="layer_048_png" x="586" y="434" width="145" height="125"/>
    <SubTexture name="layer_049_png" x="734" y="975" width="50" height="40"/>
    <SubTexture name="layer_050_png" x="1001" y="100" width="13" height="13"/>
    <SubTexture name="layer_051_png" x="545" y="675" width="23" height="19"/>
    <SubTexture name="layer_052_png" x="718" y="606" width="174" height="133"/>
    <SubTexture name="layer_053_png" x="435" y="226" width="226" height="158"/>
    <SubTexture name="layer_054_png" x="375" y="388" width="209" height="168"/>
    <SubTexture name="layer_055_png" x="545" y="696" width="168" height="133"/>
    <SubTexture name="layer_056_png" x="758" y="2" width="166" height="135"/>
    <SubTexture name="layer_057_png" x="255" y="613" width="89" height="93"/>
    <SubTexture name="layer_058_png" x="2" y="959" width="54" height="56"/>
    <SubTexture name="layer_059_png" x="2" y="708" width="172" height="249"/>
    <SubTexture name="layer_060_png" x="255" y="389" width="118" height="222"/>
    <SubTexture name="layer_061_png" x="924" y="483" width="94" height="36"/>
    <SubTexture name="layer_062_png" x="823" y="866" width="46" height="98"/>
    <SubTexture name="layer_063_png" x="222" y="954" width="110" height="67"/>
    <SubTexture name="layer_064_png" x="574" y="831" width="46" height="110"/>
    <SubTexture name="layer_065_png" x="702" y="2" width="54" height="141"/>
</TextureAtlas>
