<?xml version="1.0" encoding="UTF-8"?>
<!-- Created with TexturePacker http://www.codeandweb.com/texturepacker-->
<!-- $TexturePacker:SmartUpdate:36b716be5006db3b602aeb956bec1fef:909d045331cc3fe600e1ebbcdc31ccd0:0288601dc9eb005842e4faa08dc493d7$ -->
<TextureAtlas imagePath="2096_dragon_rambutan_1_HD_tweened_dxt5_map.dds" scale="0.984558105469">
    <SubTexture name="layer_001_png" x="131" y="315" width="66" height="43"/>
    <SubTexture name="layer_002_png" x="375" y="72" width="102" height="52"/>
    <SubTexture name="layer_003_png" x="301" y="232" width="63" height="56"/>
    <SubTexture name="layer_004_png" x="479" y="46" width="30" height="20"/>
    <SubTexture name="layer_005_png" x="346" y="94" width="25" height="34"/>
    <SubTexture name="layer_006_png" x="130" y="488" width="40" height="20"/>
    <SubTexture name="layer_007_png" x="341" y="194" width="24" height="36"/>
    <SubTexture name="layer_008_png" x="341" y="152" width="24" height="40"/>
    <SubTexture name="layer_009_png" x="340" y="406" width="22" height="38"/>
    <SubTexture name="layer_010_png" x="301" y="199" width="34" height="27"/>
    <SubTexture name="layer_011_png" x="364" y="406" width="22" height="34"/>
    <SubTexture name="layer_012_png" x="88" y="120" width="75" height="78"/>
    <SubTexture name="layer_013_png" x="279" y="352" width="66" height="35"/>
    <SubTexture name="layer_014_png" x="479" y="24" width="31" height="20"/>
    <SubTexture name="layer_015_png" x="471" y="160" width="37" height="23"/>
    <SubTexture name="layer_016_png" x="213" y="488" width="34" height="20"/>
    <SubTexture name="layer_017_png" x="457" y="210" width="53" height="23"/>
    <SubTexture name="layer_018_png" x="373" y="126" width="96" height="62"/>
    <SubTexture name="layer_019_png" x="88" y="2" width="61" height="116"/>
    <SubTexture name="layer_020_png" x="151" y="2" width="134" height="113"/>
    <SubTexture name="layer_021_png" x="242" y="406" width="71" height="75"/>
    <SubTexture name="layer_022_png" x="199" y="287" width="78" height="71"/>
    <SubTexture name="layer_023_png" x="434" y="371" width="74" height="33"/>
    <SubTexture name="layer_024_png" x="172" y="488" width="39" height="20"/>
    <SubTexture name="layer_025_png" x="91" y="488" width="37" height="21"/>
    <SubTexture name="layer_026_png" x="479" y="2" width="31" height="20"/>
    <SubTexture name="layer_027_png" x="390" y="459" width="108" height="48"/>
    <SubTexture name="layer_028_png" x="165" y="117" width="57" height="81"/>
    <SubTexture name="layer_029_png" x="301" y="332" width="45" height="18"/>
    <SubTexture name="layer_030_png" x="388" y="398" width="43" height="17"/>
    <SubTexture name="layer_031_png" x="457" y="235" width="49" height="49"/>
    <SubTexture name="layer_032_png" x="2" y="491" width="37" height="19"/>
    <SubTexture name="layer_033_png" x="471" y="141" width="38" height="17"/>
    <SubTexture name="layer_034_png" x="341" y="72" width="32" height="20"/>
    <SubTexture name="layer_035_png" x="390" y="417" width="18" height="40"/>
    <SubTexture name="layer_036_png" x="312" y="94" width="32" height="20"/>
    <SubTexture name="layer_037_png" x="279" y="287" width="20" height="46"/>
    <SubTexture name="layer_038_png" x="471" y="185" width="36" height="23"/>
    <SubTexture name="layer_039_png" x="341" y="2" width="136" height="68"/>
    <SubTexture name="layer_040_png" x="2" y="200" width="127" height="160"/>
    <SubTexture name="layer_041_png" x="433" y="406" width="77" height="51"/>
    <SubTexture name="layer_042_png" x="2" y="2" width="84" height="196"/>
    <SubTexture name="layer_043_png" x="91" y="362" width="149" height="124"/>
    <SubTexture name="layer_044_png" x="301" y="290" width="45" height="40"/>
    <SubTexture name="layer_045_png" x="287" y="2" width="51" height="60"/>
    <SubTexture name="layer_046_png" x="242" y="360" width="33" height="37"/>
    <SubTexture name="layer_047_png" x="348" y="290" width="16" height="17"/>
    <SubTexture name="layer_048_png" x="315" y="447" width="73" height="63"/>
    <SubTexture name="layer_049_png" x="341" y="130" width="25" height="20"/>
    <SubTexture name="layer_050_png" x="471" y="126" width="6" height="6"/>
    <SubTexture name="layer_051_png" x="457" y="190" width="11" height="9"/>
    <SubTexture name="layer_052_png" x="367" y="190" width="88" height="67"/>
    <SubTexture name="layer_053_png" x="224" y="117" width="115" height="80"/>
    <SubTexture name="layer_054_png" x="193" y="200" width="106" height="85"/>
    <SubTexture name="layer_055_png" x="366" y="259" width="85" height="67"/>
    <SubTexture name="layer_056_png" x="348" y="328" width="84" height="68"/>
    <SubTexture name="layer_057_png" x="453" y="322" width="45" height="47"/>
    <SubTexture name="layer_058_png" x="312" y="64" width="27" height="28"/>
    <SubTexture name="layer_059_png" x="2" y="362" width="87" height="127"/>
    <SubTexture name="layer_060_png" x="131" y="200" width="60" height="113"/>
    <SubTexture name="layer_061_png" x="41" y="491" width="48" height="18"/>
    <SubTexture name="layer_062_png" x="287" y="64" width="23" height="50"/>
    <SubTexture name="layer_063_png" x="453" y="286" width="56" height="34"/>
    <SubTexture name="layer_064_png" x="315" y="389" width="23" height="56"/>
    <SubTexture name="layer_065_png" x="479" y="68" width="27" height="71"/>
</TextureAtlas>
