<?xml version="1.0" encoding="UTF-8"?>
<!-- Created with TexturePacker http://www.codeandweb.com/texturepacker-->
<!-- $TexturePacker:SmartUpdate:f5c8c1a8123d68592ade8bfab40a8a29:b2abc764b096cc005e77d3c768ea8037:cc8b24405f4f4378b24a51cbde80a84a$ -->
<TextureAtlas imagePath="1019_dragon_icecube_c_1_HD_tweened_dxt5.dds" scale="1.38928222656">
    <SubTexture name="SPAM_RearrangedBitmap1006995913" x="428" y="301" width="45" height="41" frameX="0" frameY="-3" frameWidth="45" frameHeight="45"/>
    <SubTexture name="SPAM_RearrangedBitmap1026128579" x="472" y="186" width="38" height="37"/>
    <SubTexture name="SPAM_RearrangedBitmap1101841976" x="381" y="309" width="45" height="44" frameX="-1" frameY="-4" frameWidth="47" frameHeight="48"/>
    <SubTexture name="SPAM_RearrangedBitmap1236621671" x="427" y="408" width="31" height="18"/>
    <SubTexture name="SPAM_RearrangedBitmap1490119599" x="422" y="214" width="48" height="42" frameX="0" frameY="-5" frameWidth="48" frameHeight="48"/>
    <SubTexture name="SPAM_RearrangedBitmap1542957562" x="145" y="2" width="156" height="216"/>
    <SubTexture name="SPAM_RearrangedBitmap1671734047" x="303" y="155" width="73" height="63"/>
    <SubTexture name="SPAM_RearrangedBitmap1894464784" x="427" y="365" width="43" height="41"/>
    <SubTexture name="SPAM_RearrangedBitmap2109201241" x="381" y="355" width="43" height="34"/>
    <SubTexture name="SPAM_RearrangedBitmap29130765" x="286" y="395" width="58" height="70"/>
    <SubTexture name="SPAM_RearrangedBitmap2943053712" x="306" y="467" width="42" height="43" frameX="-1" frameY="-2" frameWidth="44" frameHeight="45"/>
    <SubTexture name="SPAM_RearrangedBitmap2989518749" x="439" y="428" width="44" height="40" frameX="0" frameY="-3" frameWidth="44" frameHeight="44"/>
    <SubTexture name="SPAM_RearrangedBitmap3277260825" x="306" y="220" width="86" height="87"/>
    <SubTexture name="SPAM_RearrangedBitmap3672508151" x="384" y="391" width="41" height="44" frameX="0" frameY="0" frameWidth="43" frameHeight="44"/>
    <SubTexture name="SPAM_RearrangedBitmap3758818261" x="303" y="2" width="100" height="151"/>
    <SubTexture name="SPAM_RearrangedBitmap3944694877" x="350" y="466" width="46" height="44" frameX="-1" frameY="-3" frameWidth="48" frameHeight="48"/>
    <SubTexture name="SPAM_RearrangedBitmap4013989714" x="346" y="395" width="36" height="69"/>
    <SubTexture name="SPAM_RearrangedBitmap4077509624" x="149" y="461" width="58" height="40"/>
    <SubTexture name="SPAM_RearrangedBitmap4326876870" x="213" y="292" width="77" height="59"/>
    <SubTexture name="SPAM_RearrangedBitmap4456335529" x="439" y="428" width="44" height="40" frameX="0" frameY="-3" frameWidth="44" frameHeight="44"/>
    <SubTexture name="SPAM_RearrangedBitmap4482183566" x="2" y="372" width="282" height="87"/>
    <SubTexture name="SPAM_RearrangedBitmap5076510266" x="475" y="299" width="27" height="15"/>
    <SubTexture name="SPAM_RearrangedBitmap5265554453" x="428" y="344" width="52" height="19"/>
    <SubTexture name="SPAM_RearrangedBitmap5377896167" x="398" y="458" width="39" height="43" frameX="-1" frameY="0" frameWidth="41" frameHeight="43"/>
    <SubTexture name="SPAM_RearrangedBitmap5516101102" x="472" y="225" width="37" height="36"/>
    <SubTexture name="SPAM_RearrangedBitmap5556315498" x="384" y="437" width="52" height="19"/>
    <SubTexture name="SPAM_RearrangedBitmap5584909574" x="405" y="2" width="105" height="54"/>
    <SubTexture name="SPAM_RearrangedBitmap5603749268" x="209" y="461" width="48" height="42" frameX="0" frameY="-5" frameWidth="48" frameHeight="48"/>
    <SubTexture name="SPAM_RearrangedBitmap5670693666" x="79" y="461" width="68" height="45"/>
    <SubTexture name="SPAM_RearrangedBitmap595760024" x="378" y="155" width="34" height="63"/>
    <SubTexture name="SPAM_RearrangedBitmap6292116069" x="381" y="309" width="45" height="44" frameX="-1" frameY="-4" frameWidth="47" frameHeight="48"/>
    <SubTexture name="SPAM_RearrangedBitmap6576889203" x="414" y="147" width="56" height="65"/>
    <SubTexture name="SPAM_RearrangedBitmap669860168" x="292" y="309" width="87" height="84"/>
    <SubTexture name="SPAM_RearrangedBitmap6771352062" x="259" y="467" width="45" height="43" frameX="-1" frameY="-4" frameWidth="47" frameHeight="47"/>
    <SubTexture name="SPAM_RearrangedBitmap6871806784" x="384" y="391" width="41" height="44" frameX="0" frameY="0" frameWidth="43" frameHeight="44"/>
    <SubTexture name="SPAM_RearrangedBitmap6983673924" x="213" y="292" width="77" height="59"/>
    <SubTexture name="SPAM_RearrangedBitmap7419318374" x="472" y="263" width="37" height="34"/>
    <SubTexture name="SPAM_RearrangedBitmap7895575093" x="394" y="220" width="26" height="55"/>
    <SubTexture name="SPAM_RearrangedBitmap8126970198" x="213" y="292" width="77" height="59"/>
    <SubTexture name="SPAM_RearrangedBitmap8405129396" x="422" y="258" width="48" height="41" frameX="0" frameY="-5" frameWidth="48" frameHeight="47"/>
    <SubTexture name="SPAM_RearrangedBitmap8449238453" x="145" y="220" width="159" height="70"/>
    <SubTexture name="SPAM_RearrangedBitmap8653180432" x="2" y="237" width="134" height="133"/>
    <SubTexture name="SPAM_RearrangedBitmap8695154848" x="472" y="225" width="37" height="36"/>
    <SubTexture name="SPAM_RearrangedBitmap9133181788" x="405" y="58" width="87" height="87"/>
    <SubTexture name="SPAM_RearrangedBitmap9645380225" x="209" y="461" width="48" height="42" frameX="0" frameY="-5" frameWidth="48" frameHeight="48"/>
    <SubTexture name="SPAM_RearrangedBitmap9649242495" x="2" y="2" width="141" height="233"/>
    <SubTexture name="SPAM_RearrangedBitmap9708525171" x="2" y="461" width="75" height="44"/>
    <SubTexture name="SPAM_RearrangedBitmap9943812345" x="138" y="292" width="73" height="65"/>
    <SubTexture name="SPAM_RearrangedBitmap9992403159" x="472" y="147" width="38" height="37"/>
</TextureAtlas>
