<?xml version="1.0" encoding="UTF-8"?>
<!-- Created with TexturePacker http://www.codeandweb.com/texturepacker-->
<!-- $TexturePacker:SmartUpdate:912e6c786ae9b69e69b8ec9d9cc7dec3:7ae713acefec6dec3c50e0d4fc1ca9bc:50c7cf299c2c847ee2e2e2ef0b6df766$ -->
<TextureAtlas imagePath="1019_dragon_icecube_c_1_HD_tweened_dxt5_map.dds" scale="1.48803710938">
    <SubTexture name="SPAM_RearrangedBitmap1236621671" x="476" y="63" width="34" height="19"/>
    <SubTexture name="SPAM_RearrangedBitmap1542957562" x="2" y="2" width="168" height="232"/>
    <SubTexture name="SPAM_RearrangedBitmap1671734047" x="359" y="305" width="78" height="68"/>
    <SubTexture name="SPAM_RearrangedBitmap29130765" x="438" y="225" width="62" height="75"/>
    <SubTexture name="SPAM_RearrangedBitmap3277260825" x="264" y="241" width="92" height="93"/>
    <SubTexture name="SPAM_RearrangedBitmap3758818261" x="155" y="241" width="107" height="162"/>
    <SubTexture name="SPAM_RearrangedBitmap4013989714" x="335" y="431" width="38" height="74"/>
    <SubTexture name="SPAM_RearrangedBitmap4077509624" x="441" y="373" width="62" height="43"/>
    <SubTexture name="SPAM_RearrangedBitmap4326876870" x="250" y="431" width="83" height="63"/>
    <SubTexture name="SPAM_RearrangedBitmap4482183566" x="172" y="2" width="302" height="93"/>
    <SubTexture name="SPAM_RearrangedBitmap5076510266" x="375" y="494" width="29" height="16"/>
    <SubTexture name="SPAM_RearrangedBitmap5265554453" x="60" y="487" width="56" height="20"/>
    <SubTexture name="SPAM_RearrangedBitmap5556315498" x="2" y="487" width="56" height="20"/>
    <SubTexture name="SPAM_RearrangedBitmap5584909574" x="318" y="174" width="113" height="58"/>
    <SubTexture name="SPAM_RearrangedBitmap5670693666" x="433" y="174" width="72" height="49"/>
    <SubTexture name="SPAM_RearrangedBitmap595760024" x="375" y="424" width="37" height="68"/>
    <SubTexture name="SPAM_RearrangedBitmap6576889203" x="439" y="302" width="61" height="69"/>
    <SubTexture name="SPAM_RearrangedBitmap669860168" x="155" y="405" width="93" height="90"/>
    <SubTexture name="SPAM_RearrangedBitmap7895575093" x="476" y="2" width="28" height="59"/>
    <SubTexture name="SPAM_RearrangedBitmap8126970198" x="250" y="431" width="83" height="63"/>
    <SubTexture name="SPAM_RearrangedBitmap8449238453" x="318" y="97" width="171" height="75"/>
    <SubTexture name="SPAM_RearrangedBitmap8653180432" x="172" y="97" width="144" height="142"/>
    <SubTexture name="SPAM_RearrangedBitmap9133181788" x="264" y="336" width="93" height="93"/>
    <SubTexture name="SPAM_RearrangedBitmap9649242495" x="2" y="236" width="151" height="249"/>
    <SubTexture name="SPAM_RearrangedBitmap9708525171" x="359" y="375" width="80" height="47"/>
    <SubTexture name="SPAM_RearrangedBitmap9943812345" x="358" y="234" width="78" height="69"/>
    <SubTexture name="SPAM_RearrangedBitmap9992403159" x="414" y="424" width="41" height="40"/>
</TextureAtlas>
