<?xml version="1.0" encoding="UTF-8"?>
<!-- Created with TexturePacker http://www.codeandweb.com/texturepacker-->
<!-- $TexturePacker:SmartUpdate:e24b60a5fbb96f25eaa2062020fbaf6a:14b661e7a7965d54e17735e32239d5fc:e327324e687c8c614b1719acb9746313$ -->
<TextureAtlas imagePath="2208_dragon_admirer_1_HD_tweened_dxt5.dds" scale="1.193359375">
    <SubTexture name="SPAM_RearrangedBitmap3277260825" x="239" y="443" width="55" height="50" frameX="-1" frameY="-1" frameWidth="65" frameHeight="56"/>
    <SubTexture name="SPAM_RearrangedBitmap3758818261" x="361" y="376" width="41" height="49" frameX="-2" frameY="-2" frameWidth="51" frameHeight="57"/>
    <SubTexture name="SPAM_RearrangedBitmap5556315498" x="296" y="257" width="62" height="28" frameX="0" frameY="0" frameWidth="66" frameHeight="28"/>
    <SubTexture name="SPAM_RearrangedBitmap5584909574" x="296" y="432" width="48" height="51" frameX="-2" frameY="-1" frameWidth="60" frameHeight="57"/>
    <SubTexture name="SPAM_RearrangedBitmap5670693666" x="360" y="253" width="63" height="29" frameX="-1" frameY="0" frameWidth="69" frameHeight="31"/>
    <SubTexture name="SPAM_RearrangedBitmap669860168" x="117" y="465" width="63" height="45" frameX="-2" frameY="-2" frameWidth="73" frameHeight="53"/>
    <SubTexture name="SPAM_RearrangedBitmap7895575093" x="182" y="465" width="55" height="38" frameX="-2" frameY="0" frameWidth="65" frameHeight="44"/>
    <SubTexture name="SPAM_RearrangedBitmap8126970198" x="268" y="342" width="69" height="29" frameX="0" frameY="0" frameWidth="73" frameHeight="31"/>
    <SubTexture name="SPAM_RearrangedBitmap8653180432" x="497" y="354" width="13" height="44" frameX="-2" frameY="-3" frameWidth="23" frameHeight="54"/>
    <SubTexture name="SPAM_RearrangedBitmap9133181788" x="171" y="253" width="63" height="42" frameX="-2" frameY="-2" frameWidth="73" frameHeight="50"/>
    <SubTexture name="SPAM_RearrangedBitmap9708525171" x="296" y="485" width="34" height="20" frameX="-1" frameY="-2" frameWidth="44" frameHeight="28"/>
    <SubTexture name="admirer_001_png" x="345" y="287" width="41" height="54"/>
    <SubTexture name="admirer_002_png" x="301" y="103" width="88" height="75"/>
    <SubTexture name="admirer_003_png" x="468" y="441" width="26" height="28"/>
    <SubTexture name="admirer_004_png" x="439" y="411" width="27" height="31"/>
    <SubTexture name="admirer_005_png" x="408" y="180" width="46" height="70"/>
    <SubTexture name="admirer_006_png" x="426" y="325" width="25" height="28"/>
    <SubTexture name="admirer_007_png" x="268" y="287" width="75" height="53"/>
    <SubTexture name="admirer_008_png" x="274" y="148" width="25" height="29"/>
    <SubTexture name="admirer_009_png" x="404" y="428" width="33" height="40"/>
    <SubTexture name="admirer_010_png" x="432" y="369" width="36" height="40"/>
    <SubTexture name="admirer_011_png" x="236" y="256" width="58" height="28"/>
    <SubTexture name="admirer_012_png" x="346" y="432" width="27" height="65"/>
    <SubTexture name="admirer_013_png" x="498" y="2" width="7" height="114"/>
    <SubTexture name="admirer_014_png" x="368" y="345" width="52" height="29"/>
    <SubTexture name="admirer_015_png" x="2" y="2" width="192" height="169"/>
    <SubTexture name="admirer_016_png" x="2" y="299" width="113" height="173"/>
    <SubTexture name="admirer_017_png" x="196" y="2" width="103" height="144"/>
    <SubTexture name="admirer_018_png" x="297" y="180" width="57" height="75"/>
    <SubTexture name="admirer_019_png" x="339" y="343" width="27" height="28"/>
    <SubTexture name="admirer_020_png" x="468" y="411" width="26" height="28"/>
    <SubTexture name="admirer_021_png" x="204" y="297" width="62" height="68"/>
    <SubTexture name="admirer_022_png" x="425" y="252" width="26" height="28"/>
    <SubTexture name="admirer_023_png" x="454" y="471" width="25" height="27"/>
    <SubTexture name="admirer_024_png" x="470" y="369" width="25" height="40"/>
    <SubTexture name="admirer_025_png" x="456" y="159" width="54" height="31"/>
    <SubTexture name="admirer_026_png" x="375" y="427" width="27" height="52"/>
    <SubTexture name="admirer_027_png" x="196" y="148" width="76" height="29"/>
    <SubTexture name="admirer_028_png" x="453" y="302" width="45" height="23"/>
    <SubTexture name="admirer_029_png" x="2" y="173" width="167" height="124"/>
    <SubTexture name="admirer_030_png" x="426" y="282" width="25" height="41"/>
    <SubTexture name="admirer_031_png" x="356" y="180" width="50" height="71"/>
    <SubTexture name="admirer_032_png" x="456" y="192" width="42" height="66"/>
    <SubTexture name="admirer_033_png" x="453" y="122" width="57" height="35"/>
    <SubTexture name="admirer_034_png" x="239" y="495" width="20" height="15"/>
    <SubTexture name="admirer_036_png" x="421" y="2" width="75" height="118"/>
    <SubTexture name="admirer_037_png" x="117" y="299" width="85" height="81"/>
    <SubTexture name="admirer_038_png" x="171" y="179" width="65" height="72"/>
    <SubTexture name="admirer_039_png" x="391" y="103" width="22" height="16"/>
    <SubTexture name="admirer_040_png" x="388" y="284" width="36" height="59"/>
    <SubTexture name="admirer_041_png" x="296" y="373" width="63" height="57"/>
    <SubTexture name="admirer_042_png" x="117" y="382" width="119" height="81"/>
    <SubTexture name="admirer_043_png" x="2" y="474" width="99" height="29"/>
    <SubTexture name="admirer_044_png" x="453" y="327" width="39" height="40"/>
    <SubTexture name="admirer_044_png_" x="391" y="122" width="60" height="56"/>
    <SubTexture name="admirer_045_png" x="375" y="481" width="36" height="29"/>
    <SubTexture name="admirer_046_png" x="238" y="179" width="57" height="75"/>
    <SubTexture name="admirer_047_png" x="494" y="327" width="16" height="25"/>
    <SubTexture name="admirer_048_png" x="494" y="260" width="16" height="25"/>
    <SubTexture name="admirer_049_png" x="453" y="260" width="39" height="40"/>
    <SubTexture name="admirer_049_png_" x="238" y="373" width="56" height="68"/>
    <SubTexture name="admirer_050_png" x="413" y="470" width="39" height="40"/>
    <SubTexture name="admirer_050_png_" x="415" y="103" width="4" height="11"/>
    <SubTexture name="admirer_051_png" x="261" y="495" width="16" height="14"/>
    <SubTexture name="admirer_053_png" x="301" y="2" width="118" height="99"/>
    <SubTexture name="admirer_064_png" x="404" y="376" width="26" height="50"/>
</TextureAtlas>
