<?xml version="1.0" encoding="UTF-8"?>
<!-- Created with TexturePacker http://www.codeandweb.com/texturepacker-->
<!-- $TexturePacker:SmartUpdate:d894c4a5d5431a2775cb0f2c4402aca5:68000749294c750d4803219cd20e6f7b:be38aa3142e4c6cc864992065da48f53$ -->
<TextureAtlas imagePath="2208_dragon_admirer_1_HD_tweened_dxt5_map.dds" scale="1.28125">
    <SubTexture name="admirer_001_png" x="460" y="444" width="44" height="58"/>
    <SubTexture name="admirer_002_png" x="286" y="199" width="94" height="80"/>
    <SubTexture name="admirer_003_png" x="367" y="461" width="28" height="30"/>
    <SubTexture name="admirer_004_png" x="346" y="281" width="29" height="33"/>
    <SubTexture name="admirer_005_png" x="453" y="80" width="49" height="75"/>
    <SubTexture name="admirer_006_png" x="397" y="471" width="26" height="30"/>
    <SubTexture name="admirer_007_png" x="125" y="448" width="80" height="57"/>
    <SubTexture name="admirer_008_png" x="382" y="279" width="26" height="32"/>
    <SubTexture name="admirer_009_png" x="299" y="466" width="35" height="43"/>
    <SubTexture name="admirer_010_png" x="369" y="382" width="39" height="43"/>
    <SubTexture name="admirer_011_png" x="207" y="480" width="62" height="30"/>
    <SubTexture name="admirer_012_png" x="338" y="316" width="29" height="70"/>
    <SubTexture name="admirer_013_png" x="183" y="185" width="7" height="123"/>
    <SubTexture name="admirer_014_png" x="453" y="157" width="56" height="32"/>
    <SubTexture name="admirer_015_png" x="2" y="2" width="206" height="181"/>
    <SubTexture name="admirer_016_png" x="2" y="320" width="121" height="185"/>
    <SubTexture name="admirer_017_png" x="210" y="2" width="111" height="155"/>
    <SubTexture name="admirer_018_png" x="207" y="398" width="61" height="80"/>
    <SubTexture name="admirer_019_png" x="336" y="446" width="29" height="30"/>
    <SubTexture name="admirer_020_png" x="336" y="478" width="28" height="30"/>
    <SubTexture name="admirer_021_png" x="270" y="316" width="66" height="73"/>
    <SubTexture name="admirer_022_png" x="479" y="309" width="28" height="30"/>
    <SubTexture name="admirer_023_png" x="425" y="471" width="26" height="29"/>
    <SubTexture name="admirer_024_png" x="479" y="264" width="26" height="43"/>
    <SubTexture name="admirer_025_png" x="286" y="281" width="58" height="33"/>
    <SubTexture name="admirer_026_png" x="338" y="388" width="29" height="56"/>
    <SubTexture name="admirer_027_png" x="192" y="282" width="82" height="32"/>
    <SubTexture name="admirer_028_png" x="410" y="444" width="48" height="25"/>
    <SubTexture name="admirer_029_png" x="2" y="185" width="179" height="133"/>
    <SubTexture name="admirer_030_png" x="271" y="466" width="26" height="44"/>
    <SubTexture name="admirer_031_png" x="451" y="2" width="53" height="76"/>
    <SubTexture name="admirer_032_png" x="454" y="191" width="46" height="71"/>
    <SubTexture name="admirer_033_png" x="410" y="404" width="61" height="38"/>
    <SubTexture name="admirer_034_png" x="477" y="370" width="21" height="16"/>
    <SubTexture name="admirer_036_png" x="125" y="320" width="80" height="126"/>
    <SubTexture name="admirer_037_png" x="192" y="193" width="92" height="87"/>
    <SubTexture name="admirer_038_png" x="382" y="199" width="70" height="78"/>
    <SubTexture name="admirer_039_png" x="366" y="493" width="24" height="17"/>
    <SubTexture name="admirer_040_png" x="369" y="316" width="39" height="64"/>
    <SubTexture name="admirer_041_png" x="410" y="279" width="67" height="61"/>
    <SubTexture name="admirer_042_png" x="323" y="110" width="128" height="87"/>
    <SubTexture name="admirer_043_png" x="210" y="159" width="106" height="32"/>
    <SubTexture name="admirer_044_png_" x="410" y="342" width="65" height="60"/>
    <SubTexture name="admirer_045_png" x="369" y="427" width="39" height="32"/>
    <SubTexture name="admirer_046_png" x="207" y="316" width="61" height="80"/>
    <SubTexture name="admirer_047_png" x="477" y="342" width="17" height="26"/>
    <SubTexture name="admirer_048_png" x="473" y="404" width="17" height="26"/>
    <SubTexture name="admirer_049_png_" x="270" y="391" width="60" height="73"/>
    <SubTexture name="admirer_050_png_" x="453" y="471" width="5" height="12"/>
    <SubTexture name="admirer_051_png" x="492" y="388" width="17" height="15"/>
    <SubTexture name="admirer_053_png" x="323" y="2" width="126" height="106"/>
</TextureAtlas>
