<?xml version="1.0" encoding="UTF-8"?>
<!-- Created with TexturePacker http://www.codeandweb.com/texturepacker-->
<!-- $TexturePacker:SmartUpdate:58d8ac11c7cb6d53ff46c357e87f0665:482c5dd41c40b0751b2fab643f0f8cef:ad012c673a72384c1c450b8219525fdf$ -->
<TextureAtlas imagePath="10342_habitat_bp_orb_active_HD_tweened_dxt5.dds" scale="0.5723876953125">
    <SubTexture name="SPAM_RearrangedBitmap1542957562_fx" x="826" y="188" width="50" height="77" frameX="0" frameY="0" frameWidth="52" frameHeight="81"/>
    <SubTexture name="SPAM_RearrangedBitmap3277260825_fx" x="882" y="142" width="52" height="68" frameX="0" frameY="0" frameWidth="56" frameHeight="74"/>
    <SubTexture name="SPAM_RearrangedBitmap3758818261_fx" x="578" y="893" width="59" height="83" frameX="0" frameY="0" frameWidth="61" frameHeight="87"/>
    <SubTexture name="SPAM_RearrangedBitmap4077509624" x="826" y="132" width="54" height="54"/>
    <SubTexture name="SPAM_RearrangedBitmap5584909574_fx" x="950" y="893" width="56" height="76" frameX="0" frameY="0" frameWidth="58" frameHeight="80"/>
    <SubTexture name="SPAM_RearrangedBitmap5670693666_fx" x="896" y="893" width="52" height="78" frameX="0" frameY="0" frameWidth="54" frameHeight="82"/>
    <SubTexture name="SPAM_RearrangedBitmap669860168_fx" x="781" y="893" width="56" height="81" frameX="0" frameY="0" frameWidth="60" frameHeight="85"/>
    <SubTexture name="SPAM_RearrangedBitmap7895575093_fx" x="639" y="893" width="57" height="83" frameX="0" frameY="0" frameWidth="59" frameHeight="89"/>
    <SubTexture name="SPAM_RearrangedBitmap8653180432_fx" x="768" y="208" width="48" height="78" frameX="0" frameY="0" frameWidth="50" frameHeight="84"/>
    <SubTexture name="SPAM_RearrangedBitmap9133181788_fx" x="768" y="132" width="56" height="74" frameX="0" frameY="0" frameWidth="58" frameHeight="82"/>
    <SubTexture name="SPAM_RearrangedBitmap9708525171_fx" x="839" y="893" width="55" height="80" frameX="0" frameY="0" frameWidth="57" frameHeight="84"/>
    <SubTexture name="SPAM_RearrangedBitmap9992403159" x="698" y="893" width="81" height="81" frameX="-8" frameY="-6" frameWidth="97" frameHeight="93"/>
    <SubTexture name="base_png" x="505" y="697" width="517" height="194"/>
    <SubTexture name="ground_png" x="2" y="2" width="546" height="272"/>
    <SubTexture name="habitat_bp_orb_inactive_png" x="2" y="276" width="528" height="419"/>
    <SubTexture name="mapa_de_bits_10" x="985" y="2" width="31" height="85"/>
    <SubTexture name="mapa_de_bits_11" x="505" y="893" width="24" height="104"/>
    <SubTexture name="mapa_de_bits_11_" x="632" y="978" width="24" height="22" frameX="-1" frameY="0" frameWidth="28" frameHeight="26"/>
    <SubTexture name="mapa_de_bits_12" x="555" y="893" width="21" height="104"/>
    <SubTexture name="mapa_de_bits_12_" x="606" y="978" width="24" height="22" frameX="-1" frameY="-1" frameWidth="28" frameHeight="26"/>
    <SubTexture name="mapa_de_bits_13" x="531" y="893" width="22" height="104"/>
    <SubTexture name="mapa_de_bits_13_" x="557" y="999" width="24" height="22" frameX="-1" frameY="-1" frameWidth="28" frameHeight="26"/>
    <SubTexture name="mapa_de_bits_14" x="985" y="89" width="30" height="88"/>
    <SubTexture name="mapa_de_bits_14_" x="531" y="999" width="24" height="22" frameX="-1" frameY="-1" frameWidth="28" frameHeight="26"/>
    <SubTexture name="mapa_de_bits_15" x="583" y="978" width="21" height="42"/>
    <SubTexture name="mapa_de_bits_15_" x="505" y="999" width="24" height="22" frameX="-1" frameY="-1" frameWidth="28" frameHeight="26"/>
    <SubTexture name="mapa_de_bits_16" x="532" y="305" width="9" height="18"/>
    <SubTexture name="mapa_de_bits_8" x="532" y="276" width="14" height="27"/>
    <SubTexture name="mapa_de_bits_9" x="950" y="971" width="25" height="51"/>
    <SubTexture name="pot_left_png" x="899" y="2" width="84" height="69"/>
    <SubTexture name="pot_right_png" x="899" y="73" width="84" height="67"/>
    <SubTexture name="shadow_png" x="2" y="697" width="501" height="309"/>
    <SubTexture name="staircase_png" x="550" y="2" width="347" height="128"/>
    <SubTexture name="top_png" x="550" y="132" width="216" height="179"/>
</TextureAtlas>
