<?xml version="1.0" encoding="UTF-8"?>
<!-- Created with TexturePacker http://www.codeandweb.com/texturepacker-->
<!-- $TexturePacker:SmartUpdate:7eb2b52656c8654d46163d389d8f0826:6b7c61db7df776b89828f334082d3364:ee017a17aa17bfb9c6248ac9d88e0d8d$ -->
<TextureAtlas imagePath="puzzleisland_vfx_b_HD_tweened_dxt5.dds" scale="0.4345703125">
    <SubTexture name="SPAM_RearrangedBitmap5670693666" x="737" y="697" width="19" height="14" frameX="-2" frameY="-1" frameWidth="23" frameHeight="18"/>
    <SubTexture name="SPAM_RearrangedBitmap7895575093" x="765" y="633" width="22" height="20" frameX="0" frameY="0" frameWidth="24" frameHeight="22"/>
    <SubTexture name="SPAM_RearrangedBitmap8126970198" x="999" y="833" width="23" height="17" frameX="-1" frameY="-2" frameWidth="27" frameHeight="21"/>
    <SubTexture name="SPAM_RearrangedBitmap9133181788" x="535" y="384" width="19" height="14" frameX="-1" frameY="-1" frameWidth="23" frameHeight="24"/>
    <SubTexture name="SPAM_RearrangedBitmap9649242495" x="765" y="607" width="24" height="24"/>
    <SubTexture name="SPAM_RearrangedBitmap9708525171" x="486" y="577" width="27" height="18" frameX="0" frameY="-1" frameWidth="29" frameHeight="22"/>
    <SubTexture name="bitmap_1" x="830" y="200" width="1" height="1"/>
    <SubTexture name="bitmap_10" x="368" y="299" width="60" height="60" frameX="-9" frameY="-7" frameWidth="76" frameHeight="76"/>
    <SubTexture name="bitmap_11" x="713" y="872" width="64" height="62" frameX="-6" frameY="-7" frameWidth="76" frameHeight="76"/>
    <SubTexture name="bitmap_12" x="647" y="872" width="64" height="64" frameX="-7" frameY="-6" frameWidth="76" frameHeight="76"/>
    <SubTexture name="bitmap_13" x="503" y="956" width="64" height="64" frameX="-6" frameY="-6" frameWidth="76" frameHeight="76"/>
    <SubTexture name="bitmap_14" x="513" y="820" width="64" height="62" frameX="-6" frameY="-7" frameWidth="76" frameHeight="76"/>
    <SubTexture name="bitmap_15" x="634" y="958" width="62" height="58" frameX="-7" frameY="-10" frameWidth="76" frameHeight="76"/>
    <SubTexture name="bitmap_15_" x="568" y="918" width="73" height="24" frameX="0" frameY="0" frameWidth="73" frameHeight="26"/>
    <SubTexture name="bitmap_16" x="762" y="963" width="54" height="56" frameX="-14" frameY="-12" frameWidth="76" frameHeight="76"/>
    <SubTexture name="bitmap_16_" x="856" y="2" width="150" height="74"/>
    <SubTexture name="bitmap_17" x="818" y="963" width="48" height="54" frameX="-14" frameY="-13" frameWidth="76" frameHeight="76"/>
    <SubTexture name="bitmap_17_" x="2" y="375" width="324" height="72"/>
    <SubTexture name="bitmap_18" x="868" y="944" width="48" height="44" frameX="-14" frameY="-15" frameWidth="76" frameHeight="76"/>
    <SubTexture name="bitmap_18_" x="2" y="2" width="428" height="76" frameX="-4" frameY="0" frameWidth="432" frameHeight="76"/>
    <SubTexture name="bitmap_19" x="905" y="833" width="46" height="40" frameX="-16" frameY="-17" frameWidth="76" frameHeight="76"/>
    <SubTexture name="bitmap_19_" x="432" y="2" width="422" height="75"/>
    <SubTexture name="bitmap_19__" x="713" y="936" width="64" height="25"/>
    <SubTexture name="bitmap_19___" x="734" y="786" width="53" height="50"/>
    <SubTexture name="bitmap_1_" x="565" y="140" width="18" height="30" frameX="0" frameY="0" frameWidth="18" frameHeight="32"/>
    <SubTexture name="bitmap_1__" x="844" y="803" width="50" height="49"/>
    <SubTexture name="bitmap_1_copy" x="243" y="1009" width="49" height="13"/>
    <SubTexture name="bitmap_20" x="938" y="875" width="44" height="38" frameX="-18" frameY="-19" frameWidth="76" frameHeight="76"/>
    <SubTexture name="bitmap_20_" x="2" y="156" width="418" height="76" frameX="-12" frameY="0" frameWidth="430" frameHeight="76"/>
    <SubTexture name="bitmap_20__" x="580" y="817" width="71" height="32"/>
    <SubTexture name="bitmap_21" x="730" y="838" width="42" height="32" frameX="-19" frameY="-20" frameWidth="76" frameHeight="76"/>
    <SubTexture name="bitmap_21_" x="2" y="80" width="427" height="74" frameX="-14" frameY="0" frameWidth="441" frameHeight="74"/>
    <SubTexture name="bitmap_21__" x="920" y="526" width="90" height="35" frameX="-2" frameY="0" frameWidth="92" frameHeight="35"/>
    <SubTexture name="bitmap_21___" x="886" y="875" width="50" height="48"/>
    <SubTexture name="bitmap_22" x="913" y="759" width="16" height="14"/>
    <SubTexture name="bitmap_22_" x="2" y="234" width="364" height="67"/>
    <SubTexture name="bitmap_22__" x="297" y="976" width="90" height="32"/>
    <SubTexture name="bitmap_22___" x="789" y="786" width="53" height="52"/>
    <SubTexture name="bitmap_23" x="2" y="303" width="351" height="70"/>
    <SubTexture name="bitmap_23_" x="156" y="989" width="85" height="33"/>
    <SubTexture name="bitmap_23__" x="623" y="509" width="56" height="57"/>
    <SubTexture name="bitmap_24" x="2" y="449" width="290" height="66"/>
    <SubTexture name="bitmap_24_" x="653" y="805" width="79" height="31"/>
    <SubTexture name="bitmap_24__" x="779" y="872" width="53" height="53"/>
    <SubTexture name="bitmap_25" x="2" y="581" width="272" height="62"/>
    <SubTexture name="bitmap_25_" x="653" y="768" width="79" height="35"/>
    <SubTexture name="bitmap_25__" x="623" y="451" width="57" height="56"/>
    <SubTexture name="bitmap_26" x="2" y="517" width="282" height="62" frameX="0" frameY="-1" frameWidth="282" frameHeight="66"/>
    <SubTexture name="bitmap_26_" x="653" y="838" width="75" height="32"/>
    <SubTexture name="bitmap_27" x="2" y="645" width="243" height="61"/>
    <SubTexture name="bitmap_27_" x="774" y="840" width="64" height="30"/>
    <SubTexture name="bitmap_27__" x="503" y="884" width="63" height="70"/>
    <SubTexture name="bitmap_28" x="432" y="79" width="154" height="59"/>
    <SubTexture name="bitmap_28_" x="868" y="990" width="47" height="19"/>
    <SubTexture name="bitmap_28__" x="513" y="745" width="65" height="73"/>
    <SubTexture name="bitmap_29" x="698" y="963" width="62" height="52" frameX="-64" frameY="-13" frameWidth="134" frameHeight="134"/>
    <SubTexture name="bitmap_29_" x="2" y="1013" width="26" height="9"/>
    <SubTexture name="bitmap_29__" x="606" y="571" width="67" height="83" frameX="0" frameY="0" frameWidth="67" frameHeight="87"/>
    <SubTexture name="bitmap_30" x="681" y="551" width="108" height="54" frameX="-18" frameY="-10" frameWidth="134" frameHeight="134"/>
    <SubTexture name="bitmap_30_" x="765" y="655" width="7" height="4"/>
    <SubTexture name="bitmap_31" x="419" y="384" width="114" height="75" frameX="-15" frameY="-9" frameWidth="142" frameHeight="143"/>
    <SubTexture name="bitmap_31_" x="294" y="449" width="18" height="6"/>
    <SubTexture name="bitmap_31__" x="419" y="924" width="82" height="80" frameX="-2" frameY="0" frameWidth="84" frameHeight="80"/>
    <SubTexture name="bitmap_32" x="389" y="976" width="25" height="18"/>
    <SubTexture name="bitmap_33" x="682" y="450" width="116" height="99" frameX="-11" frameY="-8" frameWidth="142" frameHeight="143"/>
    <SubTexture name="bitmap_33_" x="243" y="989" width="51" height="18" frameX="0" frameY="-1" frameWidth="51" frameHeight="20"/>
    <SubTexture name="bitmap_33__" x="419" y="838" width="82" height="84"/>
    <SubTexture name="bitmap_34" x="802" y="449" width="116" height="103" frameX="-9" frameY="-6" frameWidth="142" frameHeight="143"/>
    <SubTexture name="bitmap_34_" x="779" y="927" width="59" height="19" frameX="0" frameY="0" frameWidth="59" frameHeight="21"/>
    <SubTexture name="bitmap_34__" x="486" y="659" width="85" height="84"/>
    <SubTexture name="bitmap_35" x="297" y="849" width="120" height="125" frameX="-5" frameY="-6" frameWidth="142" frameHeight="143"/>
    <SubTexture name="bitmap_35_" x="840" y="854" width="63" height="19" frameX="0" frameY="0" frameWidth="63" frameHeight="21"/>
    <SubTexture name="bitmap_36" x="726" y="79" width="134" height="119" frameX="-4" frameY="-7" frameWidth="142" frameHeight="143"/>
    <SubTexture name="bitmap_36_" x="845" y="759" width="66" height="21" frameX="0" frameY="0" frameWidth="66" frameHeight="23"/>
    <SubTexture name="bitmap_36__" x="308" y="665" width="87" height="82"/>
    <SubTexture name="bitmap_37" x="588" y="79" width="136" height="119" frameX="-2" frameY="-8" frameWidth="142" frameHeight="143"/>
    <SubTexture name="bitmap_37_" x="845" y="782" width="66" height="19" frameX="0" frameY="-1" frameWidth="66" frameHeight="21"/>
    <SubTexture name="bitmap_37__" x="855" y="671" width="88" height="86"/>
    <SubTexture name="bitmap_38" x="862" y="78" width="134" height="123" frameX="-4" frameY="-7" frameWidth="142" frameHeight="143"/>
    <SubTexture name="bitmap_38_" x="954" y="291" width="68" height="20" frameX="0" frameY="0" frameWidth="68" frameHeight="22"/>
    <SubTexture name="bitmap_38__" x="675" y="607" width="88" height="88"/>
    <SubTexture name="bitmap_39" x="698" y="200" width="130" height="127" frameX="-8" frameY="-5" frameWidth="142" frameHeight="143"/>
    <SubTexture name="bitmap_39_" x="643" y="938" width="68" height="18" frameX="0" frameY="-1" frameWidth="68" frameHeight="20"/>
    <SubTexture name="bitmap_39__" x="328" y="375" width="89" height="86"/>
    <SubTexture name="bitmap_40" x="830" y="203" width="122" height="125" frameX="-12" frameY="-6" frameWidth="142" frameHeight="143"/>
    <SubTexture name="bitmap_40_" x="840" y="925" width="69" height="17" frameX="0" frameY="0" frameWidth="69" frameHeight="19"/>
    <SubTexture name="bitmap_40__" x="392" y="752" width="87" height="84"/>
    <SubTexture name="bitmap_41" x="802" y="330" width="118" height="117" frameX="-14" frameY="-10" frameWidth="142" frameHeight="143"/>
    <SubTexture name="bitmap_41_" x="774" y="767" width="69" height="17" frameX="0" frameY="0" frameWidth="69" frameHeight="19"/>
    <SubTexture name="bitmap_42" x="294" y="463" width="112" height="111" frameX="-17" frameY="-14" frameWidth="142" frameHeight="143"/>
    <SubTexture name="bitmap_42_" x="774" y="748" width="69" height="17" frameX="-2" frameY="-1" frameWidth="71" frameHeight="19"/>
    <SubTexture name="bitmap_42__" x="397" y="577" width="87" height="87"/>
    <SubTexture name="bitmap_43" x="791" y="554" width="106" height="105" frameX="-20" frameY="-18" frameWidth="142" frameHeight="143"/>
    <SubTexture name="bitmap_43_" x="938" y="915" width="56" height="18"/>
    <SubTexture name="bitmap_43__" x="303" y="749" width="87" height="85" frameX="0" frameY="-2" frameWidth="87" frameHeight="87"/>
    <SubTexture name="bitmap_44" x="922" y="330" width="100" height="99" frameX="-23" frameY="-23" frameWidth="142" frameHeight="143"/>
    <SubTexture name="bitmap_44_" x="954" y="313" width="56" height="14" frameX="0" frameY="-1" frameWidth="56" frameHeight="16"/>
    <SubTexture name="bitmap_44__" x="765" y="661" width="88" height="85" frameX="0" frameY="-2" frameWidth="92" frameHeight="87"/>
    <SubTexture name="bitmap_45" x="922" y="431" width="92" height="93" frameX="-26" frameY="-26" frameWidth="142" frameHeight="143"/>
    <SubTexture name="bitmap_45_" x="918" y="935" width="55" height="14" frameX="-24" frameY="-2" frameWidth="79" frameHeight="18"/>
    <SubTexture name="bitmap_45__" x="397" y="666" width="87" height="84"/>
    <SubTexture name="bitmap_46" x="573" y="659" width="86" height="81" frameX="-30" frameY="-34" frameWidth="142" frameHeight="143"/>
    <SubTexture name="bitmap_46_" x="779" y="948" width="53" height="13" frameX="-2" frameY="-2" frameWidth="59" frameHeight="17"/>
    <SubTexture name="bitmap_46__" x="516" y="571" width="88" height="86" frameX="-2" frameY="0" frameWidth="90" frameHeight="86"/>
    <SubTexture name="bitmap_47" x="661" y="697" width="74" height="69" frameX="-34" frameY="-41" frameWidth="142" frameHeight="143"/>
    <SubTexture name="bitmap_47_" x="303" y="836" width="53" height="11" frameX="0" frameY="0" frameWidth="55" frameHeight="13"/>
    <SubTexture name="bitmap_47__" x="308" y="576" width="87" height="87"/>
    <SubTexture name="bitmap_48" x="834" y="875" width="50" height="48" frameX="-11" frameY="-11" frameWidth="68" frameHeight="68"/>
    <SubTexture name="bitmap_48_" x="818" y="1019" width="16" height="3" frameX="-2" frameY="-6" frameWidth="20" frameHeight="13"/>
    <SubTexture name="bitmap_48__" x="954" y="203" width="55" height="86"/>
    <SubTexture name="bitmap_49" x="953" y="833" width="44" height="40" frameX="-11" frameY="-14" frameWidth="68" frameHeight="68"/>
    <SubTexture name="bitmap_49_" x="481" y="752" width="30" height="82" frameX="0" frameY="-3" frameWidth="32" frameHeight="90"/>
    <SubTexture name="bitmap_55" x="2" y="708" width="151" height="153" frameX="0" frameY="0" frameWidth="153" frameHeight="153"/>
    <SubTexture name="bitmap_56" x="2" y="863" width="152" height="148"/>
    <SubTexture name="bitmap_57" x="155" y="708" width="146" height="139"/>
    <SubTexture name="bitmap_58" x="156" y="849" width="139" height="138"/>
    <SubTexture name="bitmap_59" x="565" y="200" width="131" height="123"/>
    <SubTexture name="bitmap_60" x="431" y="140" width="132" height="122"/>
    <SubTexture name="bitmap_61" x="430" y="264" width="126" height="118"/>
    <SubTexture name="bitmap_62" x="558" y="325" width="122" height="124"/>
    <SubTexture name="bitmap_63" x="682" y="329" width="118" height="119"/>
    <SubTexture name="bitmap_64" x="516" y="461" width="105" height="108"/>
    <SubTexture name="bitmap_65" x="408" y="463" width="106" height="112"/>
    <SubTexture name="bitmap_66" x="899" y="563" width="106" height="106"/>
    <SubTexture name="bitmap_67" x="945" y="752" width="77" height="79" frameX="0" frameY="0" frameWidth="81" frameHeight="79"/>
    <SubTexture name="bitmap_68" x="945" y="671" width="77" height="79"/>
    <SubTexture name="bitmap_69" x="580" y="742" width="71" height="73"/>
    <SubTexture name="bitmap_70" x="569" y="944" width="63" height="64"/>
    <SubTexture name="bitmap_71" x="579" y="851" width="66" height="65"/>
    <SubTexture name="bitmap_72" x="247" y="645" width="59" height="60"/>
    <SubTexture name="bitmap_73" x="368" y="234" width="60" height="63"/>
</TextureAtlas>
