<?xml version="1.0" encoding="UTF-8"?>
<!-- Created with TexturePacker http://www.codeandweb.com/texturepacker-->
<!-- $TexturePacker:SmartUpdate:061693cf18901740fce69e62f870e33a:e2889f8c82292d066e5cd2ceacde08a0:6ea58ec0624455b6569d25da5f67a9a5$ -->
<TextureAtlas imagePath="1467_dragon_eggster_1_HD_tweened_dxt5_map.dds" scale="1.154296875">
    <SubTexture name="SPAM_RearrangedBitmap1250073915" x="100" y="94" width="85" height="76"/>
    <SubTexture name="SPAM_RearrangedBitmap1518458975" x="90" y="70" width="8" height="23"/>
    <SubTexture name="SPAM_RearrangedBitmap2780054878" x="59" y="135" width="36" height="30"/>
    <SubTexture name="SPAM_RearrangedBitmap2834713226_png_rnm63" x="2" y="53" width="86" height="80"/>
    <SubTexture name="SPAM_RearrangedBitmap2911727281" x="120" y="180" width="23" height="12"/>
    <SubTexture name="SPAM_RearrangedBitmap3335483191" x="97" y="172" width="21" height="20"/>
    <SubTexture name="SPAM_RearrangedBitmap4330146486" x="157" y="180" width="73" height="62"/>
    <SubTexture name="SPAM_RearrangedBitmap5367067965" x="58" y="197" width="68" height="56"/>
    <SubTexture name="SPAM_RearrangedBitmap5632168645" x="2" y="135" width="55" height="41"/>
    <SubTexture name="SPAM_RearrangedBitmap58376590" x="187" y="118" width="65" height="60"/>
    <SubTexture name="SPAM_RearrangedBitmap5937006324" x="187" y="94" width="15" height="19"/>
    <SubTexture name="SPAM_RearrangedBitmap615358334_png_rnm74" x="106" y="2" width="96" height="90"/>
    <SubTexture name="SPAM_RearrangedBitmap6474077493" x="204" y="73" width="45" height="43"/>
    <SubTexture name="SPAM_RearrangedBitmap7055206877" x="128" y="194" width="27" height="53"/>
    <SubTexture name="SPAM_RearrangedBitmap803359666" x="204" y="2" width="50" height="69"/>
    <SubTexture name="SPAM_RearrangedBitmap8164596829" x="38" y="199" width="17" height="11"/>
    <SubTexture name="SPAM_RearrangedBitmap8810638112" x="90" y="53" width="10" height="15"/>
    <SubTexture name="SPAM_RearrangedBitmap8813291550" x="2" y="2" width="102" height="49"/>
    <SubTexture name="SPAM_RearrangedBitmap9268042880" x="38" y="178" width="18" height="19"/>
    <SubTexture name="SPAM_RearrangedBitmap9295836892" x="59" y="167" width="36" height="28"/>
    <SubTexture name="SPAM_RearrangedBitmap9482433233" x="2" y="180" width="34" height="73"/>
</TextureAtlas>
