<?xml version="1.0" encoding="UTF-8"?>
<!-- Created with TexturePacker http://www.codeandweb.com/texturepacker-->
<!-- $TexturePacker:SmartUpdate:0cc92d9082cf5306bea43688a4108c91:0dcb231c123ecc97945afc86d37ac7a0:be75cfd09055755e18dc216ad010a0cc$ -->
<TextureAtlas imagePath="1467_dragon_eggster_1_HD_tweened_dxt5.dds" scale="1.35546875">
    <SubTexture name="SPAM_RearrangedBitmap1250073915" x="407" y="170" width="100" height="89"/>
    <SubTexture name="SPAM_RearrangedBitmap1415659365" x="109" y="422" width="16" height="6"/>
    <SubTexture name="SPAM_RearrangedBitmap1518458975" x="495" y="261" width="9" height="27"/>
    <SubTexture name="SPAM_RearrangedBitmap183740907" x="304" y="314" width="101" height="94"/>
    <SubTexture name="SPAM_RearrangedBitmap2031756385" x="473" y="408" width="35" height="40"/>
    <SubTexture name="SPAM_RearrangedBitmap2780054878" x="428" y="408" width="43" height="35"/>
    <SubTexture name="SPAM_RearrangedBitmap2834713226_png_rnm63" x="304" y="218" width="101" height="94"/>
    <SubTexture name="SPAM_RearrangedBitmap2911727281" x="359" y="200" width="27" height="14"/>
    <SubTexture name="SPAM_RearrangedBitmap3335483191" x="476" y="66" width="25" height="24"/>
    <SubTexture name="SPAM_RearrangedBitmap3945260841_png_rnm66" x="2" y="389" width="105" height="119"/>
    <SubTexture name="SPAM_RearrangedBitmap4330146486" x="407" y="261" width="86" height="73"/>
    <SubTexture name="SPAM_RearrangedBitmap5367067965" x="109" y="430" width="79" height="66"/>
    <SubTexture name="SPAM_RearrangedBitmap5632168645" x="190" y="430" width="65" height="48"/>
    <SubTexture name="SPAM_RearrangedBitmap58376590" x="407" y="336" width="77" height="70"/>
    <SubTexture name="SPAM_RearrangedBitmap5937006324" x="486" y="371" width="17" height="23"/>
    <SubTexture name="SPAM_RearrangedBitmap6144149744" x="401" y="113" width="4" height="2"/>
    <SubTexture name="SPAM_RearrangedBitmap615358334_png_rnm74" x="361" y="2" width="113" height="105"/>
    <SubTexture name="SPAM_RearrangedBitmap6205524257" x="372" y="410" width="54" height="84"/>
    <SubTexture name="SPAM_RearrangedBitmap6474077493" x="257" y="430" width="52" height="51"/>
    <SubTexture name="SPAM_RearrangedBitmap6711941696" x="2" y="112" width="355" height="104"/>
    <SubTexture name="SPAM_RearrangedBitmap6878021581_png_rnm78" x="2" y="218" width="145" height="169" frameX="0" frameY="-2" frameWidth="145" frameHeight="173"/>
    <SubTexture name="SPAM_RearrangedBitmap7055206877" x="476" y="2" width="32" height="62"/>
    <SubTexture name="SPAM_RearrangedBitmap7295412286_png_rnm81" x="407" y="109" width="103" height="59"/>
    <SubTexture name="SPAM_RearrangedBitmap7405991314" x="486" y="336" width="24" height="33"/>
    <SubTexture name="SPAM_RearrangedBitmap7654525844_png_rnm83" x="149" y="218" width="153" height="150" frameX="0" frameY="-12" frameWidth="159" frameHeight="162"/>
    <SubTexture name="SPAM_RearrangedBitmap803359666" x="311" y="410" width="59" height="81"/>
    <SubTexture name="SPAM_RearrangedBitmap8164596829" x="190" y="480" width="20" height="13"/>
    <SubTexture name="SPAM_RearrangedBitmap8696565252" x="2" y="2" width="357" height="108" frameX="0" frameY="0" frameWidth="357" frameHeight="116"/>
    <SubTexture name="SPAM_RearrangedBitmap8810638112" x="271" y="395" width="12" height="17"/>
    <SubTexture name="SPAM_RearrangedBitmap8813291550" x="149" y="370" width="120" height="58"/>
    <SubTexture name="SPAM_RearrangedBitmap8943649536" x="304" y="314" width="101" height="94"/>
    <SubTexture name="SPAM_RearrangedBitmap9268042880" x="271" y="370" width="21" height="23"/>
    <SubTexture name="SPAM_RearrangedBitmap9295836892" x="428" y="445" width="43" height="33"/>
    <SubTexture name="SPAM_RearrangedBitmap9482433233" x="359" y="112" width="40" height="86"/>
    <SubTexture name="SPAM_RearrangedBitmap9776441604" x="473" y="450" width="36" height="31"/>
    <SubTexture name="SPAM_RearrangedBitmap9815919921" x="109" y="389" width="36" height="31"/>
    <SubTexture name="SPAM_RearrangedBitmap9925099173" x="401" y="109" width="4" height="2"/>
</TextureAtlas>
