<?xml version="1.0" encoding="UTF-8"?>
<!-- Created with TexturePacker http://www.codeandweb.com/texturepacker-->
<!-- $TexturePacker:SmartUpdate:3035ac62330429b3f8a77cd2c24356f4:c3f7bcb10dd3f864311f46f20867df8c:793cbaed9ab1f8c66d74015ef340cb3d$ -->
<TextureAtlas imagePath="1882_dragon_charged_3_HD_tweened_dxt5.dds" scale="1.09375">
    <SubTexture name="bitmap_1" x="225" y="963" width="45" height="59" frameX="-5" frameY="-6" frameWidth="59" frameHeight="73"/>
    <SubTexture name="bitmap_10" x="887" y="757" width="47" height="61" frameX="-6" frameY="-5" frameWidth="61" frameHeight="73"/>
    <SubTexture name="bitmap_11" x="840" y="758" width="45" height="61" frameX="-5" frameY="-6" frameWidth="59" frameHeight="75"/>
    <SubTexture name="bitmap_12" x="777" y="676" width="44" height="56" frameX="-4" frameY="-5" frameWidth="56" frameHeight="68"/>
    <SubTexture name="bitmap_13" x="807" y="964" width="45" height="57" frameX="-4" frameY="-6" frameWidth="57" frameHeight="71"/>
    <SubTexture name="bitmap_1_copy" x="171" y="816" width="59" height="145" frameX="-8" frameY="-10" frameWidth="77" frameHeight="165"/>
    <SubTexture name="bitmap_1_copy_2" x="907" y="874" width="40" height="40" frameX="-8" frameY="-8" frameWidth="62" frameHeight="60"/>
    <SubTexture name="bitmap_2" x="945" y="641" width="47" height="61" frameX="-4" frameY="-5" frameWidth="59" frameHeight="75"/>
    <SubTexture name="bitmap_2_copy" x="669" y="770" width="59" height="112" frameX="-8" frameY="-9" frameWidth="77" frameHeight="132"/>
    <SubTexture name="bitmap_2_copy_2" x="793" y="824" width="51" height="54" frameX="-9" frameY="-9" frameWidth="75" frameHeight="76"/>
    <SubTexture name="bitmap_3" x="972" y="554" width="46" height="65" frameX="-5" frameY="-3" frameWidth="60" frameHeight="77"/>
    <SubTexture name="bitmap_3_copy" x="930" y="290" width="56" height="122" frameX="-9" frameY="-8" frameWidth="76" frameHeight="140"/>
    <SubTexture name="bitmap_3_copy_2" x="926" y="414" width="75" height="83" frameX="-9" frameY="-7" frameWidth="97" frameHeight="103"/>
    <SubTexture name="bitmap_4" x="272" y="945" width="46" height="65" frameX="-4" frameY="-4" frameWidth="60" frameHeight="77"/>
    <SubTexture name="bitmap_4_copy" x="267" y="808" width="55" height="135" frameX="-8" frameY="-9" frameWidth="75" frameHeight="155"/>
    <SubTexture name="bitmap_4_copy_2" x="844" y="317" width="84" height="92" frameX="-9" frameY="-7" frameWidth="106" frameHeight="112"/>
    <SubTexture name="bitmap_5" x="793" y="758" width="45" height="64" frameX="-5" frameY="-5" frameWidth="59" frameHeight="76"/>
    <SubTexture name="bitmap_5_copy" x="1003" y="370" width="19" height="64" frameX="0" frameY="-3" frameWidth="19" frameHeight="68"/>
    <SubTexture name="bitmap_5_copy_2" x="719" y="575" width="85" height="99" frameX="-8" frameY="-8" frameWidth="107" frameHeight="119"/>
    <SubTexture name="bitmap_6" x="895" y="820" width="46" height="52" frameX="-4" frameY="-6" frameWidth="60" frameHeight="66"/>
    <SubTexture name="bitmap_6_1_1_1_1_1_1_1_1_png" x="988" y="370" width="13" height="13"/>
    <SubTexture name="bitmap_6_copy" x="969" y="2" width="53" height="134"/>
    <SubTexture name="bitmap_6_copy_2" x="840" y="214" width="82" height="101" frameX="-12" frameY="-9" frameWidth="108" frameHeight="123"/>
    <SubTexture name="bitmap_7" x="844" y="880" width="46" height="53" frameX="-6" frameY="-6" frameWidth="60" frameHeight="67"/>
    <SubTexture name="bitmap_7_copy" x="608" y="906" width="50" height="105"/>
    <SubTexture name="bitmap_7_copy_2" x="473" y="906" width="79" height="101" frameX="-13" frameY="-10" frameWidth="107" frameHeight="125"/>
    <SubTexture name="bitmap_8" x="121" y="967" width="48" height="55" frameX="-4" frameY="-5" frameWidth="62" frameHeight="67"/>
    <SubTexture name="bitmap_8_copy" x="917" y="101" width="50" height="110"/>
    <SubTexture name="bitmap_9" x="846" y="821" width="47" height="57" frameX="-6" frameY="-6" frameWidth="61" frameHeight="71"/>
    <SubTexture name="bitmap_9_copy" x="618" y="770" width="49" height="129"/>
    <SubTexture name="layer__001_png" x="416" y="942" width="55" height="79"/>
    <SubTexture name="layer__002_png" x="916" y="499" width="82" height="53"/>
    <SubTexture name="layer__003_png" x="320" y="955" width="71" height="60"/>
    <SubTexture name="layer__004_png" x="135" y="749" width="109" height="65"/>
    <SubTexture name="layer__005_png" x="355" y="763" width="103" height="43"/>
    <SubTexture name="layer__006_png" x="854" y="953" width="51" height="45"/>
    <SubTexture name="layer__007_png" x="942" y="704" width="51" height="54"/>
    <SubTexture name="layer__008_png" x="695" y="477" width="107" height="76"/>
    <SubTexture name="layer__009_png" x="701" y="884" width="49" height="102"/>
    <SubTexture name="layer__010_png" x="397" y="356" width="86" height="126"/>
    <SubTexture name="layer__011_png" x="506" y="843" width="110" height="61"/>
    <SubTexture name="layer__012_png" x="752" y="979" width="53" height="43"/>
    <SubTexture name="layer__013_png" x="884" y="704" width="56" height="51"/>
    <SubTexture name="layer__014_png" x="943" y="811" width="51" height="50"/>
    <SubTexture name="layer__015_png" x="497" y="330" width="196" height="70"/>
    <SubTexture name="layer__016_png" x="135" y="602" width="66" height="145"/>
    <SubTexture name="layer__017_png" x="203" y="602" width="65" height="141"/>
    <SubTexture name="layer__018_png" x="806" y="555" width="18" height="102"/>
    <SubTexture name="layer__019_png" x="695" y="555" width="102" height="18"/>
    <SubTexture name="layer__020_png" x="393" y="954" width="21" height="68"/>
    <SubTexture name="layer__021_png" x="546" y="577" width="171" height="36"/>
    <SubTexture name="layer__022_png" x="743" y="2" width="224" height="97"/>
    <SubTexture name="layer__023_png" x="513" y="2" width="228" height="97"/>
    <SubTexture name="layer__024_png" x="996" y="621" width="26" height="51"/>
    <SubTexture name="layer__025_png" x="844" y="935" width="52" height="16"/>
    <SubTexture name="layer__026_png" x="1003" y="436" width="19" height="49"/>
    <SubTexture name="layer__027_png" x="783" y="734" width="32" height="15"/>
    <SubTexture name="layer__028_png" x="995" y="702" width="20" height="67"/>
    <SubTexture name="layer__029_png" x="672" y="734" width="109" height="32"/>
    <SubTexture name="layer__030_png" x="506" y="770" width="110" height="71"/>
    <SubTexture name="layer__031_png" x="546" y="477" width="147" height="98"/>
    <SubTexture name="layer__032_png" x="397" y="484" width="147" height="113"/>
    <SubTexture name="layer__033_png" x="144" y="381" width="153" height="182"/>
    <SubTexture name="layer__034_png" x="2" y="598" width="131" height="219"/>
    <SubTexture name="layer__035_png" x="366" y="170" width="129" height="184"/>
    <SubTexture name="layer__036_png" x="144" y="2" width="185" height="167"/>
    <SubTexture name="layer__037_png" x="331" y="2" width="180" height="166"/>
    <SubTexture name="layer__038_png" x="299" y="368" width="96" height="243"/>
    <SubTexture name="layer__039_png" x="497" y="201" width="171" height="127"/>
    <SubTexture name="layer__040_png" x="144" y="171" width="141" height="208" frameX="0" frameY="-14" frameWidth="141" frameHeight="222"/>
    <SubTexture name="layer__041_png" x="804" y="477" width="30" height="76"/>
    <SubTexture name="layer__042_png" x="892" y="880" width="13" height="49"/>
    <SubTexture name="layer__043_png" x="485" y="402" width="199" height="73"/>
    <SubTexture name="layer__044_png" x="287" y="171" width="77" height="195"/>
    <SubTexture name="layer__045_png" x="890" y="619" width="68" height="20"/>
    <SubTexture name="layer__046_png" x="144" y="565" width="145" height="35"/>
    <SubTexture name="layer__047_png" x="695" y="396" width="144" height="33"/>
    <SubTexture name="layer__048_png" x="232" y="816" width="33" height="145"/>
    <SubTexture name="layer__049_png" x="701" y="988" width="49" height="15"/>
    <SubTexture name="layer__050_png" x="270" y="613" width="129" height="79"/>
    <SubTexture name="layer__051_png" x="526" y="731" width="144" height="37"/>
    <SubTexture name="layer__052_png" x="521" y="615" width="159" height="40"/>
    <SubTexture name="layer__053_png" x="324" y="808" width="44" height="145"/>
    <SubTexture name="layer__054_png" x="121" y="819" width="48" height="146"/>
    <SubTexture name="layer__055_png" x="686" y="431" width="135" height="44"/>
    <SubTexture name="layer__056_png" x="460" y="763" width="44" height="135"/>
    <SubTexture name="layer__057_png" x="370" y="808" width="37" height="144"/>
    <SubTexture name="layer__058_png" x="752" y="880" width="36" height="97"/>
    <SubTexture name="layer__059_png" x="988" y="272" width="27" height="96"/>
    <SubTexture name="layer__060_png" x="473" y="1009" width="51" height="12"/>
    <SubTexture name="layer__061_png" x="967" y="863" width="14" height="49"/>
    <SubTexture name="layer__062_png" x="949" y="863" width="16" height="49"/>
    <SubTexture name="layer__064_png" x="841" y="411" width="83" height="50"/>
    <SubTexture name="layer__065_png" x="660" y="901" width="39" height="105"/>
    <SubTexture name="layer__066_png" x="1003" y="487" width="19" height="26"/>
    <SubTexture name="layer__067_png" x="2" y="300" width="140" height="296"/>
    <SubTexture name="layer__068_png" x="2" y="2" width="140" height="296"/>
    <SubTexture name="layer__069_png" x="2" y="819" width="117" height="197"/>
    <SubTexture name="layer__070_png" x="513" y="101" width="215" height="98"/>
    <SubTexture name="layer__071_png" x="406" y="685" width="118" height="76"/>
    <SubTexture name="layer__072_png" x="695" y="328" width="147" height="66"/>
    <SubTexture name="layer__073_png" x="270" y="694" width="134" height="61"/>
    <SubTexture name="layer__074_png" x="969" y="138" width="53" height="132"/>
    <SubTexture name="layer__075_png" x="730" y="101" width="185" height="111"/>
    <SubTexture name="layer__076_png" x="1000" y="515" width="20" height="37"/>
    <SubTexture name="layer__077_png" x="409" y="808" width="49" height="132"/>
    <SubTexture name="layer__078_png" x="1017" y="272" width="5" height="14"/>
    <SubTexture name="layer__080_png" x="994" y="674" width="28" height="26"/>
    <SubTexture name="layer__081_png" x="401" y="599" width="118" height="84"/>
    <SubTexture name="layer__082_png" x="554" y="906" width="52" height="101"/>
    <SubTexture name="layer__083_png" x="670" y="214" width="168" height="112"/>
    <SubTexture name="layer__084_png" x="642" y="657" width="40" height="70"/>
    <SubTexture name="layer__085_png" x="924" y="213" width="43" height="75"/>
    <SubTexture name="layer__086_png" x="790" y="880" width="52" height="82"/>
    <SubTexture name="layer__087_png" x="526" y="657" width="114" height="72"/>
    <SubTexture name="layer__088_png" x="823" y="703" width="59" height="53"/>
    <SubTexture name="layer__089_png" x="826" y="641" width="61" height="60"/>
    <SubTexture name="layer__090_png" x="171" y="963" width="52" height="59"/>
    <SubTexture name="layer__091_png" x="826" y="555" width="62" height="84"/>
    <SubTexture name="layer__092_png" x="684" y="676" width="91" height="56"/>
    <SubTexture name="layer__093_png" x="890" y="554" width="80" height="63"/>
    <SubTexture name="layer__094_png" x="836" y="463" width="78" height="79"/>
    <SubTexture name="layer__095_png" x="730" y="768" width="61" height="110"/>
    <SubTexture name="layer__096_png" x="246" y="757" width="107" height="49"/>
    <SubTexture name="layer__097_png" x="682" y="615" width="30" height="40"/>
    <SubTexture name="layer__098_png" x="936" y="760" width="56" height="49"/>
    <SubTexture name="layer__099_png" x="889" y="641" width="54" height="61"/>
</TextureAtlas>
