<?xml version="1.0" encoding="UTF-8"?>
<!-- Created with TexturePacker http://www.codeandweb.com/texturepacker-->
<!-- $TexturePacker:SmartUpdate:dbcbf8de81ca5c1ade31e7ff4d5ec7c9:ee271cf8e6787ca89a69a039898787a1:b8a29e23db30a0ee70972867d367b8d1$ -->
<TextureAtlas imagePath="1882_dragon_charged_3_HD_tweened_dxt5_map.dds" scale="0.569641113281">
    <SubTexture name="bitmap_1" x="336" y="446" width="24" height="32" frameX="-1" frameY="-2" frameWidth="30" frameHeight="38"/>
    <SubTexture name="bitmap_10" x="425" y="393" width="25" height="32" frameX="-2" frameY="-2" frameWidth="31" frameHeight="38"/>
    <SubTexture name="bitmap_11" x="451" y="442" width="24" height="33" frameX="-2" frameY="-2" frameWidth="30" frameHeight="39"/>
    <SubTexture name="bitmap_12" x="365" y="480" width="23" height="29" frameX="-2" frameY="-2" frameWidth="29" frameHeight="35"/>
    <SubTexture name="bitmap_13" x="390" y="479" width="24" height="31" frameX="-2" frameY="-2" frameWidth="30" frameHeight="37"/>
    <SubTexture name="bitmap_2" x="425" y="436" width="24" height="33" frameX="-2" frameY="-2" frameWidth="30" frameHeight="39"/>
    <SubTexture name="bitmap_3" x="400" y="433" width="23" height="34" frameX="-3" frameY="-2" frameWidth="31" frameHeight="40"/>
    <SubTexture name="bitmap_4" x="348" y="276" width="23" height="34" frameX="-3" frameY="-2" frameWidth="31" frameHeight="40"/>
    <SubTexture name="bitmap_5" x="362" y="445" width="24" height="33" frameX="-2" frameY="-2" frameWidth="30" frameHeight="39"/>
    <SubTexture name="bitmap_6" x="416" y="471" width="23" height="28" frameX="-3" frameY="-2" frameWidth="31" frameHeight="34"/>
    <SubTexture name="bitmap_7" x="452" y="411" width="25" height="29" frameX="-2" frameY="-2" frameWidth="31" frameHeight="35"/>
    <SubTexture name="bitmap_8" x="477" y="446" width="24" height="29" frameX="-3" frameY="-2" frameWidth="32" frameHeight="35"/>
    <SubTexture name="bitmap_9" x="479" y="413" width="25" height="31" frameX="-2" frameY="-2" frameWidth="31" frameHeight="37"/>
    <SubTexture name="layer__001_png" x="481" y="54" width="29" height="41"/>
    <SubTexture name="layer__002_png" x="254" y="483" width="42" height="27"/>
    <SubTexture name="layer__003_png" x="334" y="210" width="37" height="31"/>
    <SubTexture name="layer__004_png" x="454" y="182" width="56" height="34"/>
    <SubTexture name="layer__005_png" x="430" y="315" width="54" height="22"/>
    <SubTexture name="layer__006_png" x="181" y="487" width="26" height="23"/>
    <SubTexture name="layer__007_png" x="425" y="363" width="26" height="28"/>
    <SubTexture name="layer__008_png" x="177" y="376" width="55" height="39"/>
    <SubTexture name="layer__009_png" x="150" y="375" width="25" height="53"/>
    <SubTexture name="layer__010_png" x="465" y="114" width="45" height="66"/>
    <SubTexture name="layer__011_png" x="373" y="268" width="57" height="31"/>
    <SubTexture name="layer__012_png" x="424" y="339" width="27" height="22"/>
    <SubTexture name="layer__013_png" x="334" y="480" width="29" height="26"/>
    <SubTexture name="layer__014_png" x="453" y="383" width="26" height="26"/>
    <SubTexture name="layer__015_png" x="76" y="297" width="102" height="36"/>
    <SubTexture name="layer__016_png" x="157" y="196" width="34" height="75"/>
    <SubTexture name="layer__017_png" x="93" y="430" width="34" height="73"/>
    <SubTexture name="layer__018_png" x="340" y="339" width="9" height="53"/>
    <SubTexture name="layer__019_png" x="2" y="498" width="53" height="9"/>
    <SubTexture name="layer__020_png" x="321" y="469" width="11" height="35"/>
    <SubTexture name="layer__021_png" x="180" y="280" width="89" height="18"/>
    <SubTexture name="layer__022_png" x="390" y="2" width="116" height="50"/>
    <SubTexture name="layer__023_png" x="269" y="2" width="119" height="50"/>
    <SubTexture name="layer__024_png" x="497" y="237" width="13" height="26"/>
    <SubTexture name="layer__025_png" x="396" y="423" width="27" height="8"/>
    <SubTexture name="layer__026_png" x="348" y="312" width="10" height="25"/>
    <SubTexture name="layer__027_png" x="481" y="105" width="17" height="7"/>
    <SubTexture name="layer__028_png" x="388" y="442" width="10" height="35"/>
    <SubTexture name="layer__029_png" x="454" y="218" width="56" height="17"/>
    <SubTexture name="layer__030_png" x="432" y="276" width="57" height="37"/>
    <SubTexture name="layer__031_png" x="376" y="174" width="76" height="51"/>
    <SubTexture name="layer__032_png" x="193" y="219" width="76" height="59"/>
    <SubTexture name="layer__033_png" x="76" y="200" width="79" height="95"/>
    <SubTexture name="layer__034_png" x="2" y="314" width="68" height="114"/>
    <SubTexture name="layer__035_png" x="265" y="107" width="67" height="96"/>
    <SubTexture name="layer__036_png" x="76" y="2" width="96" height="87"/>
    <SubTexture name="layer__037_png" x="174" y="2" width="93" height="86"/>
    <SubTexture name="layer__038_png" x="213" y="90" width="50" height="127"/>
    <SubTexture name="layer__039_png" x="2" y="430" width="89" height="66"/>
    <SubTexture name="layer__040_png" x="76" y="91" width="73" height="107" frameX="0" frameY="-8" frameWidth="73" frameHeight="115"/>
    <SubTexture name="layer__041_png" x="234" y="376" width="15" height="39"/>
    <SubTexture name="layer__042_png" x="249" y="343" width="6" height="25"/>
    <SubTexture name="layer__043_png" x="72" y="335" width="103" height="38"/>
    <SubTexture name="layer__044_png" x="334" y="107" width="40" height="101"/>
    <SubTexture name="layer__045_png" x="441" y="477" width="35" height="10"/>
    <SubTexture name="layer__046_png" x="180" y="323" width="75" height="18"/>
    <SubTexture name="layer__047_png" x="72" y="411" width="75" height="17"/>
    <SubTexture name="layer__048_png" x="235" y="417" width="17" height="75"/>
    <SubTexture name="layer__049_png" x="425" y="427" width="25" height="7"/>
    <SubTexture name="layer__050_png" x="271" y="250" width="67" height="41"/>
    <SubTexture name="layer__051_png" x="271" y="293" width="75" height="19"/>
    <SubTexture name="layer__052_png" x="180" y="300" width="83" height="21"/>
    <SubTexture name="layer__053_png" x="129" y="430" width="23" height="75"/>
    <SubTexture name="layer__054_png" x="154" y="430" width="25" height="76"/>
    <SubTexture name="layer__055_png" x="265" y="314" width="70" height="23"/>
    <SubTexture name="layer__056_png" x="210" y="417" width="23" height="70"/>
    <SubTexture name="layer__057_png" x="491" y="276" width="19" height="75"/>
    <SubTexture name="layer__058_png" x="336" y="394" width="18" height="50"/>
    <SubTexture name="layer__059_png" x="356" y="393" width="14" height="50"/>
    <SubTexture name="layer__060_png" x="481" y="97" width="26" height="6"/>
    <SubTexture name="layer__061_png" x="503" y="446" width="7" height="25"/>
    <SubTexture name="layer__062_png" x="326" y="384" width="8" height="25"/>
    <SubTexture name="layer__064_png" x="380" y="363" width="43" height="26"/>
    <SubTexture name="layer__065_png" x="314" y="413" width="20" height="54"/>
    <SubTexture name="layer__066_png" x="360" y="312" width="10" height="13"/>
    <SubTexture name="layer__067_png" x="2" y="158" width="72" height="154"/>
    <SubTexture name="layer__068_png" x="2" y="2" width="72" height="154"/>
    <SubTexture name="layer__069_png" x="151" y="91" width="60" height="103"/>
    <SubTexture name="layer__070_png" x="269" y="54" width="112" height="51"/>
    <SubTexture name="layer__071_png" x="373" y="227" width="61" height="39"/>
    <SubTexture name="layer__072_png" x="72" y="375" width="76" height="34"/>
    <SubTexture name="layer__073_png" x="177" y="343" width="70" height="31"/>
    <SubTexture name="layer__074_png" x="181" y="417" width="27" height="68"/>
    <SubTexture name="layer__075_png" x="383" y="54" width="96" height="58"/>
    <SubTexture name="layer__076_png" x="157" y="273" width="10" height="19"/>
    <SubTexture name="layer__077_png" x="254" y="413" width="25" height="68"/>
    <SubTexture name="layer__078_png" x="265" y="90" width="2" height="7"/>
    <SubTexture name="layer__080_png" x="209" y="489" width="14" height="13"/>
    <SubTexture name="layer__081_png" x="271" y="205" width="61" height="43"/>
    <SubTexture name="layer__082_png" x="351" y="339" width="27" height="52"/>
    <SubTexture name="layer__083_png" x="376" y="114" width="87" height="58"/>
    <SubTexture name="layer__084_png" x="298" y="472" width="21" height="36"/>
    <SubTexture name="layer__085_png" x="372" y="393" width="22" height="39"/>
    <SubTexture name="layer__086_png" x="453" y="339" width="27" height="42"/>
    <SubTexture name="layer__087_png" x="436" y="237" width="59" height="37"/>
    <SubTexture name="layer__088_png" x="294" y="384" width="30" height="27"/>
    <SubTexture name="layer__089_png" x="340" y="243" width="31" height="31"/>
    <SubTexture name="layer__090_png" x="396" y="391" width="27" height="30"/>
    <SubTexture name="layer__091_png" x="306" y="339" width="32" height="43"/>
    <SubTexture name="layer__092_png" x="257" y="339" width="47" height="29"/>
    <SubTexture name="layer__093_png" x="380" y="328" width="42" height="33"/>
    <SubTexture name="layer__094_png" x="251" y="370" width="41" height="41"/>
    <SubTexture name="layer__095_png" x="281" y="413" width="31" height="57"/>
    <SubTexture name="layer__096_png" x="373" y="301" width="55" height="25"/>
    <SubTexture name="layer__097_png" x="193" y="196" width="15" height="21"/>
    <SubTexture name="layer__098_png" x="481" y="386" width="29" height="25"/>
    <SubTexture name="layer__099_png" x="482" y="353" width="28" height="31"/>
</TextureAtlas>
