<?xml version="1.0" encoding="UTF-8"?>
<!-- Created with TexturePacker http://www.codeandweb.com/texturepacker-->
<!-- $TexturePacker:SmartUpdate:247fea30ced50a971529e53fad7e5e6f:b41ed96cfe26315976bbbb67c0c8a7d1:060481d8536c2080c0e89d05ff6995b6$ -->
<TextureAtlas imagePath="1960_dragon_heaven_b_1_HD_tweened_dxt5.dds" scale="1.2109375">
    <SubTexture name="SPAM_RearrangedBitmap3277260825" x="308" y="112" width="9" height="6"/>
    <SubTexture name="SPAM_RearrangedBitmap3758818261" x="269" y="373" width="10" height="4"/>
    <SubTexture name="SPAM_RearrangedBitmap5584909574" x="257" y="278" width="10" height="10"/>
    <SubTexture name="SPAM_RearrangedBitmap5670693666" x="308" y="103" width="10" height="7"/>
    <SubTexture name="SPAM_RearrangedBitmap7895575093" x="301" y="467" width="38" height="40" frameX="-1" frameY="-2" frameWidth="46" frameHeight="48"/>
    <SubTexture name="SPAM_RearrangedBitmap8126970198" x="257" y="278" width="10" height="10"/>
    <SubTexture name="SPAM_RearrangedBitmap8653180432" x="308" y="103" width="10" height="7"/>
    <SubTexture name="SPAM_RearrangedBitmap9708525171" x="360" y="465" width="42" height="45" frameX="-6" frameY="-6" frameWidth="58" frameHeight="61"/>
    <SubTexture name="layer_001_png" x="2" y="192" width="131" height="100"/>
    <SubTexture name="layer_002_png" x="320" y="63" width="138" height="58"/>
    <SubTexture name="layer_003_png" x="135" y="192" width="29" height="119"/>
    <SubTexture name="layer_004_png" x="467" y="344" width="21" height="79"/>
    <SubTexture name="layer_005_png" x="193" y="468" width="30" height="42"/>
    <SubTexture name="layer_006_png" x="418" y="448" width="44" height="15"/>
    <SubTexture name="layer_007_png" x="433" y="465" width="27" height="23"/>
    <SubTexture name="layer_008_png" x="419" y="396" width="46" height="50"/>
    <SubTexture name="layer_009_png" x="131" y="473" width="60" height="33"/>
    <SubTexture name="layer_010_png" x="460" y="63" width="50" height="54"/>
    <SubTexture name="layer_011_png" x="427" y="123" width="33" height="81"/>
    <SubTexture name="layer_012_png" x="387" y="348" width="30" height="52"/>
    <SubTexture name="layer_013_png" x="417" y="206" width="44" height="70"/>
    <SubTexture name="layer_014_png" x="308" y="195" width="107" height="79"/>
    <SubTexture name="layer_015_png" x="309" y="348" width="76" height="54"/>
    <SubTexture name="layer_016_png" x="187" y="379" width="54" height="87"/>
    <SubTexture name="layer_017_png" x="131" y="379" width="54" height="92"/>
    <SubTexture name="layer_018_png" x="487" y="2" width="16" height="43"/>
    <SubTexture name="layer_019_png" x="404" y="465" width="27" height="23"/>
    <SubTexture name="layer_020_png" x="419" y="344" width="46" height="50"/>
    <SubTexture name="layer_021_png" x="320" y="2" width="165" height="59"/>
    <SubTexture name="layer_022_png" x="156" y="2" width="162" height="99"/>
    <SubTexture name="layer_023_png" x="360" y="404" width="56" height="59"/>
    <SubTexture name="layer_024_png" x="98" y="395" width="31" height="115"/>
    <SubTexture name="layer_025_png" x="269" y="278" width="38" height="93"/>
    <SubTexture name="layer_026_png" x="462" y="119" width="47" height="71"/>
    <SubTexture name="layer_027_png" x="463" y="192" width="38" height="69"/>
    <SubTexture name="layer_028_png" x="53" y="395" width="43" height="115"/>
    <SubTexture name="layer_029_png" x="166" y="290" width="101" height="87"/>
    <SubTexture name="layer_030_png" x="294" y="404" width="64" height="61"/>
    <SubTexture name="layer_031_png" x="114" y="294" width="19" height="39"/>
    <SubTexture name="layer_032_png" x="257" y="183" width="49" height="93"/>
    <SubTexture name="layer_033_png" x="156" y="103" width="150" height="78"/>
    <SubTexture name="layer_034_png" x="2" y="395" width="49" height="115"/>
    <SubTexture name="layer_035_png" x="2" y="2" width="152" height="188"/>
    <SubTexture name="layer_036_png" x="463" y="263" width="47" height="29"/>
    <SubTexture name="layer_037_png" x="404" y="490" width="13" height="19"/>
    <SubTexture name="layer_038_png" x="243" y="379" width="49" height="90"/>
    <SubTexture name="layer_039_png" x="166" y="183" width="89" height="105"/>
    <SubTexture name="layer_040_png" x="389" y="278" width="62" height="64"/>
    <SubTexture name="layer_041_png" x="308" y="123" width="117" height="70"/>
    <SubTexture name="layer_042_png" x="2" y="294" width="110" height="99"/>
    <SubTexture name="layer_043_png" x="309" y="276" width="78" height="70"/>
    <SubTexture name="layer_044_png" x="114" y="335" width="25" height="41"/>
    <SubTexture name="layer_044_png_" x="114" y="335" width="25" height="41"/>
    <SubTexture name="layer_045_png" x="225" y="471" width="37" height="35"/>
    <SubTexture name="layer_045_png_" x="225" y="471" width="37" height="35"/>
    <SubTexture name="layer_046_png" x="135" y="313" width="27" height="16"/>
    <SubTexture name="layer_046_png_" x="135" y="313" width="27" height="16"/>
    <SubTexture name="layer_047_png" x="467" y="425" width="25" height="25"/>
    <SubTexture name="layer_047_png_" x="467" y="425" width="25" height="25"/>
    <SubTexture name="layer_048_png" x="419" y="490" width="9" height="16"/>
    <SubTexture name="layer_048_png_" x="419" y="490" width="9" height="16"/>
    <SubTexture name="layer_049_png" x="453" y="294" width="54" height="48"/>
    <SubTexture name="layer_049_png_" x="453" y="294" width="54" height="48"/>
    <SubTexture name="layer_050_png" x="114" y="378" width="8" height="15"/>
    <SubTexture name="layer_050_png_" x="114" y="378" width="8" height="15"/>
    <SubTexture name="layer_051_png" x="453" y="278" width="6" height="14"/>
    <SubTexture name="layer_051_png_" x="453" y="278" width="6" height="14"/>
    <SubTexture name="layer_052_png" x="355" y="488" width="3" height="8"/>
    <SubTexture name="layer_052_png_" x="355" y="488" width="3" height="8"/>
    <SubTexture name="layer_053_png" x="490" y="402" width="16" height="16"/>
    <SubTexture name="layer_053_png_" x="490" y="402" width="16" height="16"/>
    <SubTexture name="layer_054_png" x="487" y="47" width="14" height="14"/>
    <SubTexture name="layer_054_png_" x="487" y="47" width="14" height="14"/>
    <SubTexture name="layer_055_png" x="417" y="195" width="8" height="9"/>
    <SubTexture name="layer_055_png_" x="417" y="195" width="8" height="9"/>
    <SubTexture name="layer_056_png" x="341" y="467" width="14" height="19"/>
    <SubTexture name="layer_056_png_" x="341" y="467" width="14" height="19"/>
    <SubTexture name="layer_057_png" x="294" y="373" width="13" height="24"/>
    <SubTexture name="layer_057_png_" x="294" y="373" width="13" height="24"/>
    <SubTexture name="layer_058_png" x="490" y="344" width="19" height="29"/>
    <SubTexture name="layer_058_png_" x="490" y="344" width="19" height="29"/>
    <SubTexture name="layer_059_png" x="264" y="471" width="35" height="29"/>
    <SubTexture name="layer_059_png_" x="264" y="471" width="35" height="29"/>
    <SubTexture name="layer_060_png" x="490" y="375" width="19" height="25"/>
    <SubTexture name="layer_060_png_" x="490" y="375" width="19" height="25"/>
    <SubTexture name="layer_061_png" x="341" y="488" width="12" height="18"/>
    <SubTexture name="layer_061_png_" x="341" y="488" width="12" height="18"/>
</TextureAtlas>
