<?xml version="1.0" encoding="UTF-8"?>
<!-- Created with TexturePacker http://www.codeandweb.com/texturepacker-->
<!-- $TexturePacker:SmartUpdate:2dc33345ff35d02113a0c350d872796b:1d8302f631531caad63ab3a1b8ced7e4:bf2505ff98d31aeaf2d323fdc5e87f36$ -->
<TextureAtlas imagePath="1960_dragon_heaven_b_1_HD_tweened_dxt5_map.dds" scale="1.21875">
    <SubTexture name="SPAM_RearrangedBitmap5670693666" x="94" y="493" width="10" height="7"/>
    <SubTexture name="SPAM_RearrangedBitmap8126970198" x="310" y="103" width="10" height="10"/>
    <SubTexture name="layer_001_png" x="2" y="194" width="132" height="101"/>
    <SubTexture name="layer_002_png" x="322" y="63" width="138" height="58"/>
    <SubTexture name="layer_003_png" x="136" y="194" width="29" height="120"/>
    <SubTexture name="layer_004_png" x="417" y="357" width="21" height="80"/>
    <SubTexture name="layer_005_png" x="477" y="117" width="30" height="42"/>
    <SubTexture name="layer_006_png" x="312" y="470" width="45" height="15"/>
    <SubTexture name="layer_007_png" x="340" y="487" width="28" height="23"/>
    <SubTexture name="layer_008_png" x="440" y="416" width="46" height="51"/>
    <SubTexture name="layer_009_png" x="312" y="434" width="60" height="34"/>
    <SubTexture name="layer_010_png" x="114" y="316" width="51" height="54"/>
    <SubTexture name="layer_011_png" x="381" y="357" width="34" height="81"/>
    <SubTexture name="layer_012_png" x="462" y="63" width="30" height="52"/>
    <SubTexture name="layer_013_png" x="430" y="123" width="45" height="70"/>
    <SubTexture name="layer_014_png" x="271" y="195" width="108" height="80"/>
    <SubTexture name="layer_015_png" x="248" y="277" width="76" height="54"/>
    <SubTexture name="layer_016_png" x="381" y="195" width="54" height="87"/>
    <SubTexture name="layer_017_png" x="437" y="195" width="54" height="92"/>
    <SubTexture name="layer_018_png" x="490" y="2" width="17" height="43"/>
    <SubTexture name="layer_019_png" x="310" y="487" width="28" height="23"/>
    <SubTexture name="layer_020_png" x="264" y="428" width="46" height="51"/>
    <SubTexture name="layer_021_png" x="322" y="2" width="166" height="59"/>
    <SubTexture name="layer_022_png" x="157" y="2" width="163" height="99"/>
    <SubTexture name="layer_023_png" x="440" y="355" width="57" height="59"/>
    <SubTexture name="layer_024_png" x="135" y="372" width="31" height="115"/>
    <SubTexture name="layer_025_png" x="94" y="398" width="39" height="93"/>
    <SubTexture name="layer_026_png" x="377" y="284" width="47" height="71"/>
    <SubTexture name="layer_027_png" x="374" y="440" width="39" height="69"/>
    <SubTexture name="layer_028_png" x="219" y="345" width="43" height="115"/>
    <SubTexture name="layer_029_png" x="167" y="184" width="102" height="87"/>
    <SubTexture name="layer_030_png" x="315" y="370" width="64" height="62"/>
    <SubTexture name="layer_031_png" x="491" y="289" width="19" height="40"/>
    <SubTexture name="layer_032_png" x="264" y="333" width="49" height="93"/>
    <SubTexture name="layer_033_png" x="157" y="103" width="151" height="79"/>
    <SubTexture name="layer_034_png" x="168" y="345" width="49" height="115"/>
    <SubTexture name="layer_035_png" x="2" y="2" width="153" height="190"/>
    <SubTexture name="layer_036_png" x="224" y="481" width="47" height="29"/>
    <SubTexture name="layer_037_png" x="494" y="63" width="13" height="19"/>
    <SubTexture name="layer_038_png" x="326" y="277" width="49" height="91"/>
    <SubTexture name="layer_039_png" x="2" y="398" width="90" height="106"/>
    <SubTexture name="layer_040_png" x="426" y="289" width="63" height="64"/>
    <SubTexture name="layer_041_png" x="310" y="123" width="118" height="70"/>
    <SubTexture name="layer_042_png" x="2" y="297" width="110" height="99"/>
    <SubTexture name="layer_043_png" x="167" y="273" width="79" height="70"/>
    <SubTexture name="layer_044_png_" x="415" y="469" width="25" height="41"/>
    <SubTexture name="layer_045_png_" x="442" y="469" width="37" height="35"/>
    <SubTexture name="layer_046_png_" x="224" y="462" width="28" height="17"/>
    <SubTexture name="layer_047_png_" x="477" y="161" width="25" height="25"/>
    <SubTexture name="layer_048_png_" x="315" y="333" width="9" height="17"/>
    <SubTexture name="layer_049_png_" x="168" y="462" width="54" height="48"/>
    <SubTexture name="layer_050_png_" x="254" y="462" width="8" height="15"/>
    <SubTexture name="layer_051_png_" x="504" y="161" width="6" height="14"/>
    <SubTexture name="layer_052_png_" x="507" y="331" width="3" height="8"/>
    <SubTexture name="layer_053_png_" x="114" y="297" width="17" height="17"/>
    <SubTexture name="layer_054_png_" x="490" y="47" width="14" height="14"/>
    <SubTexture name="layer_055_png_" x="271" y="184" width="8" height="9"/>
    <SubTexture name="layer_056_png_" x="491" y="331" width="14" height="19"/>
    <SubTexture name="layer_057_png_" x="114" y="372" width="13" height="24"/>
    <SubTexture name="layer_058_png_" x="488" y="416" width="19" height="29"/>
    <SubTexture name="layer_059_png_" x="273" y="481" width="35" height="29"/>
    <SubTexture name="layer_060_png_" x="488" y="447" width="19" height="25"/>
    <SubTexture name="layer_061_png_" x="494" y="84" width="12" height="18"/>
</TextureAtlas>
