<?xml version="1.0" encoding="UTF-8"?>
<!-- Created with TexturePacker http://www.codeandweb.com/texturepacker-->
<!-- $TexturePacker:SmartUpdate:afec4fb57d8a638eba320999a3eecd90:7f156ee6fa1c116612d915639b36c561:a4e87cab1d2950a329f000afd2ff9ec9$ -->
<TextureAtlas imagePath="1715_dragon_doublepure_3_HD_tweened_dxt5_map.dds" scale="0.6064453125">
    <SubTexture name="layer_001_png" x="341" y="314" width="41" height="28"/>
    <SubTexture name="layer_002_png" x="272" y="144" width="33" height="54"/>
    <SubTexture name="layer_003_png" x="419" y="99" width="26" height="63"/>
    <SubTexture name="layer_004_png" x="135" y="2" width="87" height="156"/>
    <SubTexture name="layer_005_png" x="231" y="144" width="39" height="50"/>
    <SubTexture name="layer_006_png" x="399" y="463" width="61" height="36"/>
    <SubTexture name="layer_007_png" x="448" y="416" width="43" height="32"/>
    <SubTexture name="layer_008_png" x="462" y="464" width="32" height="46"/>
    <SubTexture name="layer_009_png" x="2" y="2" width="131" height="202"/>
    <SubTexture name="layer_010_png" x="117" y="382" width="109" height="117"/>
    <SubTexture name="layer_011_png" x="251" y="344" width="91" height="33"/>
    <SubTexture name="layer_012_png" x="296" y="200" width="66" height="112"/>
    <SubTexture name="layer_013_png" x="2" y="206" width="147" height="174"/>
    <SubTexture name="layer_014_png" x="2" y="382" width="113" height="126"/>
    <SubTexture name="layer_015_png" x="338" y="379" width="108" height="82"/>
    <SubTexture name="layer_016_png" x="344" y="344" width="41" height="31"/>
    <SubTexture name="layer_017_png" x="292" y="91" width="43" height="35"/>
    <SubTexture name="layer_018_png" x="448" y="99" width="58" height="126"/>
    <SubTexture name="layer_019_png" x="448" y="326" width="55" height="88"/>
    <SubTexture name="layer_020_png" x="151" y="202" width="77" height="157"/>
    <SubTexture name="layer_021_png" x="224" y="2" width="126" height="87"/>
    <SubTexture name="layer_022_png" x="411" y="322" width="31" height="30"/>
    <SubTexture name="layer_023_png" x="307" y="128" width="41" height="61"/>
    <SubTexture name="layer_024_png" x="419" y="164" width="27" height="30"/>
    <SubTexture name="layer_025_png" x="364" y="195" width="38" height="63"/>
    <SubTexture name="layer_026_png" x="228" y="379" width="108" height="97"/>
    <SubTexture name="layer_027_png" x="462" y="2" width="48" height="95"/>
    <SubTexture name="layer_028_png" x="228" y="478" width="58" height="32"/>
    <SubTexture name="layer_029_png" x="296" y="314" width="43" height="27"/>
    <SubTexture name="layer_030_png" x="448" y="227" width="57" height="97"/>
    <SubTexture name="layer_031_png" x="342" y="463" width="55" height="47"/>
    <SubTexture name="layer_032_png" x="404" y="196" width="21" height="38"/>
    <SubTexture name="layer_033_png" x="224" y="91" width="66" height="51"/>
    <SubTexture name="layer_034_png" x="400" y="260" width="36" height="28"/>
    <SubTexture name="layer_035_png" x="364" y="260" width="34" height="36"/>
    <SubTexture name="layer_036_png" x="493" y="416" width="16" height="46"/>
    <SubTexture name="layer_037_png" x="337" y="91" width="13" height="22"/>
    <SubTexture name="layer_038_png" x="412" y="75" width="45" height="22"/>
    <SubTexture name="layer_039_png" x="384" y="298" width="50" height="22"/>
    <SubTexture name="layer_040_png" x="387" y="342" width="18" height="33"/>
    <SubTexture name="layer_041_png" x="151" y="361" width="58" height="19"/>
    <SubTexture name="layer_042_png" x="384" y="322" width="25" height="18"/>
    <SubTexture name="layer_043_png" x="117" y="501" width="18" height="9"/>
    <SubTexture name="layer_044_png" x="427" y="196" width="15" height="24"/>
    <SubTexture name="layer_045_png" x="352" y="75" width="58" height="22"/>
    <SubTexture name="layer_046_png" x="211" y="361" width="38" height="16"/>
    <SubTexture name="layer_047_png" x="288" y="478" width="52" height="27"/>
    <SubTexture name="layer_048_png" x="230" y="202" width="64" height="140"/>
    <SubTexture name="layer_049_png" x="352" y="99" width="65" height="94"/>
    <SubTexture name="layer_050_png" x="352" y="2" width="106" height="71"/>
    <SubTexture name="layer_051_png" x="135" y="160" width="94" height="40"/>
</TextureAtlas>
