<?xml version="1.0" encoding="UTF-8"?>
<!-- Created with TexturePacker http://www.codeandweb.com/texturepacker-->
<!-- $TexturePacker:SmartUpdate:93d002f96801d5549b90ac9191613165:456a462b3c20b81eeb3e107d5ba50faa:2c88317ed341a26d4ab9422b3538dff7$ -->
<TextureAtlas imagePath="1715_dragon_doublepure_3_HD_tweened_dxt5.dds" scale="1.09375">
    <SubTexture name="SPAM_RearrangedBitmap1006995913" x="703" y="204" width="39" height="152" frameX="0" frameY="0" frameWidth="43" frameHeight="156"/>
    <SubTexture name="SPAM_RearrangedBitmap1026128579" x="406" y="570" width="32" height="23" frameX="-7" frameY="-7" frameWidth="52" frameHeight="45"/>
    <SubTexture name="SPAM_RearrangedBitmap1101841976" x="980" y="249" width="35" height="173" frameX="-8" frameY="-14" frameWidth="55" frameHeight="203"/>
    <SubTexture name="SPAM_RearrangedBitmap1490119599" x="564" y="69" width="36" height="160" frameX="0" frameY="0" frameWidth="40" frameHeight="164"/>
    <SubTexture name="SPAM_RearrangedBitmap1542957562" x="761" y="582" width="52" height="63" frameX="-1" frameY="-1" frameWidth="60" frameHeight="71"/>
    <SubTexture name="SPAM_RearrangedBitmap1671734047" x="380" y="968" width="54" height="51" frameX="-1" frameY="-1" frameWidth="60" frameHeight="55"/>
    <SubTexture name="SPAM_RearrangedBitmap1894464784" x="377" y="570" width="27" height="25" frameX="-4" frameY="-4" frameWidth="41" frameHeight="37"/>
    <SubTexture name="SPAM_RearrangedBitmap2109201241" x="889" y="646" width="125" height="58" frameX="-1" frameY="0" frameWidth="131" frameHeight="62"/>
    <SubTexture name="SPAM_RearrangedBitmap29130765" x="461" y="897" width="110" height="68" frameX="0" frameY="0" frameWidth="114" frameHeight="72"/>
    <SubTexture name="SPAM_RearrangedBitmap2943053712" x="656" y="230" width="40" height="40" frameX="-6" frameY="-4" frameWidth="56" frameHeight="50"/>
    <SubTexture name="SPAM_RearrangedBitmap2989518749" x="951" y="706" width="70" height="39" frameX="0" frameY="0" frameWidth="72" frameHeight="41"/>
    <SubTexture name="SPAM_RearrangedBitmap3277260825" x="301" y="897" width="80" height="69" frameX="-1" frameY="-1" frameWidth="86" frameHeight="75"/>
    <SubTexture name="SPAM_RearrangedBitmap3672508151" x="711" y="660" width="45" height="175" frameX="-9" frameY="-12" frameWidth="67" frameHeight="203"/>
    <SubTexture name="SPAM_RearrangedBitmap3758818261" x="363" y="598" width="65" height="73" frameX="-3" frameY="-1" frameWidth="75" frameHeight="79"/>
    <SubTexture name="SPAM_RearrangedBitmap3944694877" x="703" y="60" width="45" height="38" frameX="-8" frameY="-7" frameWidth="65" frameHeight="52"/>
    <SubTexture name="SPAM_RearrangedBitmap4013989714" x="728" y="886" width="108" height="70" frameX="0" frameY="0" frameWidth="112" frameHeight="74"/>
    <SubTexture name="SPAM_RearrangedBitmap4077509624" x="573" y="897" width="76" height="68" frameX="0" frameY="0" frameWidth="80" frameHeight="72"/>
    <SubTexture name="SPAM_RearrangedBitmap4326876870" x="557" y="540" width="37" height="49" frameX="-3" frameY="-1" frameWidth="47" frameHeight="55"/>
    <SubTexture name="SPAM_RearrangedBitmap4456335529" x="657" y="667" width="52" height="175" frameX="-10" frameY="-12" frameWidth="74" frameHeight="203"/>
    <SubTexture name="SPAM_RearrangedBitmap4482183566" x="59" y="969" width="45" height="52" frameX="-2" frameY="-2" frameWidth="53" frameHeight="60"/>
    <SubTexture name="SPAM_RearrangedBitmap5265554453" x="815" y="582" width="125" height="62" frameX="0" frameY="-1" frameWidth="129" frameHeight="68"/>
    <SubTexture name="SPAM_RearrangedBitmap5377896167" x="908" y="930" width="85" height="35" frameX="0" frameY="0" frameWidth="87" frameHeight="37"/>
    <SubTexture name="SPAM_RearrangedBitmap5516101102" x="499" y="682" width="52" height="176" frameX="-9" frameY="-13" frameWidth="76" frameHeight="204"/>
    <SubTexture name="SPAM_RearrangedBitmap5556315498" x="564" y="2" width="108" height="65" frameX="-1" frameY="-1" frameWidth="114" frameHeight="71"/>
    <SubTexture name="SPAM_RearrangedBitmap5584909574" x="651" y="892" width="75" height="71" frameX="-3" frameY="-2" frameWidth="85" frameHeight="79"/>
    <SubTexture name="SPAM_RearrangedBitmap5603749268" x="499" y="362" width="53" height="178" frameX="-9" frameY="-10" frameWidth="75" frameHeight="204"/>
    <SubTexture name="SPAM_RearrangedBitmap5670693666" x="440" y="570" width="24" height="19"/>
    <SubTexture name="SPAM_RearrangedBitmap595760024" x="182" y="968" width="70" height="54" frameX="-1" frameY="-1" frameWidth="76" frameHeight="60"/>
    <SubTexture name="SPAM_RearrangedBitmap6292116069" x="606" y="844" width="63" height="46" frameX="0" frameY="0" frameWidth="67" frameHeight="48"/>
    <SubTexture name="SPAM_RearrangedBitmap6576889203" x="772" y="958" width="71" height="64" frameX="-1" frameY="-1" frameWidth="77" frameHeight="70"/>
    <SubTexture name="SPAM_RearrangedBitmap669860168" x="838" y="885" width="68" height="62" frameX="-2" frameY="-2" frameWidth="76" frameHeight="70"/>
    <SubTexture name="SPAM_RearrangedBitmap6771352062" x="908" y="893" width="85" height="35" frameX="0" frameY="0" frameWidth="87" frameHeight="37"/>
    <SubTexture name="SPAM_RearrangedBitmap6983673924" x="751" y="168" width="90" height="34" frameX="0" frameY="0" frameWidth="94" frameHeight="38"/>
    <SubTexture name="SPAM_RearrangedBitmap7419318374" x="381" y="231" width="31" height="123" frameX="-8" frameY="-14" frameWidth="51" frameHeight="153"/>
    <SubTexture name="SPAM_RearrangedBitmap7895575093" x="374" y="356" width="48" height="7"/>
    <SubTexture name="SPAM_RearrangedBitmap8126970198" x="318" y="356" width="13" height="9"/>
    <SubTexture name="SPAM_RearrangedBitmap8204493345" x="744" y="582" width="15" height="64"/>
    <SubTexture name="SPAM_RearrangedBitmap8405129396" x="980" y="215" width="36" height="32" frameX="-6" frameY="-5" frameWidth="54" frameHeight="44"/>
    <SubTexture name="SPAM_RearrangedBitmap8449238453" x="840" y="215" width="126" height="62" frameX="-1" frameY="0" frameWidth="132" frameHeight="66"/>
    <SubTexture name="SPAM_RearrangedBitmap8653180432" x="2" y="969" width="55" height="53" frameX="-2" frameY="-4" frameWidth="65" frameHeight="63"/>
    <SubTexture name="SPAM_RearrangedBitmap8695154848" x="942" y="598" width="70" height="39" frameX="0" frameY="0" frameWidth="72" frameHeight="41"/>
    <SubTexture name="SPAM_RearrangedBitmap9133181788" x="466" y="570" width="50" height="17"/>
    <SubTexture name="SPAM_RearrangedBitmap9645380225" x="661" y="540" width="63" height="46" frameX="0" frameY="0" frameWidth="67" frameHeight="48"/>
    <SubTexture name="SPAM_RearrangedBitmap9649242495" x="518" y="542" width="37" height="49" frameX="-2" frameY="-2" frameWidth="45" frameHeight="57"/>
    <SubTexture name="SPAM_RearrangedBitmap9708525171" x="333" y="356" width="39" height="8"/>
    <SubTexture name="SPAM_RearrangedBitmap9943812345" x="596" y="540" width="63" height="47" frameX="-5" frameY="-2" frameWidth="77" frameHeight="55"/>
    <SubTexture name="SPAM_RearrangedBitmap9992403159" x="383" y="897" width="76" height="69" frameX="-1" frameY="-1" frameWidth="82" frameHeight="75"/>
    <SubTexture name="layer_001_png" x="106" y="969" width="74" height="51"/>
    <SubTexture name="layer_002_png" x="318" y="256" width="61" height="98"/>
    <SubTexture name="layer_003_png" x="414" y="231" width="47" height="114"/>
    <SubTexture name="layer_004_png" x="142" y="684" width="157" height="282"/>
    <SubTexture name="layer_005_png" x="878" y="706" width="71" height="90"/>
    <SubTexture name="layer_006_png" x="703" y="100" width="110" height="66"/>
    <SubTexture name="layer_007_png" x="942" y="537" width="77" height="59"/>
    <SubTexture name="layer_008_png" x="270" y="598" width="59" height="83"/>
    <SubTexture name="layer_009_png" x="2" y="2" width="237" height="365"/>
    <SubTexture name="layer_010_png" x="301" y="683" width="196" height="212"/>
    <SubTexture name="layer_011_png" x="845" y="152" width="165" height="61"/>
    <SubTexture name="layer_012_png" x="377" y="365" width="120" height="203"/>
    <SubTexture name="layer_013_png" x="2" y="369" width="266" height="313"/>
    <SubTexture name="layer_014_png" x="358" y="2" width="204" height="227"/>
    <SubTexture name="layer_015_png" x="819" y="2" width="195" height="148"/>
    <SubTexture name="layer_016_png" x="674" y="2" width="74" height="56"/>
    <SubTexture name="layer_017_png" x="809" y="820" width="78" height="63"/>
    <SubTexture name="layer_018_png" x="270" y="368" width="105" height="228"/>
    <SubTexture name="layer_019_png" x="602" y="69" width="99" height="159"/>
    <SubTexture name="layer_020_png" x="2" y="684" width="138" height="283"/>
    <SubTexture name="layer_021_png" x="751" y="377" width="227" height="158"/>
    <SubTexture name="layer_022_png" x="254" y="968" width="56" height="54"/>
    <SubTexture name="layer_023_png" x="241" y="256" width="75" height="110"/>
    <SubTexture name="layer_024_png" x="516" y="967" width="50" height="55"/>
    <SubTexture name="layer_025_png" x="951" y="778" width="68" height="113"/>
    <SubTexture name="layer_026_png" x="554" y="362" width="195" height="176"/>
    <SubTexture name="layer_027_png" x="751" y="204" width="87" height="171"/>
    <SubTexture name="layer_028_png" x="665" y="965" width="105" height="57"/>
    <SubTexture name="layer_029_png" x="436" y="968" width="78" height="50"/>
    <SubTexture name="layer_030_png" x="553" y="667" width="102" height="175"/>
    <SubTexture name="layer_031_png" x="430" y="595" width="100" height="85"/>
    <SubTexture name="layer_032_png" x="704" y="588" width="38" height="70"/>
    <SubTexture name="layer_033_png" x="840" y="279" width="120" height="92"/>
    <SubTexture name="layer_034_png" x="312" y="968" width="66" height="51"/>
    <SubTexture name="layer_035_png" x="751" y="2" width="62" height="65"/>
    <SubTexture name="layer_036_png" x="331" y="598" width="30" height="83"/>
    <SubTexture name="layer_037_png" x="980" y="486" width="25" height="40"/>
    <SubTexture name="layer_038_png" x="819" y="537" width="82" height="40"/>
    <SubTexture name="layer_039_png" x="726" y="540" width="91" height="40"/>
    <SubTexture name="layer_040_png" x="980" y="424" width="33" height="60"/>
    <SubTexture name="layer_041_png" x="499" y="860" width="105" height="35"/>
    <SubTexture name="layer_042_png" x="703" y="168" width="45" height="33"/>
    <SubTexture name="layer_043_png" x="424" y="347" width="32" height="16"/>
    <SubTexture name="layer_044_png" x="671" y="844" width="28" height="43"/>
    <SubTexture name="layer_045_png" x="701" y="844" width="106" height="40"/>
    <SubTexture name="layer_046_png" x="951" y="747" width="70" height="29"/>
    <SubTexture name="layer_047_png" x="568" y="967" width="95" height="49"/>
    <SubTexture name="layer_048_png" x="241" y="2" width="115" height="252"/>
    <SubTexture name="layer_049_png" x="758" y="648" width="118" height="170"/>
    <SubTexture name="layer_050_png" x="463" y="231" width="191" height="129"/>
    <SubTexture name="layer_051_png" x="532" y="593" width="170" height="72"/>
</TextureAtlas>
