<?xml version="1.0" encoding="UTF-8"?>
<!-- Created with TexturePacker http://www.codeandweb.com/texturepacker-->
<!-- $TexturePacker:SmartUpdate:54e3cec2796607dc26f33b286e849622:4e08403c0995ea9b856e8768b15fa57e:33b795d341e1129642897217026369e0$ -->
<TextureAtlas imagePath="34460_supernova_dragon_3_HD_tweened_dxt5.dds" scale="1.76953125">
    <SubTexture name="SPAM_RearrangedBitmap3277260825_fx" x="942" y="556" width="72" height="76"/>
    <SubTexture name="SPAM_RearrangedBitmap3758818261_fx" x="929" y="482" width="49" height="72"/>
    <SubTexture name="SPAM_RearrangedBitmap5584909574_fx" x="942" y="634" width="75" height="72" frameX="0" frameY="0" frameWidth="81" frameHeight="72"/>
    <SubTexture name="SPAM_RearrangedBitmap5670693666" x="462" y="934" width="29" height="33" frameX="0" frameY="0" frameWidth="37" frameHeight="37"/>
    <SubTexture name="SPAM_RearrangedBitmap669860168_fx" x="886" y="2" width="99" height="74"/>
    <SubTexture name="SPAM_RearrangedBitmap7895575093_fx" x="942" y="708" width="44" height="72"/>
    <SubTexture name="SPAM_RearrangedBitmap9133181788_fx" x="886" y="78" width="72" height="23"/>
    <SubTexture name="SPAM_RearrangedBitmap9708525171_fx" x="702" y="203" width="56" height="19"/>
    <SubTexture name="part_001_png" x="2" y="568" width="132" height="350"/>
    <SubTexture name="part_002_png" x="117" y="233" width="410" height="109"/>
    <SubTexture name="part_003_png" x="117" y="2" width="555" height="109"/>
    <SubTexture name="part_004_png" x="276" y="969" width="366" height="24"/>
    <SubTexture name="part_005_png" x="117" y="488" width="421" height="23"/>
    <SubTexture name="part_006_png" x="748" y="564" width="70" height="290"/>
    <SubTexture name="part_007_png" x="117" y="113" width="576" height="58"/>
    <SubTexture name="part_008_png" x="769" y="203" width="104" height="169"/>
    <SubTexture name="part_009_png" x="746" y="923" width="51" height="30"/>
    <SubTexture name="part_010_png" x="639" y="826" width="69" height="46"/>
    <SubTexture name="part_011_png" x="644" y="962" width="38" height="60"/>
    <SubTexture name="part_012_png" x="875" y="203" width="60" height="107"/>
    <SubTexture name="part_013_png" x="644" y="588" width="102" height="185"/>
    <SubTexture name="part_014_png" x="848" y="790" width="159" height="81"/>
    <SubTexture name="part_015_png" x="848" y="673" width="92" height="115"/>
    <SubTexture name="part_016_png" x="828" y="374" width="99" height="180"/>
    <SubTexture name="part_017_png" x="961" y="427" width="54" height="38"/>
    <SubTexture name="part_018_png" x="684" y="962" width="67" height="49"/>
    <SubTexture name="part_019_png" x="818" y="956" width="63" height="44"/>
    <SubTexture name="part_020_png" x="617" y="874" width="146" height="47"/>
    <SubTexture name="part_021_png" x="462" y="862" width="153" height="70"/>
    <SubTexture name="part_022_png" x="702" y="108" width="217" height="93"/>
    <SubTexture name="part_023_png" x="674" y="2" width="210" height="104"/>
    <SubTexture name="part_024_png" x="529" y="233" width="238" height="143"/>
    <SubTexture name="part_025_png" x="284" y="753" width="176" height="214"/>
    <SubTexture name="part_026_png" x="284" y="513" width="176" height="238"/>
    <SubTexture name="part_027_png" x="540" y="378" width="184" height="208"/>
    <SubTexture name="part_029_png" x="2" y="920" width="171" height="102"/>
    <SubTexture name="part_030_png" x="988" y="708" width="30" height="51"/>
    <SubTexture name="part_031_png" x="921" y="103" width="46" height="69"/>
    <SubTexture name="part_032_png" x="883" y="956" width="60" height="38"/>
    <SubTexture name="part_033_png" x="875" y="312" width="109" height="60"/>
    <SubTexture name="part_034_png" x="726" y="378" width="100" height="184"/>
    <SubTexture name="part_035_png" x="848" y="873" width="157" height="81"/>
    <SubTexture name="part_036_png" x="175" y="842" width="99" height="180"/>
    <SubTexture name="part_037_png" x="848" y="556" width="92" height="115"/>
    <SubTexture name="part_038_png" x="945" y="956" width="54" height="38"/>
    <SubTexture name="part_039_png" x="765" y="856" width="51" height="65"/>
    <SubTexture name="part_040_png" x="753" y="955" width="63" height="44"/>
    <SubTexture name="part_041_png" x="136" y="513" width="146" height="327"/>
    <SubTexture name="part_042_png" x="117" y="344" width="399" height="116"/>
    <SubTexture name="part_043_png" x="2" y="2" width="113" height="564"/>
    <SubTexture name="part_044_png" x="820" y="564" width="26" height="343"/>
    <SubTexture name="part_045_png" x="117" y="462" width="410" height="24"/>
    <SubTexture name="part_046_png" x="462" y="513" width="76" height="267"/>
    <SubTexture name="part_047_png" x="117" y="173" width="583" height="58"/>
    <SubTexture name="part_048_png" x="462" y="784" width="175" height="76"/>
    <SubTexture name="part_049_png" x="929" y="374" width="30" height="106"/>
    <SubTexture name="part_050_png" x="617" y="923" width="127" height="37"/>
    <SubTexture name="part_051_png" x="961" y="374" width="23" height="51"/>
    <SubTexture name="part_052_png" x="644" y="775" width="92" height="49"/>
    <SubTexture name="part_053_png" x="493" y="934" width="19" height="33"/>
    <SubTexture name="part_054_png" x="117" y="513" width="10" height="19"/>
    <SubTexture name="part_055_png" x="540" y="588" width="102" height="194"/>
    <SubTexture name="part_056_png" x="987" y="2" width="31" height="67"/>
    <SubTexture name="part_057_png" x="136" y="842" width="19" height="76"/>
    <SubTexture name="part_058_png" x="753" y="1001" width="54" height="21"/>
</TextureAtlas>
