<?xml version="1.0" encoding="UTF-8"?>
<!-- Created with TexturePacker http://www.codeandweb.com/texturepacker-->
<!-- $TexturePacker:SmartUpdate:859cc2090b419f8ce1c5eb237980b0db:d2e33d1b1603f6821149aecbc9d769dc:3f2a5860cd7e6a8185c362e34fe144ec$ -->
<TextureAtlas imagePath="34460_supernova_dragon_3_HD_tweened_dxt5_map.dds" scale="0.878173828125">
    <SubTexture name="part_001_png" x="60" y="210" width="65" height="173"/>
    <SubTexture name="part_002_png" x="293" y="15" width="203" height="54"/>
    <SubTexture name="part_003_png" x="2" y="62" width="275" height="54"/>
    <SubTexture name="part_004_png" x="96" y="118" width="181" height="12"/>
    <SubTexture name="part_005_png" x="293" y="2" width="209" height="11"/>
    <SubTexture name="part_006_png" x="216" y="163" width="35" height="144"/>
    <SubTexture name="part_007_png" x="2" y="32" width="286" height="28"/>
    <SubTexture name="part_008_png" x="435" y="270" width="51" height="84"/>
    <SubTexture name="part_009_png" x="142" y="369" width="25" height="14"/>
    <SubTexture name="part_010_png" x="60" y="160" width="34" height="22"/>
    <SubTexture name="part_011_png" x="488" y="270" width="19" height="29"/>
    <SubTexture name="part_012_png" x="60" y="385" width="29" height="53"/>
    <SubTexture name="part_013_png" x="289" y="404" width="50" height="92"/>
    <SubTexture name="part_014_png" x="2" y="118" width="79" height="40"/>
    <SubTexture name="part_015_png" x="49" y="444" width="45" height="57"/>
    <SubTexture name="part_016_png" x="444" y="356" width="49" height="89"/>
    <SubTexture name="part_017_png" x="476" y="204" width="27" height="19"/>
    <SubTexture name="part_018_png" x="60" y="184" width="33" height="24"/>
    <SubTexture name="part_019_png" x="479" y="139" width="31" height="21"/>
    <SubTexture name="part_020_png" x="435" y="225" width="72" height="23"/>
    <SubTexture name="part_021_png" x="253" y="271" width="76" height="35"/>
    <SubTexture name="part_022_png" x="342" y="144" width="108" height="46"/>
    <SubTexture name="part_023_png" x="216" y="309" width="104" height="51"/>
    <SubTexture name="part_024_png" x="96" y="132" width="118" height="71"/>
    <SubTexture name="part_025_png" x="253" y="163" width="87" height="106"/>
    <SubTexture name="part_026_png" x="107" y="385" width="87" height="118"/>
    <SubTexture name="part_027_png" x="342" y="192" width="91" height="103"/>
    <SubTexture name="part_029_png" x="322" y="336" width="85" height="50"/>
    <SubTexture name="part_030_png" x="479" y="85" width="14" height="25"/>
    <SubTexture name="part_031_png" x="452" y="178" width="22" height="34"/>
    <SubTexture name="part_032_png" x="479" y="162" width="29" height="19"/>
    <SubTexture name="part_033_png" x="216" y="132" width="54" height="29"/>
    <SubTexture name="part_034_png" x="341" y="388" width="50" height="91"/>
    <SubTexture name="part_035_png" x="237" y="362" width="78" height="40"/>
    <SubTexture name="part_036_png" x="393" y="388" width="49" height="89"/>
    <SubTexture name="part_037_png" x="2" y="444" width="45" height="57"/>
    <SubTexture name="part_038_png" x="476" y="183" width="27" height="19"/>
    <SubTexture name="part_039_png" x="452" y="144" width="25" height="32"/>
    <SubTexture name="part_040_png" x="479" y="116" width="31" height="21"/>
    <SubTexture name="part_041_png" x="142" y="205" width="72" height="162"/>
    <SubTexture name="part_042_png" x="279" y="85" width="198" height="57"/>
    <SubTexture name="part_043_png" x="2" y="162" width="56" height="280"/>
    <SubTexture name="part_044_png" x="127" y="205" width="13" height="170"/>
    <SubTexture name="part_045_png" x="290" y="71" width="203" height="12"/>
    <SubTexture name="part_046_png" x="198" y="369" width="37" height="132"/>
    <SubTexture name="part_047_png" x="2" y="2" width="289" height="28"/>
    <SubTexture name="part_048_png" x="331" y="297" width="86" height="37"/>
    <SubTexture name="part_049_png" x="91" y="385" width="14" height="52"/>
    <SubTexture name="part_050_png" x="435" y="250" width="63" height="18"/>
    <SubTexture name="part_051_png" x="498" y="15" width="11" height="25"/>
    <SubTexture name="part_052_png" x="341" y="481" width="45" height="24"/>
    <SubTexture name="part_053_png" x="279" y="62" width="9" height="16"/>
    <SubTexture name="part_054_png" x="504" y="2" width="5" height="9"/>
    <SubTexture name="part_055_png" x="237" y="404" width="50" height="96"/>
    <SubTexture name="part_056_png" x="495" y="81" width="15" height="33"/>
    <SubTexture name="part_057_png" x="498" y="42" width="9" height="37"/>
    <SubTexture name="part_058_png" x="169" y="369" width="27" height="10"/>
</TextureAtlas>
