<?xml version="1.0" encoding="UTF-8"?>
<!-- Created with TexturePacker http://www.codeandweb.com/texturepacker-->
<!-- $TexturePacker:SmartUpdate:48b3025f90f1d927a6ed68d7bd06e1e8:211dd068f24c3032087765c357430d51:c8cec5631115a5892ba0ad2d39630c89$ -->
<TextureAtlas imagePath="1066_dragon_moose_b_3_HD_tweened_dxt5.dds" scale="1.515625">
    <SubTexture name="SPAM_RearrangedBitmap1006995913" x="454" y="919" width="95" height="66"/>
    <SubTexture name="SPAM_RearrangedBitmap1026128579" x="2" y="2" width="550" height="351"/>
    <SubTexture name="SPAM_RearrangedBitmap1101841976" x="498" y="525" width="103" height="177"/>
    <SubTexture name="SPAM_RearrangedBitmap1490119599" x="882" y="823" width="68" height="116"/>
    <SubTexture name="SPAM_RearrangedBitmap1542957562" x="838" y="646" width="150" height="116"/>
    <SubTexture name="SPAM_RearrangedBitmap1671734047" x="357" y="919" width="95" height="66"/>
    <SubTexture name="SPAM_RearrangedBitmap1894464784" x="170" y="708" width="386" height="209"/>
    <SubTexture name="SPAM_RearrangedBitmap2109201241" x="2" y="355" width="494" height="351"/>
    <SubTexture name="SPAM_RearrangedBitmap29130765" x="277" y="919" width="78" height="71"/>
    <SubTexture name="SPAM_RearrangedBitmap2943053712" x="551" y="375" width="471" height="148"/>
    <SubTexture name="SPAM_RearrangedBitmap2989518749" x="357" y="919" width="95" height="66"/>
    <SubTexture name="SPAM_RearrangedBitmap3277260825" x="882" y="764" width="83" height="57"/>
    <SubTexture name="SPAM_RearrangedBitmap3672508151" x="882" y="764" width="83" height="57"/>
    <SubTexture name="SPAM_RearrangedBitmap3758818261" x="170" y="708" width="386" height="209"/>
    <SubTexture name="SPAM_RearrangedBitmap3944694877" x="838" y="646" width="150" height="116"/>
    <SubTexture name="SPAM_RearrangedBitmap4013989714" x="790" y="764" width="90" height="65"/>
    <SubTexture name="SPAM_RearrangedBitmap4077509624" x="882" y="823" width="68" height="116"/>
    <SubTexture name="SPAM_RearrangedBitmap4326876870" x="551" y="919" width="62" height="66"/>
    <SubTexture name="SPAM_RearrangedBitmap4456335529" x="2" y="355" width="494" height="351"/>
    <SubTexture name="SPAM_RearrangedBitmap4482183566" x="551" y="375" width="471" height="148"/>
    <SubTexture name="SPAM_RearrangedBitmap5265554453" x="213" y="919" width="62" height="92"/>
    <SubTexture name="SPAM_RearrangedBitmap5377896167" x="116" y="955" width="95" height="66"/>
    <SubTexture name="SPAM_RearrangedBitmap5516101102" x="686" y="857" width="110" height="162"/>
    <SubTexture name="SPAM_RearrangedBitmap5556315498" x="615" y="909" width="69" height="109"/>
    <SubTexture name="SPAM_RearrangedBitmap5584909574" x="697" y="525" width="80" height="145"/>
    <SubTexture name="SPAM_RearrangedBitmap5603749268" x="678" y="693" width="110" height="162"/>
    <SubTexture name="SPAM_RearrangedBitmap5670693666" x="779" y="646" width="57" height="45"/>
    <SubTexture name="SPAM_RearrangedBitmap595760024" x="603" y="525" width="92" height="166"/>
    <SubTexture name="SPAM_RearrangedBitmap6292116069" x="686" y="857" width="110" height="162"/>
    <SubTexture name="SPAM_RearrangedBitmap6576889203" x="116" y="955" width="95" height="66"/>
    <SubTexture name="SPAM_RearrangedBitmap669860168" x="498" y="525" width="103" height="177"/>
    <SubTexture name="SPAM_RearrangedBitmap6771352062" x="558" y="704" width="118" height="203"/>
    <SubTexture name="SPAM_RearrangedBitmap6871806784" x="2" y="355" width="494" height="351"/>
    <SubTexture name="SPAM_RearrangedBitmap6983673924" x="454" y="919" width="95" height="66"/>
    <SubTexture name="SPAM_RearrangedBitmap7419318374" x="697" y="525" width="80" height="145"/>
    <SubTexture name="SPAM_RearrangedBitmap7895575093" x="2" y="955" width="112" height="66"/>
    <SubTexture name="SPAM_RearrangedBitmap8126970198" x="554" y="2" width="463" height="371"/>
    <SubTexture name="SPAM_RearrangedBitmap8405129396" x="2" y="708" width="166" height="245"/>
    <SubTexture name="SPAM_RearrangedBitmap8449238453" x="779" y="525" width="113" height="119"/>
    <SubTexture name="SPAM_RearrangedBitmap8653180432" x="2" y="708" width="166" height="245"/>
    <SubTexture name="SPAM_RearrangedBitmap8695154848" x="603" y="525" width="92" height="166"/>
    <SubTexture name="SPAM_RearrangedBitmap9133181788" x="678" y="693" width="110" height="162"/>
    <SubTexture name="SPAM_RearrangedBitmap9645380225" x="894" y="525" width="68" height="116"/>
    <SubTexture name="SPAM_RearrangedBitmap9649242495" x="2" y="2" width="550" height="351"/>
    <SubTexture name="SPAM_RearrangedBitmap9708525171" x="498" y="355" width="51" height="31"/>
    <SubTexture name="SPAM_RearrangedBitmap9943812345" x="894" y="525" width="68" height="116"/>
    <SubTexture name="SPAM_RearrangedBitmap9992403159" x="558" y="704" width="118" height="203"/>
</TextureAtlas>
