<?xml version="1.0" encoding="UTF-8"?>
<!-- Created with TexturePacker http://www.codeandweb.com/texturepacker-->
<!-- $TexturePacker:SmartUpdate:de72adae97f53bfee39f2ded6979207a:d66bcf7e169594f37d6650fdb4098b49:533453a80a6d1ec09ebfd58818660c14$ -->
<TextureAtlas imagePath="1066_dragon_moose_b_3_HD_tweened_dxt5_map.dds" scale="0.760620117188">
    <SubTexture name="SPAM_RearrangedBitmap1542957562" x="2" y="443" width="75" height="58"/>
    <SubTexture name="SPAM_RearrangedBitmap1671734047" x="79" y="476" width="47" height="33"/>
    <SubTexture name="SPAM_RearrangedBitmap2109201241" x="2" y="180" width="247" height="176"/>
    <SubTexture name="SPAM_RearrangedBitmap3277260825" x="128" y="475" width="41" height="28"/>
    <SubTexture name="SPAM_RearrangedBitmap3758818261" x="280" y="2" width="193" height="104"/>
    <SubTexture name="SPAM_RearrangedBitmap4013989714" x="128" y="441" width="45" height="32"/>
    <SubTexture name="SPAM_RearrangedBitmap4077509624" x="475" y="62" width="34" height="58"/>
    <SubTexture name="SPAM_RearrangedBitmap4326876870" x="479" y="122" width="31" height="33"/>
    <SubTexture name="SPAM_RearrangedBitmap4456335529" x="2" y="180" width="247" height="176"/>
    <SubTexture name="SPAM_RearrangedBitmap4482183566" x="251" y="233" width="236" height="74"/>
    <SubTexture name="SPAM_RearrangedBitmap5516101102" x="107" y="358" width="55" height="81"/>
    <SubTexture name="SPAM_RearrangedBitmap5584909574" x="164" y="358" width="40" height="73"/>
    <SubTexture name="SPAM_RearrangedBitmap595760024" x="2" y="358" width="46" height="83"/>
    <SubTexture name="SPAM_RearrangedBitmap6576889203" x="79" y="441" width="47" height="33"/>
    <SubTexture name="SPAM_RearrangedBitmap669860168" x="426" y="143" width="51" height="88"/>
    <SubTexture name="SPAM_RearrangedBitmap6983673924" x="426" y="108" width="47" height="33"/>
    <SubTexture name="SPAM_RearrangedBitmap8126970198" x="251" y="309" width="232" height="186"/>
    <SubTexture name="SPAM_RearrangedBitmap8653180432" x="280" y="108" width="83" height="123"/>
    <SubTexture name="SPAM_RearrangedBitmap9133181788" x="50" y="358" width="55" height="81"/>
    <SubTexture name="SPAM_RearrangedBitmap9649242495" x="2" y="2" width="276" height="176"/>
    <SubTexture name="SPAM_RearrangedBitmap9943812345" x="475" y="2" width="34" height="58"/>
    <SubTexture name="SPAM_RearrangedBitmap9992403159" x="365" y="122" width="59" height="101"/>
</TextureAtlas>
