<?xml version="1.0" encoding="UTF-8"?>
<!-- Created with TexturePacker http://www.codeandweb.com/texturepacker-->
<!-- $TexturePacker:SmartUpdate:f95ccbbd2bc8f683eb6437d197f909c9:4c48f645c38304a18422ba154969b8c5:b34b496a10e7e6b91b059781dbb95e11$ -->
<TextureAtlas imagePath="1140_dragon_angel_c_3_HD_tweened_dxt5.dds" scale="1.4375">
    <SubTexture name="SPAM_RearrangedBitmap1006995913" x="775" y="903" width="46" height="24"/>
    <SubTexture name="SPAM_RearrangedBitmap1014470135" x="843" y="128" width="27" height="17"/>
    <SubTexture name="SPAM_RearrangedBitmap101465877_fx" x="2" y="806" width="181" height="181"/>
    <SubTexture name="SPAM_RearrangedBitmap1026128579" x="202" y="499" width="196" height="113"/>
    <SubTexture name="SPAM_RearrangedBitmap1101841976" x="843" y="152" width="166" height="71"/>
    <SubTexture name="SPAM_RearrangedBitmap1236621671" x="886" y="869" width="81" height="81"/>
    <SubTexture name="SPAM_RearrangedBitmap1490119599" x="735" y="989" width="46" height="24"/>
    <SubTexture name="SPAM_RearrangedBitmap1542957562" x="966" y="754" width="33" height="67"/>
    <SubTexture name="SPAM_RearrangedBitmap1663709825_fx" x="760" y="361" width="33" height="28"/>
    <SubTexture name="SPAM_RearrangedBitmap1671734047" x="969" y="865" width="43" height="56"/>
    <SubTexture name="SPAM_RearrangedBitmap1791443364" x="554" y="361" width="204" height="162" frameX="-3" frameY="-1" frameWidth="214" frameHeight="168"/>
    <SubTexture name="SPAM_RearrangedBitmap1894464784" x="942" y="400" width="70" height="89"/>
    <SubTexture name="SPAM_RearrangedBitmap2109201241" x="554" y="235" width="248" height="124" frameX="-3" frameY="0" frameWidth="258" frameHeight="130"/>
    <SubTexture name="SPAM_RearrangedBitmap2229528892_fx" x="179" y="614" width="198" height="161"/>
    <SubTexture name="SPAM_RearrangedBitmap2689846847_fx" x="843" y="225" width="176" height="48" frameX="-5" frameY="-3" frameWidth="188" frameHeight="58"/>
    <SubTexture name="SPAM_RearrangedBitmap2765236914" x="654" y="950" width="39" height="53" frameX="0" frameY="0" frameWidth="43" frameHeight="57"/>
    <SubTexture name="SPAM_RearrangedBitmap29130765" x="185" y="777" width="230" height="102"/>
    <SubTexture name="SPAM_RearrangedBitmap2943053712" x="721" y="698" width="60" height="87"/>
    <SubTexture name="SPAM_RearrangedBitmap2989518749" x="735" y="954" width="44" height="33"/>
    <SubTexture name="SPAM_RearrangedBitmap3075358096_fx" x="380" y="317" width="172" height="172"/>
    <SubTexture name="SPAM_RearrangedBitmap3144694356_fx" x="760" y="473" width="180" height="71" frameX="-1" frameY="-2" frameWidth="188" frameHeight="81"/>
    <SubTexture name="SPAM_RearrangedBitmap3277260825" x="275" y="222" width="277" height="93"/>
    <SubTexture name="SPAM_RearrangedBitmap3398388945" x="843" y="128" width="27" height="17"/>
    <SubTexture name="SPAM_RearrangedBitmap3672508151" x="942" y="491" width="77" height="80"/>
    <SubTexture name="SPAM_RearrangedBitmap3944694877" x="793" y="778" width="100" height="86"/>
    <SubTexture name="SPAM_RearrangedBitmap3996843562" x="2" y="989" width="56" height="33" frameX="0" frameY="-6" frameWidth="80" frameHeight="43"/>
    <SubTexture name="SPAM_RearrangedBitmap4013989714" x="990" y="275" width="23" height="60"/>
    <SubTexture name="SPAM_RearrangedBitmap4077509624" x="656" y="887" width="58" height="61"/>
    <SubTexture name="SPAM_RearrangedBitmap4381861515" x="843" y="128" width="27" height="17"/>
    <SubTexture name="SPAM_RearrangedBitmap4404793913_fx" x="379" y="633" width="139" height="139"/>
    <SubTexture name="SPAM_RearrangedBitmap4456335529" x="879" y="2" width="140" height="148"/>
    <SubTexture name="SPAM_RearrangedBitmap4482183566" x="948" y="656" width="70" height="67"/>
    <SubTexture name="SPAM_RearrangedBitmap4513256437_fx" x="753" y="546" width="178" height="61" frameX="-1" frameY="-1" frameWidth="186" frameHeight="67"/>
    <SubTexture name="SPAM_RearrangedBitmap4857089301_fx" x="701" y="787" width="90" height="90"/>
    <SubTexture name="SPAM_RearrangedBitmap4950982043" x="536" y="956" width="44" height="66"/>
    <SubTexture name="SPAM_RearrangedBitmap5076510266" x="490" y="956" width="44" height="66"/>
    <SubTexture name="SPAM_RearrangedBitmap5197288459" x="152" y="989" width="31" height="10"/>
    <SubTexture name="SPAM_RearrangedBitmap5265554453" x="784" y="609" width="155" height="57"/>
    <SubTexture name="SPAM_RearrangedBitmap5285004386" x="624" y="947" width="28" height="46"/>
    <SubTexture name="SPAM_RearrangedBitmap5300803008_fx" x="202" y="321" width="176" height="176"/>
    <SubTexture name="SPAM_RearrangedBitmap5377896167" x="716" y="925" width="56" height="27"/>
    <SubTexture name="SPAM_RearrangedBitmap5516101102" x="445" y="966" width="43" height="56"/>
    <SubTexture name="SPAM_RearrangedBitmap5556315498" x="520" y="698" width="199" height="81"/>
    <SubTexture name="SPAM_RearrangedBitmap5584909574" x="574" y="2" width="303" height="124" frameX="-1" frameY="0" frameWidth="311" frameHeight="126"/>
    <SubTexture name="SPAM_RearrangedBitmap5603749268" x="783" y="726" width="127" height="50"/>
    <SubTexture name="SPAM_RearrangedBitmap5670693666" x="542" y="525" width="209" height="96" frameX="-1" frameY="0" frameWidth="217" frameHeight="100"/>
    <SubTexture name="SPAM_RearrangedBitmap5760018857" x="843" y="128" width="27" height="17"/>
    <SubTexture name="SPAM_RearrangedBitmap595760024" x="895" y="778" width="69" height="89"/>
    <SubTexture name="SPAM_RearrangedBitmap6292116069" x="969" y="923" width="44" height="33"/>
    <SubTexture name="SPAM_RearrangedBitmap6413044178_fx" x="760" y="400" width="180" height="71" frameX="-1" frameY="0" frameWidth="188" frameHeight="77"/>
    <SubTexture name="SPAM_RearrangedBitmap6511328016" x="400" y="491" width="140" height="140" frameX="-3" frameY="-3" frameWidth="146" frameHeight="146"/>
    <SubTexture name="SPAM_RearrangedBitmap6576889203" x="716" y="879" width="57" height="44"/>
    <SubTexture name="SPAM_RearrangedBitmap6601560834_fx" x="185" y="976" width="134" height="40" frameX="-1" frameY="-1" frameWidth="142" frameHeight="48"/>
    <SubTexture name="SPAM_RearrangedBitmap660654836" x="2" y="555" width="175" height="249" frameX="0" frameY="0" frameWidth="181" frameHeight="255"/>
    <SubTexture name="SPAM_RearrangedBitmap6614714115" x="966" y="823" width="27" height="40"/>
    <SubTexture name="SPAM_RearrangedBitmap663513224" x="695" y="954" width="38" height="54"/>
    <SubTexture name="SPAM_RearrangedBitmap6635639284" x="804" y="235" width="34" height="29" frameX="0" frameY="0" frameWidth="34" frameHeight="33"/>
    <SubTexture name="SPAM_RearrangedBitmap6771352062" x="951" y="725" width="56" height="27"/>
    <SubTexture name="SPAM_RearrangedBitmap6871806784" x="106" y="989" width="44" height="33"/>
    <SubTexture name="SPAM_RearrangedBitmap6983673924" x="185" y="881" width="225" height="93"/>
    <SubTexture name="SPAM_RearrangedBitmap7049435845" x="912" y="726" width="37" height="47" frameX="0" frameY="0" frameWidth="37" frameHeight="51"/>
    <SubTexture name="SPAM_RearrangedBitmap7168624658_fx" x="483" y="887" width="67" height="67"/>
    <SubTexture name="SPAM_RearrangedBitmap7172438546_fx" x="587" y="887" width="67" height="58"/>
    <SubTexture name="SPAM_RearrangedBitmap7419318374" x="321" y="976" width="122" height="38"/>
    <SubTexture name="SPAM_RearrangedBitmap7775137272_fx" x="793" y="866" width="91" height="35" frameX="-1" frameY="-1" frameWidth="99" frameHeight="43"/>
    <SubTexture name="SPAM_RearrangedBitmap7895575093" x="542" y="623" width="240" height="73"/>
    <SubTexture name="SPAM_RearrangedBitmap7955171125" x="275" y="2" width="297" height="218" frameX="-9" frameY="-3" frameWidth="319" frameHeight="232"/>
    <SubTexture name="SPAM_RearrangedBitmap8004335264_fx" x="784" y="668" width="162" height="56" frameX="0" frameY="-1" frameWidth="168" frameHeight="64"/>
    <SubTexture name="SPAM_RearrangedBitmap8126970198" x="804" y="275" width="184" height="69"/>
    <SubTexture name="SPAM_RearrangedBitmap8204493345" x="843" y="128" width="27" height="17"/>
    <SubTexture name="SPAM_RearrangedBitmap8307186886" x="843" y="128" width="27" height="17"/>
    <SubTexture name="SPAM_RearrangedBitmap8472535027" x="843" y="128" width="27" height="17"/>
    <SubTexture name="SPAM_RearrangedBitmap8479940241_fx" x="804" y="346" width="181" height="52" frameX="-1" frameY="-1" frameWidth="189" frameHeight="60"/>
    <SubTexture name="SPAM_RearrangedBitmap8562457731" x="2" y="2" width="271" height="317" frameX="-29" frameY="-26" frameWidth="353" frameHeight="373"/>
    <SubTexture name="SPAM_RearrangedBitmap8653180432" x="552" y="887" width="33" height="67"/>
    <SubTexture name="SPAM_RearrangedBitmap8695154848" x="843" y="128" width="27" height="17"/>
    <SubTexture name="SPAM_RearrangedBitmap9133181788" x="574" y="128" width="267" height="105" frameX="0" frameY="0" frameWidth="271" frameHeight="109"/>
    <SubTexture name="SPAM_RearrangedBitmap9280296696" x="2" y="321" width="198" height="232" frameX="0" frameY="-1" frameWidth="204" frameHeight="240"/>
    <SubTexture name="SPAM_RearrangedBitmap9443806021" x="941" y="573" width="81" height="81"/>
    <SubTexture name="SPAM_RearrangedBitmap9496328720" x="582" y="956" width="40" height="56" frameX="0" frameY="0" frameWidth="44" frameHeight="60"/>
    <SubTexture name="SPAM_RearrangedBitmap9645380225" x="60" y="989" width="44" height="33"/>
    <SubTexture name="SPAM_RearrangedBitmap9649242495" x="417" y="774" width="98" height="98" frameX="0" frameY="0" frameWidth="104" frameHeight="102"/>
    <SubTexture name="SPAM_RearrangedBitmap9943812345" x="412" y="881" width="69" height="83"/>
    <SubTexture name="SPAM_RearrangedBitmap9992403159" x="517" y="781" width="182" height="104"/>
</TextureAtlas>
