<?xml version="1.0" encoding="UTF-8"?>
<!-- Created with TexturePacker http://www.codeandweb.com/texturepacker-->
<!-- $TexturePacker:SmartUpdate:b12294219400b24b7f339e32adcc79f4:f3032e7f1e644b153f0cf9f99d549925:8c55eec03922f32b5d0e82bf2c1d600f$ -->
<TextureAtlas imagePath="1140_dragon_angel_c_3_HD_tweened_dxt5_map.dds" scale="1.27563476562">
    <SubTexture name="SPAM_RearrangedBitmap1006995913" x="395" y="479" width="40" height="21"/>
    <SubTexture name="SPAM_RearrangedBitmap1014470135" x="178" y="178" width="24" height="15"/>
    <SubTexture name="SPAM_RearrangedBitmap1026128579" x="2" y="178" width="174" height="100"/>
    <SubTexture name="SPAM_RearrangedBitmap1101841976" x="129" y="290" width="147" height="63"/>
    <SubTexture name="SPAM_RearrangedBitmap1236621671" x="257" y="410" width="72" height="72"/>
    <SubTexture name="SPAM_RearrangedBitmap1490119599" x="268" y="484" width="40" height="21"/>
    <SubTexture name="SPAM_RearrangedBitmap1671734047" x="450" y="178" width="38" height="49"/>
    <SubTexture name="SPAM_RearrangedBitmap1894464784" x="331" y="410" width="62" height="79"/>
    <SubTexture name="SPAM_RearrangedBitmap29130765" x="2" y="86" width="204" height="90"/>
    <SubTexture name="SPAM_RearrangedBitmap2943053712" x="452" y="2" width="53" height="77"/>
    <SubTexture name="SPAM_RearrangedBitmap2989518749" x="462" y="295" width="39" height="29"/>
    <SubTexture name="SPAM_RearrangedBitmap3277260825" x="2" y="2" width="246" height="82"/>
    <SubTexture name="SPAM_RearrangedBitmap3398388945" x="178" y="178" width="24" height="15"/>
    <SubTexture name="SPAM_RearrangedBitmap3672508151" x="384" y="234" width="68" height="71"/>
    <SubTexture name="SPAM_RearrangedBitmap3944694877" x="166" y="408" width="89" height="76"/>
    <SubTexture name="SPAM_RearrangedBitmap4013989714" x="490" y="178" width="20" height="53"/>
    <SubTexture name="SPAM_RearrangedBitmap4077509624" x="454" y="81" width="52" height="54"/>
    <SubTexture name="SPAM_RearrangedBitmap4381861515" x="178" y="178" width="24" height="15"/>
    <SubTexture name="SPAM_RearrangedBitmap4456335529" x="2" y="280" width="125" height="131"/>
    <SubTexture name="SPAM_RearrangedBitmap4482183566" x="383" y="343" width="62" height="59"/>
    <SubTexture name="SPAM_RearrangedBitmap4950982043" x="447" y="343" width="39" height="58"/>
    <SubTexture name="SPAM_RearrangedBitmap5076510266" x="343" y="227" width="39" height="58"/>
    <SubTexture name="SPAM_RearrangedBitmap5197288459" x="129" y="280" width="28" height="8"/>
    <SubTexture name="SPAM_RearrangedBitmap5265554453" x="129" y="355" width="137" height="51"/>
    <SubTexture name="SPAM_RearrangedBitmap5377896167" x="217" y="486" width="49" height="24"/>
    <SubTexture name="SPAM_RearrangedBitmap5516101102" x="458" y="403" width="38" height="49"/>
    <SubTexture name="SPAM_RearrangedBitmap5556315498" x="208" y="153" width="177" height="72"/>
    <SubTexture name="SPAM_RearrangedBitmap5603749268" x="268" y="364" width="113" height="44"/>
    <SubTexture name="SPAM_RearrangedBitmap5760018857" x="178" y="178" width="24" height="15"/>
    <SubTexture name="SPAM_RearrangedBitmap595760024" x="387" y="153" width="61" height="79"/>
    <SubTexture name="SPAM_RearrangedBitmap6292116069" x="454" y="264" width="39" height="29"/>
    <SubTexture name="SPAM_RearrangedBitmap6576889203" x="454" y="137" width="51" height="39"/>
    <SubTexture name="SPAM_RearrangedBitmap6771352062" x="166" y="486" width="49" height="24"/>
    <SubTexture name="SPAM_RearrangedBitmap6871806784" x="454" y="233" width="39" height="29"/>
    <SubTexture name="SPAM_RearrangedBitmap6983673924" x="250" y="2" width="200" height="82"/>
    <SubTexture name="SPAM_RearrangedBitmap7419318374" x="352" y="307" width="108" height="34"/>
    <SubTexture name="SPAM_RearrangedBitmap7895575093" x="208" y="86" width="213" height="65"/>
    <SubTexture name="SPAM_RearrangedBitmap8126970198" x="178" y="227" width="163" height="61"/>
    <SubTexture name="SPAM_RearrangedBitmap8204493345" x="178" y="178" width="24" height="15"/>
    <SubTexture name="SPAM_RearrangedBitmap8307186886" x="178" y="178" width="24" height="15"/>
    <SubTexture name="SPAM_RearrangedBitmap8472535027" x="178" y="178" width="24" height="15"/>
    <SubTexture name="SPAM_RearrangedBitmap8653180432" x="423" y="86" width="29" height="59"/>
    <SubTexture name="SPAM_RearrangedBitmap9443806021" x="278" y="290" width="72" height="72"/>
    <SubTexture name="SPAM_RearrangedBitmap9645380225" x="458" y="454" width="39" height="29"/>
    <SubTexture name="SPAM_RearrangedBitmap9943812345" x="395" y="404" width="61" height="73"/>
    <SubTexture name="SPAM_RearrangedBitmap9992403159" x="2" y="413" width="162" height="93"/>
</TextureAtlas>
