<?xml version="1.0" encoding="UTF-8"?>
<!-- Created with TexturePacker http://www.codeandweb.com/texturepacker-->
<!-- $TexturePacker:SmartUpdate:e1e2b22597b900ad5ea3740991746947:fd12f76108c191e9305104a27d1125b3:fcca021f53fa6c12e55db12ab7a7a544$ -->
<TextureAtlas imagePath="1161_dragon_luminiscent_c_1_HD_tweened_dxt5.dds" scale="0.873046875">
    <SubTexture name="SPAM_RearrangedBitmap1006995913" x="1001" y="543" width="15" height="24"/>
    <SubTexture name="SPAM_RearrangedBitmap1014470135" x="501" y="881" width="31" height="31" frameX="-2" frameY="-2" frameWidth="37" frameHeight="37"/>
    <SubTexture name="SPAM_RearrangedBitmap101465877" x="595" y="941" width="29" height="27" frameX="-3" frameY="-3" frameWidth="35" frameHeight="35"/>
    <SubTexture name="SPAM_RearrangedBitmap1026128579" x="590" y="1001" width="31" height="20"/>
    <SubTexture name="SPAM_RearrangedBitmap1101841976" x="377" y="1012" width="34" height="7"/>
    <SubTexture name="SPAM_RearrangedBitmap1236621671" x="365" y="848" width="33" height="35" frameX="-6" frameY="-2" frameWidth="43" frameHeight="43"/>
    <SubTexture name="SPAM_RearrangedBitmap1490119599" x="316" y="926" width="37" height="37" frameX="-4" frameY="-1" frameWidth="43" frameHeight="43"/>
    <SubTexture name="SPAM_RearrangedBitmap1549834912" x="1016" y="73" width="6" height="12"/>
    <SubTexture name="SPAM_RearrangedBitmap1617730449" x="2" y="1020" width="1" height="1" frameX="0" frameY="0" frameWidth="26" frameHeight="26"/>
    <SubTexture name="SPAM_RearrangedBitmap1644426770" x="682" y="930" width="26" height="26" frameX="-2" frameY="-1" frameWidth="30" frameHeight="30"/>
    <SubTexture name="SPAM_RearrangedBitmap1663709825" x="597" y="848" width="29" height="29" frameX="-4" frameY="-2" frameWidth="35" frameHeight="35"/>
    <SubTexture name="SPAM_RearrangedBitmap1671734047" x="286" y="970" width="34" height="8"/>
    <SubTexture name="SPAM_RearrangedBitmap1760720046" x="1001" y="495" width="20" height="20" frameX="-2" frameY="-2" frameWidth="26" frameHeight="26"/>
    <SubTexture name="SPAM_RearrangedBitmap1791443364" x="483" y="914" width="31" height="31" frameX="-2" frameY="-2" frameWidth="37" frameHeight="37"/>
    <SubTexture name="SPAM_RearrangedBitmap1817687916" x="1001" y="495" width="20" height="20" frameX="-2" frameY="-2" frameWidth="26" frameHeight="26"/>
    <SubTexture name="SPAM_RearrangedBitmap1894464784" x="378" y="885" width="22" height="34"/>
    <SubTexture name="SPAM_RearrangedBitmap2111798062" x="658" y="665" width="22" height="22" frameX="-1" frameY="-1" frameWidth="26" frameHeight="26"/>
    <SubTexture name="SPAM_RearrangedBitmap2224299924" x="2" y="1020" width="1" height="1" frameX="0" frameY="0" frameWidth="26" frameHeight="26"/>
    <SubTexture name="SPAM_RearrangedBitmap2229528892" x="596" y="879" width="29" height="29" frameX="-4" frameY="-2" frameWidth="35" frameHeight="35"/>
    <SubTexture name="SPAM_RearrangedBitmap2254443403" x="666" y="902" width="26" height="26" frameX="-2" frameY="-1" frameWidth="30" frameHeight="30"/>
    <SubTexture name="SPAM_RearrangedBitmap2542424683" x="658" y="641" width="22" height="22" frameX="-1" frameY="-1" frameWidth="26" frameHeight="26"/>
    <SubTexture name="SPAM_RearrangedBitmap2598305085" x="1001" y="473" width="20" height="20" frameX="-2" frameY="-2" frameWidth="26" frameHeight="26"/>
    <SubTexture name="SPAM_RearrangedBitmap2689846847" x="578" y="910" width="29" height="29" frameX="-4" frameY="-2" frameWidth="35" frameHeight="35"/>
    <SubTexture name="SPAM_RearrangedBitmap2765236914" x="627" y="879" width="27" height="27" frameX="-4" frameY="-3" frameWidth="37" frameHeight="37"/>
    <SubTexture name="SPAM_RearrangedBitmap2858406946" x="564" y="941" width="29" height="29" frameX="-4" frameY="-2" frameWidth="35" frameHeight="35"/>
    <SubTexture name="SPAM_RearrangedBitmap2882289824" x="559" y="976" width="29" height="29" frameX="-4" frameY="-2" frameWidth="35" frameHeight="35"/>
    <SubTexture name="SPAM_RearrangedBitmap2943053712" x="976" y="2" width="43" height="35"/>
    <SubTexture name="SPAM_RearrangedBitmap2950249609" x="2" y="1020" width="1" height="1" frameX="0" frameY="0" frameWidth="37" frameHeight="37"/>
    <SubTexture name="SPAM_RearrangedBitmap2989518749" x="976" y="242" width="35" height="37" frameX="-5" frameY="-1" frameWidth="43" frameHeight="43"/>
    <SubTexture name="SPAM_RearrangedBitmap3075358096" x="2" y="1020" width="1" height="1" frameX="0" frameY="0" frameWidth="35" frameHeight="35"/>
    <SubTexture name="SPAM_RearrangedBitmap3135387328" x="658" y="617" width="22" height="22" frameX="-1" frameY="-1" frameWidth="26" frameHeight="26"/>
    <SubTexture name="SPAM_RearrangedBitmap3144694356" x="502" y="848" width="31" height="29" frameX="-2" frameY="-2" frameWidth="35" frameHeight="35"/>
    <SubTexture name="SPAM_RearrangedBitmap3169798223" x="566" y="848" width="29" height="29" frameX="-4" frameY="-2" frameWidth="35" frameHeight="35"/>
    <SubTexture name="SPAM_RearrangedBitmap3277260825" x="2" y="2" width="328" height="421" frameX="-20" frameY="-1" frameWidth="372" frameHeight="457"/>
    <SubTexture name="SPAM_RearrangedBitmap3345554134" x="565" y="879" width="29" height="29" frameX="-4" frameY="-2" frameWidth="35" frameHeight="35"/>
    <SubTexture name="SPAM_RearrangedBitmap3398388945" x="469" y="947" width="31" height="29" frameX="-2" frameY="-3" frameWidth="37" frameHeight="37"/>
    <SubTexture name="SPAM_RearrangedBitmap3672508151" x="227" y="931" width="48" height="48"/>
    <SubTexture name="SPAM_RearrangedBitmap3701877959" x="710" y="930" width="24" height="24" frameX="-4" frameY="-2" frameWidth="30" frameHeight="30"/>
    <SubTexture name="SPAM_RearrangedBitmap3758818261" x="654" y="2" width="320" height="421" frameX="-20" frameY="-1" frameWidth="364" frameHeight="457"/>
    <SubTexture name="SPAM_RearrangedBitmap3794880535" x="547" y="910" width="29" height="29" frameX="-3" frameY="-2" frameWidth="35" frameHeight="35"/>
    <SubTexture name="SPAM_RearrangedBitmap3944694877" x="343" y="848" width="20" height="36"/>
    <SubTexture name="SPAM_RearrangedBitmap3996843562" x="343" y="886" width="33" height="35" frameX="-6" frameY="-2" frameWidth="43" frameHeight="43"/>
    <SubTexture name="SPAM_RearrangedBitmap4013989714" x="286" y="970" width="34" height="8"/>
    <SubTexture name="SPAM_RearrangedBitmap4041788806" x="656" y="874" width="26" height="26" frameX="-3" frameY="-1" frameWidth="30" frameHeight="30"/>
    <SubTexture name="SPAM_RearrangedBitmap4077509624" x="322" y="965" width="34" height="13"/>
    <SubTexture name="SPAM_RearrangedBitmap4195946268" x="699" y="992" width="26" height="26" frameX="-2" frameY="-1" frameWidth="30" frameHeight="30"/>
    <SubTexture name="SPAM_RearrangedBitmap4326876870" x="172" y="848" width="130" height="81" frameX="0" frameY="0" frameWidth="132" frameHeight="85"/>
    <SubTexture name="SPAM_RearrangedBitmap4381861515" x="464" y="978" width="31" height="31" frameX="-2" frameY="-2" frameWidth="37" frameHeight="37"/>
    <SubTexture name="SPAM_RearrangedBitmap4404793913" x="706" y="958" width="25" height="25" frameX="-6" frameY="-4" frameWidth="35" frameHeight="35"/>
    <SubTexture name="SPAM_RearrangedBitmap4482183566" x="304" y="887" width="37" height="37" frameX="-1" frameY="-2" frameWidth="43" frameHeight="43"/>
    <SubTexture name="SPAM_RearrangedBitmap4513256437" x="533" y="945" width="29" height="29" frameX="-4" frameY="-2" frameWidth="35" frameHeight="35"/>
    <SubTexture name="SPAM_RearrangedBitmap4545981985" x="658" y="593" width="22" height="22" frameX="-1" frameY="-1" frameWidth="26" frameHeight="26"/>
    <SubTexture name="SPAM_RearrangedBitmap4598264762" x="277" y="970" width="7" height="9"/>
    <SubTexture name="SPAM_RearrangedBitmap4750249464" x="1001" y="451" width="20" height="20" frameX="-2" frameY="-2" frameWidth="26" frameHeight="26"/>
    <SubTexture name="SPAM_RearrangedBitmap4757443929" x="2" y="1020" width="1" height="1" frameX="0" frameY="0" frameWidth="30" frameHeight="30"/>
    <SubTexture name="SPAM_RearrangedBitmap4807071897" x="694" y="904" width="24" height="24" frameX="-3" frameY="-2" frameWidth="30" frameHeight="30"/>
    <SubTexture name="SPAM_RearrangedBitmap4818015480" x="658" y="569" width="22" height="22" frameX="-5" frameY="-3" frameWidth="30" frameHeight="30"/>
    <SubTexture name="SPAM_RearrangedBitmap4857089301" x="609" y="910" width="27" height="27" frameX="-5" frameY="-3" frameWidth="35" frameHeight="35"/>
    <SubTexture name="SPAM_RearrangedBitmap4930492904" x="658" y="569" width="22" height="22" frameX="-5" frameY="-3" frameWidth="30" frameHeight="30"/>
    <SubTexture name="SPAM_RearrangedBitmap4950982043" x="2" y="1020" width="1" height="1" frameX="0" frameY="0" frameWidth="43" frameHeight="43"/>
    <SubTexture name="SPAM_RearrangedBitmap5034862617" x="710" y="852" width="24" height="24" frameX="-4" frameY="-2" frameWidth="30" frameHeight="30"/>
    <SubTexture name="SPAM_RearrangedBitmap5076510266" x="469" y="848" width="31" height="31" frameX="-7" frameY="-4" frameWidth="43" frameHeight="43"/>
    <SubTexture name="SPAM_RearrangedBitmap5170154071" x="658" y="545" width="22" height="22" frameX="-1" frameY="-1" frameWidth="26" frameHeight="26"/>
    <SubTexture name="SPAM_RearrangedBitmap5197288459" x="528" y="978" width="29" height="29" frameX="-3" frameY="-3" frameWidth="37" frameHeight="37"/>
    <SubTexture name="SPAM_RearrangedBitmap5265554453" x="355" y="923" width="27" height="34"/>
    <SubTexture name="SPAM_RearrangedBitmap5285004386" x="976" y="203" width="35" height="37" frameX="-5" frameY="-1" frameWidth="43" frameHeight="43"/>
    <SubTexture name="SPAM_RearrangedBitmap5300803008" x="706" y="958" width="25" height="25" frameX="-6" frameY="-4" frameWidth="35" frameHeight="35"/>
    <SubTexture name="SPAM_RearrangedBitmap5371677498" x="2" y="1020" width="1" height="1" frameX="0" frameY="0" frameWidth="30" frameHeight="30"/>
    <SubTexture name="SPAM_RearrangedBitmap5377896167" x="304" y="848" width="37" height="37" frameX="-3" frameY="-1" frameWidth="43" frameHeight="43"/>
    <SubTexture name="SPAM_RearrangedBitmap5402668388" x="678" y="964" width="26" height="26" frameX="-2" frameY="-1" frameWidth="30" frameHeight="30"/>
    <SubTexture name="SPAM_RearrangedBitmap5556315498" x="358" y="959" width="16" height="18"/>
    <SubTexture name="SPAM_RearrangedBitmap5584909574" x="330" y="425" width="326" height="421" frameX="-20" frameY="-1" frameWidth="370" frameHeight="457"/>
    <SubTexture name="SPAM_RearrangedBitmap5586642213" x="694" y="878" width="24" height="24" frameX="-4" frameY="-2" frameWidth="30" frameHeight="30"/>
    <SubTexture name="SPAM_RearrangedBitmap5603749268" x="976" y="73" width="38" height="24"/>
    <SubTexture name="SPAM_RearrangedBitmap5670693666" x="172" y="981" width="37" height="38" frameX="0" frameY="0" frameWidth="37" frameHeight="50"/>
    <SubTexture name="SPAM_RearrangedBitmap5756008448" x="365" y="1012" width="10" height="10"/>
    <SubTexture name="SPAM_RearrangedBitmap5760018857" x="468" y="881" width="31" height="31" frameX="-2" frameY="-2" frameWidth="37" frameHeight="37"/>
    <SubTexture name="SPAM_RearrangedBitmap5775007928" x="621" y="970" width="27" height="27" frameX="-4" frameY="-3" frameWidth="37" frameHeight="37"/>
    <SubTexture name="SPAM_RearrangedBitmap5862675927" x="1001" y="429" width="20" height="20" frameX="-2" frameY="-2" frameWidth="26" frameHeight="26"/>
    <SubTexture name="SPAM_RearrangedBitmap5947550568" x="658" y="521" width="22" height="22" frameX="-1" frameY="-1" frameWidth="26" frameHeight="26"/>
    <SubTexture name="SPAM_RearrangedBitmap6166390137" x="535" y="848" width="29" height="29" frameX="-4" frameY="-2" frameWidth="35" frameHeight="35"/>
    <SubTexture name="SPAM_RearrangedBitmap6174674327" x="658" y="497" width="22" height="22" frameX="-1" frameY="-1" frameWidth="26" frameHeight="26"/>
    <SubTexture name="SPAM_RearrangedBitmap618447795" x="654" y="936" width="26" height="26" frameX="-2" frameY="-1" frameWidth="30" frameHeight="30"/>
    <SubTexture name="SPAM_RearrangedBitmap6244272971" x="658" y="473" width="22" height="22" frameX="-1" frameY="-1" frameWidth="26" frameHeight="26"/>
    <SubTexture name="SPAM_RearrangedBitmap6292116069" x="976" y="392" width="35" height="35" frameX="-5" frameY="-3" frameWidth="43" frameHeight="43"/>
    <SubTexture name="SPAM_RearrangedBitmap6413044178" x="450" y="914" width="31" height="31" frameX="-2" frameY="-2" frameWidth="37" frameHeight="37"/>
    <SubTexture name="SPAM_RearrangedBitmap6511328016" x="976" y="355" width="35" height="35" frameX="-5" frameY="-3" frameWidth="43" frameHeight="43"/>
    <SubTexture name="SPAM_RearrangedBitmap6576889203" x="227" y="931" width="48" height="48"/>
    <SubTexture name="SPAM_RearrangedBitmap6601560834" x="431" y="978" width="31" height="31" frameX="-2" frameY="-2" frameWidth="37" frameHeight="37"/>
    <SubTexture name="SPAM_RearrangedBitmap660654836" x="289" y="980" width="37" height="37" frameX="-4" frameY="-1" frameWidth="43" frameHeight="43"/>
    <SubTexture name="SPAM_RearrangedBitmap6614714115" x="2" y="1020" width="1" height="1" frameX="0" frameY="0" frameWidth="37" frameHeight="37"/>
    <SubTexture name="SPAM_RearrangedBitmap663513224" x="976" y="164" width="35" height="37" frameX="-5" frameY="-1" frameWidth="43" frameHeight="43"/>
    <SubTexture name="SPAM_RearrangedBitmap6635639284" x="436" y="848" width="31" height="31" frameX="-2" frameY="-2" frameWidth="37" frameHeight="37"/>
    <SubTexture name="SPAM_RearrangedBitmap669860168" x="2" y="425" width="326" height="421" frameX="-20" frameY="-1" frameWidth="370" frameHeight="457"/>
    <SubTexture name="SPAM_RearrangedBitmap6771352062" x="277" y="931" width="37" height="37" frameX="-4" frameY="-1" frameWidth="43" frameHeight="43"/>
    <SubTexture name="SPAM_RearrangedBitmap6801531251" x="376" y="959" width="10" height="6"/>
    <SubTexture name="SPAM_RearrangedBitmap6871806784" x="976" y="318" width="35" height="35" frameX="-5" frameY="-2" frameWidth="43" frameHeight="43"/>
    <SubTexture name="SPAM_RearrangedBitmap6983673924" x="727" y="985" width="89" height="24"/>
    <SubTexture name="SPAM_RearrangedBitmap7049435845" x="534" y="879" width="29" height="29" frameX="-3" frameY="-2" frameWidth="37" frameHeight="37"/>
    <SubTexture name="SPAM_RearrangedBitmap7054459868" x="658" y="449" width="22" height="22" frameX="-1" frameY="-1" frameWidth="26" frameHeight="26"/>
    <SubTexture name="SPAM_RearrangedBitmap7168624658" x="590" y="972" width="29" height="27" frameX="-3" frameY="-3" frameWidth="35" frameHeight="35"/>
    <SubTexture name="SPAM_RearrangedBitmap7172438546" x="516" y="914" width="29" height="29" frameX="-4" frameY="-2" frameWidth="35" frameHeight="35"/>
    <SubTexture name="SPAM_RearrangedBitmap7254942924" x="658" y="425" width="22" height="22" frameX="-1" frameY="-1" frameWidth="26" frameHeight="26"/>
    <SubTexture name="SPAM_RearrangedBitmap7366958215" x="671" y="995" width="26" height="26" frameX="-2" frameY="-1" frameWidth="30" frameHeight="30"/>
    <SubTexture name="SPAM_RearrangedBitmap7387235996" x="976" y="281" width="35" height="35" frameX="-5" frameY="-3" frameWidth="43" frameHeight="43"/>
    <SubTexture name="SPAM_RearrangedBitmap7419318374" x="400" y="848" width="34" height="31"/>
    <SubTexture name="SPAM_RearrangedBitmap7592890683" x="2" y="1020" width="1" height="1" frameX="0" frameY="0" frameWidth="35" frameHeight="35"/>
    <SubTexture name="SPAM_RearrangedBitmap7775137272" x="435" y="881" width="31" height="31" frameX="-2" frameY="-2" frameWidth="37" frameHeight="37"/>
    <SubTexture name="SPAM_RearrangedBitmap7873744272" x="647" y="999" width="22" height="22" frameX="-1" frameY="-1" frameWidth="26" frameHeight="26"/>
    <SubTexture name="SPAM_RearrangedBitmap7895575093" x="682" y="429" width="317" height="421" frameX="-20" frameY="-1" frameWidth="361" frameHeight="457"/>
    <SubTexture name="SPAM_RearrangedBitmap7955171125" x="502" y="947" width="29" height="29" frameX="-3" frameY="-3" frameWidth="37" frameHeight="37"/>
    <SubTexture name="SPAM_RearrangedBitmap7958808049" x="684" y="852" width="24" height="24" frameX="-4" frameY="-2" frameWidth="30" frameHeight="30"/>
    <SubTexture name="SPAM_RearrangedBitmap8004335264" x="417" y="914" width="31" height="31" frameX="-2" frameY="-2" frameWidth="37" frameHeight="37"/>
    <SubTexture name="SPAM_RearrangedBitmap8116173854" x="656" y="848" width="24" height="24" frameX="-4" frameY="-2" frameWidth="30" frameHeight="30"/>
    <SubTexture name="SPAM_RearrangedBitmap8126970198" x="976" y="39" width="41" height="32"/>
    <SubTexture name="SPAM_RearrangedBitmap8128069724" x="1014" y="112" width="7" height="7"/>
    <SubTexture name="SPAM_RearrangedBitmap8204493345" x="402" y="881" width="31" height="31" frameX="-2" frameY="-2" frameWidth="37" frameHeight="37"/>
    <SubTexture name="SPAM_RearrangedBitmap8293605860" x="650" y="967" width="26" height="26" frameX="-3" frameY="-1" frameWidth="30" frameHeight="30"/>
    <SubTexture name="SPAM_RearrangedBitmap8307186886" x="398" y="978" width="31" height="31" frameX="-2" frameY="-2" frameWidth="37" frameHeight="37"/>
    <SubTexture name="SPAM_RearrangedBitmap8336675454" x="1014" y="99" width="8" height="11"/>
    <SubTexture name="SPAM_RearrangedBitmap8405129396" x="1001" y="517" width="18" height="24"/>
    <SubTexture name="SPAM_RearrangedBitmap8426723769" x="623" y="999" width="22" height="22" frameX="-1" frameY="-1" frameWidth="26" frameHeight="26"/>
    <SubTexture name="SPAM_RearrangedBitmap8449238453" x="172" y="931" width="53" height="48"/>
    <SubTexture name="SPAM_RearrangedBitmap8472535027" x="384" y="921" width="31" height="31" frameX="-2" frameY="-2" frameWidth="37" frameHeight="37"/>
    <SubTexture name="SPAM_RearrangedBitmap8479940241" x="436" y="947" width="31" height="29" frameX="-2" frameY="-2" frameWidth="35" frameHeight="35"/>
    <SubTexture name="SPAM_RearrangedBitmap8562457731" x="365" y="979" width="31" height="31" frameX="-2" frameY="-1" frameWidth="37" frameHeight="37"/>
    <SubTexture name="SPAM_RearrangedBitmap8653180432" x="682" y="429" width="317" height="421" frameX="-20" frameY="-1" frameWidth="361" frameHeight="457"/>
    <SubTexture name="SPAM_RearrangedBitmap8675219422" x="412" y="954" width="22" height="22" frameX="-1" frameY="-1" frameWidth="26" frameHeight="26"/>
    <SubTexture name="SPAM_RearrangedBitmap8695154848" x="250" y="981" width="37" height="37" frameX="-3" frameY="-1" frameWidth="43" frameHeight="43"/>
    <SubTexture name="SPAM_RearrangedBitmap9133181788" x="332" y="2" width="320" height="421" frameX="-20" frameY="-1" frameWidth="364" frameHeight="457"/>
    <SubTexture name="SPAM_RearrangedBitmap9280296696" x="211" y="981" width="37" height="37" frameX="-4" frameY="-1" frameWidth="43" frameHeight="43"/>
    <SubTexture name="SPAM_RearrangedBitmap9346440113" x="638" y="908" width="26" height="26" frameX="-2" frameY="-1" frameWidth="30" frameHeight="30"/>
    <SubTexture name="SPAM_RearrangedBitmap9443806021" x="2" y="1020" width="1" height="1" frameX="0" frameY="0" frameWidth="43" frameHeight="43"/>
    <SubTexture name="SPAM_RearrangedBitmap9487388886" x="626" y="939" width="26" height="26" frameX="-2" frameY="-1" frameWidth="30" frameHeight="30"/>
    <SubTexture name="SPAM_RearrangedBitmap9496328720" x="976" y="125" width="35" height="37" frameX="-5" frameY="-1" frameWidth="43" frameHeight="43"/>
    <SubTexture name="SPAM_RearrangedBitmap9515918734" x="497" y="978" width="29" height="29" frameX="-4" frameY="-2" frameWidth="35" frameHeight="35"/>
    <SubTexture name="SPAM_RearrangedBitmap9645380225" x="328" y="980" width="35" height="37" frameX="-5" frameY="-1" frameWidth="43" frameHeight="43"/>
    <SubTexture name="SPAM_RearrangedBitmap9649242495" x="2" y="848" width="168" height="170" frameX="-1" frameY="0" frameWidth="178" frameHeight="178"/>
    <SubTexture name="SPAM_RearrangedBitmap9778228021" x="469" y="848" width="31" height="31" frameX="-7" frameY="-4" frameWidth="43" frameHeight="43"/>
    <SubTexture name="SPAM_RearrangedBitmap9794510304" x="388" y="954" width="22" height="22" frameX="-1" frameY="-1" frameWidth="26" frameHeight="26"/>
    <SubTexture name="SPAM_RearrangedBitmap9909991126" x="628" y="848" width="26" height="26" frameX="-3" frameY="-1" frameWidth="30" frameHeight="30"/>
    <SubTexture name="SPAM_RearrangedBitmap9943812345" x="322" y="965" width="34" height="13"/>
    <SubTexture name="SPAM_RearrangedBitmap9992403159" x="976" y="99" width="36" height="24"/>
</TextureAtlas>
