<?xml version="1.0" encoding="UTF-8"?>
<!-- Created with TexturePacker http://www.codeandweb.com/texturepacker-->
<!-- $TexturePacker:SmartUpdate:df664ccefa93cb8e1a941e5abce95610:bf8105bf8f2993c2092386b3d219fa27:069626f4fcf559941f4366ae057b5608$ -->
<TextureAtlas imagePath="1161_dragon_luminiscent_c_1_HD_tweened_dxt5_map.dds" scale="1.74609375">
    <SubTexture name="SPAM_RearrangedBitmap1006995913" x="218" y="123" width="31" height="48"/>
    <SubTexture name="SPAM_RearrangedBitmap1026128579" x="100" y="167" width="62" height="41"/>
    <SubTexture name="SPAM_RearrangedBitmap1549834912" x="242" y="173" width="12" height="24"/>
    <SubTexture name="SPAM_RearrangedBitmap1894464784" x="171" y="103" width="45" height="69"/>
    <SubTexture name="SPAM_RearrangedBitmap2943053712" x="110" y="2" width="87" height="71"/>
    <SubTexture name="SPAM_RearrangedBitmap3944694877" x="164" y="174" width="41" height="73"/>
    <SubTexture name="SPAM_RearrangedBitmap4013989714" x="77" y="210" width="69" height="17"/>
    <SubTexture name="SPAM_RearrangedBitmap4077509624" x="110" y="75" width="69" height="26"/>
    <SubTexture name="SPAM_RearrangedBitmap4598264762" x="77" y="229" width="15" height="19"/>
    <SubTexture name="SPAM_RearrangedBitmap5265554453" x="199" y="2" width="54" height="69"/>
    <SubTexture name="SPAM_RearrangedBitmap5556315498" x="207" y="174" width="33" height="36"/>
    <SubTexture name="SPAM_RearrangedBitmap5756008448" x="207" y="212" width="20" height="20"/>
    <SubTexture name="SPAM_RearrangedBitmap6576889203" x="2" y="101" width="96" height="97"/>
    <SubTexture name="SPAM_RearrangedBitmap6801531251" x="207" y="234" width="20" height="13"/>
    <SubTexture name="SPAM_RearrangedBitmap7419318374" x="100" y="103" width="69" height="62"/>
    <SubTexture name="SPAM_RearrangedBitmap8128069724" x="181" y="75" width="15" height="15"/>
    <SubTexture name="SPAM_RearrangedBitmap8336675454" x="199" y="73" width="17" height="22"/>
    <SubTexture name="SPAM_RearrangedBitmap8405129396" x="218" y="73" width="36" height="48"/>
    <SubTexture name="SPAM_RearrangedBitmap8449238453" x="2" y="2" width="106" height="97"/>
    <SubTexture name="SPAM_RearrangedBitmap9992403159" x="2" y="200" width="73" height="48"/>
</TextureAtlas>
