<?xml version="1.0" encoding="UTF-8"?>
<!-- Created with TexturePacker http://www.codeandweb.com/texturepacker-->
<!-- $TexturePacker:SmartUpdate:d0b8f85dbcd00560faf1f9fb0c92342d:7efb8a10e12fa307681d22df75d96d69:34d7dc23321d76c7f47dd4ce77cd2e8c$ -->
<TextureAtlas imagePath="1889_dragon_frostling_3_HD_tweened_dxt5.dds" scale="0.7734375">
    <SubTexture name="SPAM_RearrangedBitmap1101841976_fx" x="243" y="1008" width="15" height="11" frameX="0" frameY="0" frameWidth="17" frameHeight="13"/>
    <SubTexture name="SPAM_RearrangedBitmap1671734047_fx" x="980" y="192" width="40" height="22" frameX="-4" frameY="-1" frameWidth="52" frameHeight="36"/>
    <SubTexture name="SPAM_RearrangedBitmap1894464784_fx" x="191" y="1008" width="16" height="11" frameX="0" frameY="0" frameWidth="18" frameHeight="13"/>
    <SubTexture name="SPAM_RearrangedBitmap2943053712" x="980" y="160" width="6" height="20"/>
    <SubTexture name="SPAM_RearrangedBitmap3277260825_fx" x="47" y="997" width="16" height="25"/>
    <SubTexture name="SPAM_RearrangedBitmap3672508151_fx" x="226" y="1008" width="15" height="11" frameX="0" frameY="0" frameWidth="17" frameHeight="13"/>
    <SubTexture name="SPAM_RearrangedBitmap3944694877_fx" x="983" y="507" width="18" height="13" frameX="0" frameY="0" frameWidth="20" frameHeight="15"/>
    <SubTexture name="SPAM_RearrangedBitmap4456335529_fx" x="980" y="182" width="2" height="3" frameX="-26" frameY="-12" frameWidth="50" frameHeight="27"/>
    <SubTexture name="SPAM_RearrangedBitmap5516101102_fx" x="139" y="865" width="30" height="17" frameX="-9" frameY="-4" frameWidth="50" frameHeight="29"/>
    <SubTexture name="SPAM_RearrangedBitmap5603749268_fx" x="102" y="567" width="13" height="10" frameX="0" frameY="0" frameWidth="15" frameHeight="12"/>
    <SubTexture name="SPAM_RearrangedBitmap5670693666_fx" x="139" y="904" width="19" height="17"/>
    <SubTexture name="SPAM_RearrangedBitmap595760024_fx" x="2" y="997" width="43" height="25" frameX="-4" frameY="-2" frameWidth="53" frameHeight="35"/>
    <SubTexture name="SPAM_RearrangedBitmap6576889203_fx" x="337" y="875" width="45" height="28" frameX="-2" frameY="-2" frameWidth="53" frameHeight="38"/>
    <SubTexture name="SPAM_RearrangedBitmap669860168_fx" x="65" y="997" width="17" height="24"/>
    <SubTexture name="SPAM_RearrangedBitmap6983673924" x="24" y="570" width="8" height="6"/>
    <SubTexture name="SPAM_RearrangedBitmap7419318374_fx" x="209" y="1008" width="15" height="11" frameX="0" frameY="0" frameWidth="17" frameHeight="13"/>
    <SubTexture name="SPAM_RearrangedBitmap7895575093_fx" x="139" y="923" width="17" height="19"/>
    <SubTexture name="SPAM_RearrangedBitmap8126970198_fx" x="173" y="1008" width="16" height="13"/>
    <SubTexture name="SPAM_RearrangedBitmap8405129396_fx" x="1003" y="507" width="17" height="13" frameX="0" frameY="0" frameWidth="19" frameHeight="15"/>
    <SubTexture name="SPAM_RearrangedBitmap9133181788_fx" x="84" y="997" width="19" height="22"/>
    <SubTexture name="SPAM_RearrangedBitmap9708525171_fx" x="139" y="884" width="20" height="18"/>
    <SubTexture name="SPAM_RearrangedBitmap9943812345_fx" x="912" y="500" width="35" height="20" frameX="-8" frameY="-1" frameWidth="51" frameHeight="32"/>
    <SubTexture name="SPAM_RearrangedBitmap9992403159_fx" x="547" y="856" width="47" height="29" frameX="-2" frameY="-1" frameWidth="55" frameHeight="37"/>
    <SubTexture name="layer_001_png" x="849" y="542" width="61" height="20"/>
    <SubTexture name="layer_002_png" x="988" y="99" width="34" height="91"/>
    <SubTexture name="layer_003_png" x="89" y="579" width="48" height="9"/>
    <SubTexture name="layer_004_png" x="161" y="884" width="10" height="65"/>
    <SubTexture name="layer_005_png" x="477" y="967" width="15" height="50"/>
    <SubTexture name="layer_006_png" x="950" y="315" width="19" height="86"/>
    <SubTexture name="layer_007_png" x="827" y="780" width="64" height="26"/>
    <SubTexture name="layer_008_png" x="980" y="311" width="37" height="93"/>
    <SubTexture name="layer_009_png" x="396" y="967" width="9" height="55"/>
    <SubTexture name="layer_010_png" x="34" y="568" width="66" height="9"/>
    <SubTexture name="layer_011_png" x="547" y="906" width="44" height="17"/>
    <SubTexture name="layer_012_png" x="219" y="465" width="20" height="100"/>
    <SubTexture name="layer_013_png" x="2" y="465" width="85" height="101"/>
    <SubTexture name="layer_014_png" x="547" y="821" width="47" height="33"/>
    <SubTexture name="layer_015_png" x="547" y="821" width="47" height="33"/>
    <SubTexture name="layer_016_png" x="139" y="802" width="30" height="61"/>
    <SubTexture name="layer_017_png" x="732" y="818" width="140" height="99"/>
    <SubTexture name="layer_018_png" x="547" y="673" width="144" height="146"/>
    <SubTexture name="layer_019_png" x="405" y="579" width="85" height="94"/>
    <SubTexture name="layer_020_png" x="905" y="679" width="90" height="78"/>
    <SubTexture name="layer_021_png" x="732" y="982" width="43" height="34"/>
    <SubTexture name="layer_022_png" x="337" y="965" width="44" height="34"/>
    <SubTexture name="layer_023_png" x="703" y="542" width="144" height="157"/>
    <SubTexture name="layer_024_png" x="272" y="270" width="97" height="86"/>
    <SubTexture name="layer_025_png" x="585" y="579" width="91" height="85"/>
    <SubTexture name="layer_026_png" x="547" y="925" width="43" height="36"/>
    <SubTexture name="layer_027_png" x="337" y="836" width="45" height="37"/>
    <SubTexture name="layer_028_png" x="827" y="709" width="76" height="41"/>
    <SubTexture name="layer_029_png" x="950" y="406" width="71" height="99"/>
    <SubTexture name="layer_030_png" x="693" y="701" width="132" height="115"/>
    <SubTexture name="layer_031_png" x="375" y="2" width="328" height="279"/>
    <SubTexture name="layer_033_png" x="912" y="449" width="35" height="49"/>
    <SubTexture name="layer_033_png_" x="619" y="283" width="82" height="64"/>
    <SubTexture name="layer_034_png" x="337" y="793" width="65" height="41"/>
    <SubTexture name="layer_035_png" x="337" y="743" width="65" height="48"/>
    <SubTexture name="layer_035_png_" x="587" y="415" width="114" height="89"/>
    <SubTexture name="layer_036_png" x="173" y="744" width="162" height="262"/>
    <SubTexture name="layer_037_png" x="732" y="919" width="133" height="61"/>
    <SubTexture name="layer_037_png_" x="2" y="2" width="371" height="266"/>
    <SubTexture name="layer_038_png" x="619" y="349" width="78" height="64"/>
    <SubTexture name="layer_038_png_" x="703" y="315" width="245" height="132"/>
    <SubTexture name="layer_039_png" x="492" y="617" width="91" height="54"/>
    <SubTexture name="layer_040_png" x="407" y="967" width="68" height="54"/>
    <SubTexture name="layer_041_png" x="89" y="632" width="47" height="36"/>
    <SubTexture name="layer_042_png" x="705" y="2" width="281" height="156"/>
    <SubTexture name="layer_043_png" x="2" y="570" width="20" height="6"/>
    <SubTexture name="layer_044_png" x="949" y="507" width="32" height="13"/>
    <SubTexture name="layer_045_png" x="337" y="905" width="58" height="58"/>
    <SubTexture name="layer_046_png" x="587" y="506" width="92" height="71"/>
    <SubTexture name="layer_047_png" x="272" y="358" width="95" height="68"/>
    <SubTexture name="layer_049_png" x="893" y="759" width="127" height="80"/>
    <SubTexture name="layer_050_png" x="89" y="590" width="47" height="40"/>
    <SubTexture name="layer_051_png" x="89" y="590" width="47" height="40"/>
    <SubTexture name="layer_052_png" x="849" y="623" width="54" height="84"/>
    <SubTexture name="layer_053_png" x="912" y="522" width="107" height="155"/>
    <SubTexture name="layer_054_png" x="270" y="579" width="133" height="162"/>
    <SubTexture name="layer_055_png" x="492" y="522" width="91" height="93"/>
    <SubTexture name="layer_056_png" x="867" y="934" width="120" height="60"/>
    <SubTexture name="layer_056_png_" x="705" y="160" width="273" height="153"/>
    <SubTexture name="layer_057_png" x="139" y="744" width="32" height="56"/>
    <SubTexture name="layer_057_png_" x="874" y="841" width="139" height="91"/>
    <SubTexture name="layer_058_png" x="139" y="744" width="32" height="56"/>
    <SubTexture name="layer_058_png_" x="612" y="821" width="118" height="189"/>
    <SubTexture name="layer_059_png" x="270" y="579" width="133" height="162"/>
    <SubTexture name="layer_059_png_" x="494" y="967" width="116" height="43"/>
    <SubTexture name="layer_060_png" x="2" y="579" width="85" height="98"/>
    <SubTexture name="layer_060_png_" x="703" y="449" width="207" height="91"/>
    <SubTexture name="layer_061_png" x="366" y="522" width="124" height="55"/>
    <SubTexture name="layer_061_png_" x="371" y="283" width="246" height="129"/>
    <SubTexture name="layer_062_png" x="849" y="594" width="60" height="27"/>
    <SubTexture name="layer_062_png_" x="272" y="428" width="92" height="140"/>
    <SubTexture name="layer_063_png" x="849" y="564" width="60" height="28"/>
    <SubTexture name="layer_063_png_" x="2" y="679" width="135" height="316"/>
    <SubTexture name="layer_064_png" x="105" y="997" width="66" height="20"/>
    <SubTexture name="layer_064_png_" x="369" y="414" width="216" height="106"/>
    <SubTexture name="layer_065_png" x="988" y="2" width="34" height="95"/>
    <SubTexture name="layer_066_png" x="331" y="1008" width="52" height="8"/>
    <SubTexture name="layer_067_png" x="260" y="1008" width="69" height="10"/>
    <SubTexture name="layer_068_png" x="139" y="944" width="16" height="50"/>
    <SubTexture name="layer_069_png" x="241" y="465" width="19" height="93"/>
    <SubTexture name="layer_070_png" x="827" y="752" width="64" height="26"/>
    <SubTexture name="layer_071_png" x="980" y="216" width="37" height="93"/>
    <SubTexture name="layer_072_png" x="385" y="967" width="9" height="55"/>
    <SubTexture name="layer_073_png" x="384" y="836" width="9" height="66"/>
    <SubTexture name="layer_074_png" x="547" y="887" width="44" height="17"/>
    <SubTexture name="layer_075_png" x="681" y="506" width="20" height="100"/>
    <SubTexture name="layer_076_png" x="405" y="679" width="140" height="286"/>
    <SubTexture name="layer_088_png" x="139" y="567" width="129" height="175"/>
    <SubTexture name="layer_089_png" x="2" y="270" width="268" height="193"/>
    <SubTexture name="layer_092_png" x="89" y="465" width="128" height="100"/>
</TextureAtlas>
