<?xml version="1.0" encoding="UTF-8"?>
<!-- Created with TexturePacker http://www.codeandweb.com/texturepacker-->
<!-- $TexturePacker:SmartUpdate:e82cb333741e0640203366b7b809baf2:217f90a20556e529a33b2b18c2911688:d73b0ef1e3b931fa631afd56904a52b1$ -->
<TextureAtlas imagePath="1889_dragon_frostling_3_HD_tweened_dxt5_map.dds" scale="0.392150878906">
    <SubTexture name="layer_001_png" x="71" y="493" width="31" height="10"/>
    <SubTexture name="layer_002_png" x="446" y="425" width="17" height="46"/>
    <SubTexture name="layer_003_png" x="472" y="452" width="24" height="4"/>
    <SubTexture name="layer_004_png" x="465" y="423" width="5" height="33"/>
    <SubTexture name="layer_005_png" x="500" y="308" width="7" height="25"/>
    <SubTexture name="layer_006_png" x="461" y="378" width="9" height="43"/>
    <SubTexture name="layer_007_png" x="472" y="415" width="32" height="13"/>
    <SubTexture name="layer_008_png" x="407" y="463" width="18" height="47"/>
    <SubTexture name="layer_009_png" x="267" y="482" width="4" height="28"/>
    <SubTexture name="layer_010_png" x="183" y="506" width="33" height="4"/>
    <SubTexture name="layer_011_png" x="438" y="500" width="22" height="8"/>
    <SubTexture name="layer_012_png" x="500" y="256" width="10" height="50"/>
    <SubTexture name="layer_013_png" x="332" y="281" width="43" height="51"/>
    <SubTexture name="layer_014_png" x="481" y="133" width="24" height="16"/>
    <SubTexture name="layer_015_png" x="481" y="133" width="24" height="16"/>
    <SubTexture name="layer_016_png" x="170" y="139" width="15" height="30"/>
    <SubTexture name="layer_017_png" x="439" y="152" width="71" height="50"/>
    <SubTexture name="layer_018_png" x="72" y="417" width="73" height="74"/>
    <SubTexture name="layer_019_png" x="195" y="434" width="43" height="47"/>
    <SubTexture name="layer_020_png" x="465" y="336" width="45" height="39"/>
    <SubTexture name="layer_021_png" x="458" y="133" width="21" height="17"/>
    <SubTexture name="layer_022_png" x="297" y="181" width="22" height="17"/>
    <SubTexture name="layer_023_png" x="297" y="200" width="73" height="79"/>
    <SubTexture name="layer_024_png" x="377" y="280" width="49" height="43"/>
    <SubTexture name="layer_025_png" x="284" y="354" width="46" height="43"/>
    <SubTexture name="layer_026_png" x="465" y="458" width="21" height="18"/>
    <SubTexture name="layer_027_png" x="353" y="470" width="23" height="19"/>
    <SubTexture name="layer_028_png" x="240" y="459" width="38" height="21"/>
    <SubTexture name="layer_029_png" x="474" y="2" width="36" height="50"/>
    <SubTexture name="layer_030_png" x="2" y="444" width="67" height="58"/>
    <SubTexture name="layer_031_png" x="2" y="139" width="166" height="141"/>
    <SubTexture name="layer_033_png" x="438" y="473" width="18" height="25"/>
    <SubTexture name="layer_033_png_" x="240" y="425" width="41" height="32"/>
    <SubTexture name="layer_034_png" x="472" y="377" width="33" height="21"/>
    <SubTexture name="layer_035_png" x="477" y="85" width="33" height="24"/>
    <SubTexture name="layer_035_png_" x="401" y="378" width="58" height="45"/>
    <SubTexture name="layer_036_png" x="72" y="282" width="82" height="133"/>
    <SubTexture name="layer_037_png" x="332" y="386" width="67" height="31"/>
    <SubTexture name="layer_037_png_" x="2" y="2" width="188" height="135"/>
    <SubTexture name="layer_038_png" x="280" y="464" width="39" height="32"/>
    <SubTexture name="layer_038_png_" x="332" y="83" width="124" height="67"/>
    <SubTexture name="layer_039_png" x="284" y="399" width="46" height="27"/>
    <SubTexture name="layer_040_png" x="147" y="483" width="34" height="27"/>
    <SubTexture name="layer_041_png" x="321" y="486" width="23" height="18"/>
    <SubTexture name="layer_042_png" x="330" y="2" width="142" height="79"/>
    <SubTexture name="layer_043_png" x="321" y="464" width="10" height="3"/>
    <SubTexture name="layer_044_png" x="2" y="504" width="16" height="6"/>
    <SubTexture name="layer_045_png" x="481" y="54" width="29" height="29"/>
    <SubTexture name="layer_046_png" x="398" y="425" width="46" height="36"/>
    <SubTexture name="layer_047_png" x="283" y="428" width="48" height="34"/>
    <SubTexture name="layer_049_png" x="399" y="336" width="64" height="40"/>
    <SubTexture name="layer_050_png" x="472" y="430" width="24" height="20"/>
    <SubTexture name="layer_051_png" x="472" y="430" width="24" height="20"/>
    <SubTexture name="layer_052_png" x="378" y="468" width="27" height="42"/>
    <SubTexture name="layer_053_png" x="372" y="200" width="54" height="78"/>
    <SubTexture name="layer_054_png" x="428" y="204" width="67" height="82"/>
    <SubTexture name="layer_055_png" x="147" y="434" width="46" height="47"/>
    <SubTexture name="layer_056_png" x="156" y="402" width="61" height="30"/>
    <SubTexture name="layer_056_png_" x="192" y="102" width="138" height="77"/>
    <SubTexture name="layer_057_png" x="243" y="482" width="16" height="28"/>
    <SubTexture name="layer_057_png_" x="428" y="288" width="70" height="46"/>
    <SubTexture name="layer_058_png" x="243" y="482" width="16" height="28"/>
    <SubTexture name="layer_058_png_" x="156" y="304" width="59" height="96"/>
    <SubTexture name="layer_059_png" x="428" y="204" width="67" height="82"/>
    <SubTexture name="layer_059_png_" x="183" y="483" width="58" height="21"/>
    <SubTexture name="layer_060_png" x="333" y="419" width="43" height="49"/>
    <SubTexture name="layer_060_png_" x="332" y="152" width="105" height="46"/>
    <SubTexture name="layer_061_png" x="219" y="395" width="63" height="28"/>
    <SubTexture name="layer_061_png_" x="170" y="181" width="125" height="65"/>
    <SubTexture name="layer_062_png" x="321" y="470" width="30" height="14"/>
    <SubTexture name="layer_062_png_" x="284" y="281" width="46" height="71"/>
    <SubTexture name="layer_063_png" x="104" y="493" width="30" height="14"/>
    <SubTexture name="layer_063_png_" x="2" y="282" width="68" height="160"/>
    <SubTexture name="layer_064_png" x="477" y="111" width="33" height="10"/>
    <SubTexture name="layer_064_png_" x="170" y="248" width="109" height="54"/>
    <SubTexture name="layer_065_png" x="458" y="83" width="17" height="48"/>
    <SubTexture name="layer_066_png" x="20" y="504" width="26" height="4"/>
    <SubTexture name="layer_067_png" x="377" y="325" width="35" height="5"/>
    <SubTexture name="layer_068_png" x="281" y="248" width="8" height="25"/>
    <SubTexture name="layer_069_png" x="427" y="463" width="9" height="47"/>
    <SubTexture name="layer_070_png" x="472" y="400" width="32" height="13"/>
    <SubTexture name="layer_071_png" x="378" y="419" width="18" height="47"/>
    <SubTexture name="layer_072_png" x="261" y="482" width="4" height="28"/>
    <SubTexture name="layer_073_png" x="506" y="400" width="4" height="33"/>
    <SubTexture name="layer_074_png" x="477" y="123" width="22" height="8"/>
    <SubTexture name="layer_075_png" x="497" y="204" width="10" height="50"/>
    <SubTexture name="layer_088_png" x="217" y="304" width="65" height="89"/>
    <SubTexture name="layer_089_png" x="192" y="2" width="136" height="98"/>
    <SubTexture name="layer_092_png" x="332" y="334" width="65" height="50"/>
</TextureAtlas>
