<?xml version="1.0" encoding="UTF-8"?>
<!-- Created with TexturePacker http://www.codeandweb.com/texturepacker-->
<!-- $TexturePacker:SmartUpdate:983e51c701bd31506d37536c7245bf0a:2e2e6bedac727099f9e174b42a283bcc:ebeb311d224c16cf0486e7134c48903a$ -->
<TextureAtlas imagePath="1040_dragon_dark_c_3_HD_tweened_dxt5.dds" scale="1.390625">
    <SubTexture name="SPAM_RearrangedBitmap1542957562" x="623" y="952" width="48" height="26"/>
    <SubTexture name="SPAM_RearrangedBitmap1671734047" x="376" y="387" width="254" height="109"/>
    <SubTexture name="SPAM_RearrangedBitmap2109201241" x="591" y="873" width="134" height="77"/>
    <SubTexture name="SPAM_RearrangedBitmap29130765" x="591" y="780" width="116" height="91"/>
    <SubTexture name="SPAM_RearrangedBitmap3277260825" x="2" y="503" width="344" height="501" frameX="-1" frameY="-1" frameWidth="350" frameHeight="507"/>
    <SubTexture name="SPAM_RearrangedBitmap3758818261" x="709" y="780" width="86" height="91"/>
    <SubTexture name="SPAM_RearrangedBitmap4013989714" x="797" y="780" width="84" height="91"/>
    <SubTexture name="SPAM_RearrangedBitmap4077509624" x="892" y="383" width="119" height="89"/>
    <SubTexture name="SPAM_RearrangedBitmap4326876870" x="966" y="329" width="48" height="26"/>
    <SubTexture name="SPAM_RearrangedBitmap4456335529" x="916" y="329" width="48" height="26"/>
    <SubTexture name="SPAM_RearrangedBitmap4482183566" x="863" y="329" width="51" height="52"/>
    <SubTexture name="SPAM_RearrangedBitmap5265554453" x="632" y="387" width="258" height="94"/>
    <SubTexture name="SPAM_RearrangedBitmap5516101102" x="916" y="329" width="48" height="26"/>
    <SubTexture name="SPAM_RearrangedBitmap5556315498" x="819" y="873" width="89" height="97"/>
    <SubTexture name="SPAM_RearrangedBitmap5584909574" x="591" y="498" width="419" height="280"/>
    <SubTexture name="SPAM_RearrangedBitmap5603749268" x="916" y="329" width="48" height="26"/>
    <SubTexture name="SPAM_RearrangedBitmap595760024" x="376" y="2" width="315" height="383"/>
    <SubTexture name="SPAM_RearrangedBitmap6576889203" x="727" y="873" width="90" height="97"/>
    <SubTexture name="SPAM_RearrangedBitmap669860168" x="2" y="2" width="372" height="499" frameX="0" frameY="-3" frameWidth="378" frameHeight="507"/>
    <SubTexture name="SPAM_RearrangedBitmap6983673924" x="591" y="952" width="30" height="62"/>
    <SubTexture name="SPAM_RearrangedBitmap7895575093" x="348" y="503" width="241" height="512" frameX="0" frameY="-1" frameWidth="247" frameHeight="518"/>
    <SubTexture name="SPAM_RearrangedBitmap8449238453" x="892" y="2" width="104" height="154"/>
    <SubTexture name="SPAM_RearrangedBitmap8653180432" x="910" y="868" width="66" height="86"/>
    <SubTexture name="SPAM_RearrangedBitmap9133181788" x="2" y="503" width="344" height="501" frameX="-1" frameY="-1" frameWidth="350" frameHeight="507"/>
    <SubTexture name="SPAM_RearrangedBitmap9649242495" x="863" y="158" width="133" height="169"/>
    <SubTexture name="SPAM_RearrangedBitmap9943812345" x="693" y="2" width="168" height="369"/>
    <SubTexture name="SPAM_RearrangedBitmap9992403159" x="883" y="780" width="66" height="86"/>
</TextureAtlas>
