<?xml version="1.0" encoding="UTF-8"?>
<!-- Created with TexturePacker http://www.codeandweb.com/texturepacker-->
<!-- $TexturePacker:SmartUpdate:d905c27936728094158b9a7fbbd12d8c:5639d3c1a2e3ed0bd5689d5eb8268306:b3772f432207da0525435ce23b858cc7$ -->
<TextureAtlas imagePath="1040_dragon_dark_c_3_HD_tweened_dxt5_map.dds" scale="0.964599609375">
    <SubTexture name="SPAM_RearrangedBitmap1542957562" x="476" y="42" width="33" height="18"/>
    <SubTexture name="SPAM_RearrangedBitmap1671734047" x="295" y="69" width="176" height="76"/>
    <SubTexture name="SPAM_RearrangedBitmap2109201241" x="222" y="456" width="93" height="54"/>
    <SubTexture name="SPAM_RearrangedBitmap29130765" x="424" y="325" width="81" height="63"/>
    <SubTexture name="SPAM_RearrangedBitmap3758818261" x="403" y="390" width="59" height="63"/>
    <SubTexture name="SPAM_RearrangedBitmap4013989714" x="340" y="398" width="58" height="63"/>
    <SubTexture name="SPAM_RearrangedBitmap4077509624" x="340" y="266" width="82" height="61"/>
    <SubTexture name="SPAM_RearrangedBitmap4326876870" x="476" y="22" width="33" height="18"/>
    <SubTexture name="SPAM_RearrangedBitmap4456335529" x="476" y="2" width="33" height="18"/>
    <SubTexture name="SPAM_RearrangedBitmap4482183566" x="473" y="107" width="35" height="36"/>
    <SubTexture name="SPAM_RearrangedBitmap5265554453" x="295" y="2" width="179" height="65"/>
    <SubTexture name="SPAM_RearrangedBitmap5516101102" x="476" y="2" width="33" height="18"/>
    <SubTexture name="SPAM_RearrangedBitmap5556315498" x="340" y="329" width="61" height="67"/>
    <SubTexture name="SPAM_RearrangedBitmap5584909574" x="2" y="2" width="291" height="194"/>
    <SubTexture name="SPAM_RearrangedBitmap5603749268" x="476" y="2" width="33" height="18"/>
    <SubTexture name="SPAM_RearrangedBitmap595760024" x="2" y="198" width="218" height="266"/>
    <SubTexture name="SPAM_RearrangedBitmap6576889203" x="434" y="256" width="62" height="67"/>
    <SubTexture name="SPAM_RearrangedBitmap6983673924" x="476" y="62" width="21" height="43"/>
    <SubTexture name="SPAM_RearrangedBitmap8449238453" x="434" y="147" width="72" height="107"/>
    <SubTexture name="SPAM_RearrangedBitmap8653180432" x="464" y="451" width="46" height="59"/>
    <SubTexture name="SPAM_RearrangedBitmap9649242495" x="340" y="147" width="92" height="117"/>
    <SubTexture name="SPAM_RearrangedBitmap9943812345" x="222" y="198" width="116" height="256"/>
    <SubTexture name="SPAM_RearrangedBitmap9992403159" x="464" y="390" width="46" height="59"/>
</TextureAtlas>
