<?xml version="1.0" encoding="UTF-8"?>
<!-- Created with TexturePacker http://www.codeandweb.com/texturepacker-->
<!-- $TexturePacker:SmartUpdate:24993294c490284891cba8b0c20fb59f:8b01ed712417ae7c0792656093fc5b05:116cda1968b6e59b008f4e085b4736e1$ -->
<TextureAtlas imagePath="1014_dragon_cloud_c_3_HD_tweened_dxt5.dds" scale="1.421875">
    <SubTexture name="SPAM_RearrangedBitmap1101841976" x="791" y="890" width="91" height="62"/>
    <SubTexture name="SPAM_RearrangedBitmap1542957562" x="453" y="917" width="115" height="96"/>
    <SubTexture name="SPAM_RearrangedBitmap1671734047" x="570" y="900" width="102" height="118"/>
    <SubTexture name="SPAM_RearrangedBitmap29130765" x="596" y="2" width="412" height="228"/>
    <SubTexture name="SPAM_RearrangedBitmap3277260825" x="2" y="773" width="166" height="163"/>
    <SubTexture name="SPAM_RearrangedBitmap3672508151" x="444" y="517" width="150" height="93"/>
    <SubTexture name="SPAM_RearrangedBitmap3758818261" x="97" y="612" width="69" height="154"/>
    <SubTexture name="SPAM_RearrangedBitmap4013989714" x="339" y="592" width="102" height="118"/>
    <SubTexture name="SPAM_RearrangedBitmap4077509624" x="335" y="929" width="116" height="88"/>
    <SubTexture name="SPAM_RearrangedBitmap4326876870" x="130" y="938" width="85" height="72"/>
    <SubTexture name="SPAM_RearrangedBitmap4456335529" x="560" y="773" width="109" height="125"/>
    <SubTexture name="SPAM_RearrangedBitmap4482183566" x="453" y="612" width="132" height="129"/>
    <SubTexture name="SPAM_RearrangedBitmap5265554453" x="596" y="232" width="410" height="243"/>
    <SubTexture name="SPAM_RearrangedBitmap5516101102" x="217" y="929" width="116" height="88"/>
    <SubTexture name="SPAM_RearrangedBitmap5556315498" x="596" y="477" width="375" height="294"/>
    <SubTexture name="SPAM_RearrangedBitmap5584909574" x="2" y="612" width="93" height="157"/>
    <SubTexture name="SPAM_RearrangedBitmap5603749268" x="2" y="369" width="440" height="221"/>
    <SubTexture name="SPAM_RearrangedBitmap5670693666" x="1010" y="2" width="11" height="31"/>
    <SubTexture name="SPAM_RearrangedBitmap595760024" x="674" y="890" width="115" height="115"/>
    <SubTexture name="SPAM_RearrangedBitmap6576889203" x="671" y="773" width="153" height="115"/>
    <SubTexture name="SPAM_RearrangedBitmap669860168" x="339" y="839" width="99" height="35"/>
    <SubTexture name="SPAM_RearrangedBitmap6983673924" x="973" y="490" width="25" height="15"/>
    <SubTexture name="SPAM_RearrangedBitmap7419318374" x="170" y="612" width="167" height="315"/>
    <SubTexture name="SPAM_RearrangedBitmap7895575093" x="450" y="743" width="61" height="22"/>
    <SubTexture name="SPAM_RearrangedBitmap8126970198" x="2" y="2" width="592" height="365"/>
    <SubTexture name="SPAM_RearrangedBitmap8449238453" x="826" y="773" width="183" height="108"/>
    <SubTexture name="SPAM_RearrangedBitmap8653180432" x="444" y="369" width="150" height="146"/>
    <SubTexture name="SPAM_RearrangedBitmap9133181788" x="339" y="876" width="85" height="31"/>
    <SubTexture name="SPAM_RearrangedBitmap9649242495" x="450" y="773" width="108" height="142"/>
    <SubTexture name="SPAM_RearrangedBitmap9708525171" x="973" y="477" width="28" height="11"/>
    <SubTexture name="SPAM_RearrangedBitmap9943812345" x="2" y="938" width="126" height="73"/>
    <SubTexture name="SPAM_RearrangedBitmap9992403159" x="339" y="712" width="109" height="125"/>
</TextureAtlas>
