<?xml version="1.0" encoding="UTF-8"?>
<!-- Created with TexturePacker http://www.codeandweb.com/texturepacker-->
<!-- $TexturePacker:SmartUpdate:0eeea649524f66d44be8f4ffe66b4d8f:1e027b32ad15d0c4e2753af777602808:3cfb36956c998daae15af12521f6e6f6$ -->
<TextureAtlas imagePath="1014_dragon_cloud_c_3_HD_tweened_dxt5_map.dds" scale="0.882934570312">
    <SubTexture name="SPAM_RearrangedBitmap1101841976" x="329" y="242" width="56" height="38"/>
    <SubTexture name="SPAM_RearrangedBitmap1671734047" x="173" y="437" width="63" height="73"/>
    <SubTexture name="SPAM_RearrangedBitmap29130765" x="2" y="141" width="256" height="142"/>
    <SubTexture name="SPAM_RearrangedBitmap3672508151" x="408" y="186" width="93" height="58"/>
    <SubTexture name="SPAM_RearrangedBitmap4013989714" x="108" y="437" width="63" height="73"/>
    <SubTexture name="SPAM_RearrangedBitmap4077509624" x="365" y="362" width="72" height="54"/>
    <SubTexture name="SPAM_RearrangedBitmap4456335529" x="439" y="362" width="67" height="77"/>
    <SubTexture name="SPAM_RearrangedBitmap5265554453" x="108" y="285" width="255" height="150"/>
    <SubTexture name="SPAM_RearrangedBitmap5516101102" x="329" y="186" width="72" height="54"/>
    <SubTexture name="SPAM_RearrangedBitmap5556315498" x="277" y="2" width="233" height="182"/>
    <SubTexture name="SPAM_RearrangedBitmap5603749268" x="2" y="2" width="273" height="137"/>
    <SubTexture name="SPAM_RearrangedBitmap595760024" x="335" y="437" width="71" height="71"/>
    <SubTexture name="SPAM_RearrangedBitmap6576889203" x="238" y="437" width="95" height="71"/>
    <SubTexture name="SPAM_RearrangedBitmap7419318374" x="2" y="285" width="104" height="196"/>
    <SubTexture name="SPAM_RearrangedBitmap8449238453" x="387" y="246" width="113" height="67"/>
    <SubTexture name="SPAM_RearrangedBitmap9943812345" x="408" y="315" width="78" height="45"/>
    <SubTexture name="SPAM_RearrangedBitmap9992403159" x="260" y="186" width="67" height="77"/>
</TextureAtlas>
