<?xml version="1.0" encoding="UTF-8"?>
<!-- Created with TexturePacker http://www.codeandweb.com/texturepacker-->
<!-- $TexturePacker:SmartUpdate:603a749049bf5c359ed6e8ba07e8f433:cc13514d661a25757f606f1e11a22e92:d5dbdea2964aef946ce13c51612f1c16$ -->
<TextureAtlas imagePath="1057_dragon_waterfall_c_3_HD_tweened_dxt5.dds" scale="1.046875">
    <SubTexture name="SPAM_RearrangedBitmap1006995913" x="260" y="476" width="70" height="27"/>
    <SubTexture name="SPAM_RearrangedBitmap1014470135" x="478" y="407" width="15" height="5"/>
    <SubTexture name="SPAM_RearrangedBitmap101465877" x="252" y="2" width="251" height="76"/>
    <SubTexture name="SPAM_RearrangedBitmap1026128579" x="188" y="461" width="70" height="27"/>
    <SubTexture name="SPAM_RearrangedBitmap1101841976" x="254" y="505" width="17" height="5"/>
    <SubTexture name="SPAM_RearrangedBitmap1236621671" x="450" y="234" width="15" height="5"/>
    <SubTexture name="SPAM_RearrangedBitmap1490119599" x="384" y="334" width="92" height="82"/>
    <SubTexture name="SPAM_RearrangedBitmap1542957562" x="128" y="495" width="40" height="13"/>
    <SubTexture name="SPAM_RearrangedBitmap1663709825" x="477" y="181" width="25" height="33"/>
    <SubTexture name="SPAM_RearrangedBitmap1671734047" x="370" y="270" width="12" height="5"/>
    <SubTexture name="SPAM_RearrangedBitmap1791443364" x="309" y="505" width="16" height="5"/>
    <SubTexture name="SPAM_RearrangedBitmap1894464784" x="254" y="505" width="17" height="5"/>
    <SubTexture name="SPAM_RearrangedBitmap2109201241" x="474" y="266" width="36" height="14"/>
    <SubTexture name="SPAM_RearrangedBitmap2229528892" x="450" y="199" width="25" height="33"/>
    <SubTexture name="SPAM_RearrangedBitmap2254443403" x="478" y="316" width="25" height="32"/>
    <SubTexture name="SPAM_RearrangedBitmap2689846847" x="254" y="505" width="17" height="5"/>
    <SubTexture name="SPAM_RearrangedBitmap2765236914" x="252" y="156" width="14" height="5"/>
    <SubTexture name="SPAM_RearrangedBitmap2858406946" x="211" y="490" width="41" height="16"/>
    <SubTexture name="SPAM_RearrangedBitmap2882289824" x="252" y="149" width="14" height="5"/>
    <SubTexture name="SPAM_RearrangedBitmap29130765" x="86" y="495" width="40" height="13"/>
    <SubTexture name="SPAM_RearrangedBitmap2943053712" x="384" y="249" width="88" height="83"/>
    <SubTexture name="SPAM_RearrangedBitmap2950249609" x="478" y="407" width="15" height="5"/>
    <SubTexture name="SPAM_RearrangedBitmap2989518749" x="370" y="263" width="12" height="5"/>
    <SubTexture name="SPAM_RearrangedBitmap3144694356" x="478" y="407" width="15" height="5"/>
    <SubTexture name="SPAM_RearrangedBitmap3169798223" x="44" y="495" width="40" height="13"/>
    <SubTexture name="SPAM_RearrangedBitmap3277260825" x="332" y="494" width="41" height="16"/>
    <SubTexture name="SPAM_RearrangedBitmap3345554134" x="474" y="250" width="36" height="14"/>
    <SubTexture name="SPAM_RearrangedBitmap3398388945" x="254" y="505" width="17" height="5"/>
    <SubTexture name="SPAM_RearrangedBitmap3672508151" x="450" y="241" width="13" height="5"/>
    <SubTexture name="SPAM_RearrangedBitmap3701877959" x="451" y="105" width="55" height="23"/>
    <SubTexture name="SPAM_RearrangedBitmap3758818261" x="128" y="495" width="40" height="13"/>
    <SubTexture name="SPAM_RearrangedBitmap3794880535" x="332" y="476" width="41" height="16"/>
    <SubTexture name="SPAM_RearrangedBitmap3944694877" x="450" y="164" width="25" height="33"/>
    <SubTexture name="SPAM_RearrangedBitmap3996843562" x="463" y="453" width="25" height="33"/>
    <SubTexture name="SPAM_RearrangedBitmap4013989714" x="332" y="494" width="41" height="16"/>
    <SubTexture name="SPAM_RearrangedBitmap4077509624" x="474" y="266" width="36" height="14"/>
    <SubTexture name="SPAM_RearrangedBitmap4195946268" x="260" y="461" width="17" height="11"/>
    <SubTexture name="SPAM_RearrangedBitmap4326876870" x="86" y="495" width="40" height="13"/>
    <SubTexture name="SPAM_RearrangedBitmap4381861515" x="170" y="502" width="13" height="5"/>
    <SubTexture name="SPAM_RearrangedBitmap4404793913" x="478" y="350" width="24" height="30"/>
    <SubTexture name="SPAM_RearrangedBitmap4456335529" x="450" y="241" width="13" height="5"/>
    <SubTexture name="SPAM_RearrangedBitmap4482183566" x="451" y="130" width="41" height="16"/>
    <SubTexture name="SPAM_RearrangedBitmap4513256437" x="291" y="505" width="16" height="5"/>
    <SubTexture name="SPAM_RearrangedBitmap4757443929" x="2" y="166" width="264" height="131"/>
    <SubTexture name="SPAM_RearrangedBitmap4807071897" x="2" y="299" width="184" height="194"/>
    <SubTexture name="SPAM_RearrangedBitmap4818015480" x="370" y="149" width="78" height="98"/>
    <SubTexture name="SPAM_RearrangedBitmap4857089301" x="376" y="418" width="85" height="82"/>
    <SubTexture name="SPAM_RearrangedBitmap4930492904" x="252" y="80" width="197" height="67"/>
    <SubTexture name="SPAM_RearrangedBitmap4950982043" x="450" y="234" width="15" height="5"/>
    <SubTexture name="SPAM_RearrangedBitmap5076510266" x="254" y="505" width="17" height="5"/>
    <SubTexture name="SPAM_RearrangedBitmap5197288459" x="370" y="256" width="12" height="5"/>
    <SubTexture name="SPAM_RearrangedBitmap5265554453" x="451" y="130" width="41" height="16"/>
    <SubTexture name="SPAM_RearrangedBitmap5285004386" x="252" y="149" width="14" height="5"/>
    <SubTexture name="SPAM_RearrangedBitmap5371677498" x="282" y="392" width="92" height="82"/>
    <SubTexture name="SPAM_RearrangedBitmap5377896167" x="252" y="149" width="14" height="5"/>
    <SubTexture name="SPAM_RearrangedBitmap5402668388" x="474" y="282" width="25" height="32"/>
    <SubTexture name="SPAM_RearrangedBitmap5516101102" x="273" y="505" width="16" height="5"/>
    <SubTexture name="SPAM_RearrangedBitmap5556315498" x="451" y="148" width="36" height="14"/>
    <SubTexture name="SPAM_RearrangedBitmap5584909574" x="474" y="266" width="36" height="14"/>
    <SubTexture name="SPAM_RearrangedBitmap5586642213" x="2" y="2" width="248" height="162"/>
    <SubTexture name="SPAM_RearrangedBitmap5603749268" x="170" y="495" width="15" height="5"/>
    <SubTexture name="SPAM_RearrangedBitmap5760018857" x="370" y="256" width="12" height="5"/>
    <SubTexture name="SPAM_RearrangedBitmap5775007928" x="291" y="505" width="16" height="5"/>
    <SubTexture name="SPAM_RearrangedBitmap595760024" x="273" y="505" width="16" height="5"/>
    <SubTexture name="SPAM_RearrangedBitmap6166390137" x="2" y="495" width="40" height="13"/>
    <SubTexture name="SPAM_RearrangedBitmap6292116069" x="273" y="505" width="16" height="5"/>
    <SubTexture name="SPAM_RearrangedBitmap6413044178" x="252" y="156" width="14" height="5"/>
    <SubTexture name="SPAM_RearrangedBitmap6511328016" x="370" y="256" width="12" height="5"/>
    <SubTexture name="SPAM_RearrangedBitmap6576889203" x="252" y="149" width="14" height="5"/>
    <SubTexture name="SPAM_RearrangedBitmap6601560834" x="370" y="256" width="12" height="5"/>
    <SubTexture name="SPAM_RearrangedBitmap660654836" x="291" y="505" width="16" height="5"/>
    <SubTexture name="SPAM_RearrangedBitmap6614714115" x="252" y="149" width="14" height="5"/>
    <SubTexture name="SPAM_RearrangedBitmap663513224" x="170" y="502" width="13" height="5"/>
    <SubTexture name="SPAM_RearrangedBitmap6635639284" x="309" y="505" width="16" height="5"/>
    <SubTexture name="SPAM_RearrangedBitmap669860168" x="86" y="495" width="40" height="13"/>
    <SubTexture name="SPAM_RearrangedBitmap6771352062" x="370" y="263" width="12" height="5"/>
    <SubTexture name="SPAM_RearrangedBitmap6871806784" x="450" y="241" width="13" height="5"/>
    <SubTexture name="SPAM_RearrangedBitmap6983673924" x="332" y="494" width="41" height="16"/>
    <SubTexture name="SPAM_RearrangedBitmap7049435845" x="170" y="502" width="13" height="5"/>
    <SubTexture name="SPAM_RearrangedBitmap7168624658" x="282" y="293" width="100" height="97"/>
    <SubTexture name="SPAM_RearrangedBitmap7172438546" x="489" y="148" width="21" height="31" frameX="-4" frameY="-2" frameWidth="25" frameHeight="33"/>
    <SubTexture name="SPAM_RearrangedBitmap7387235996" x="463" y="418" width="25" height="33"/>
    <SubTexture name="SPAM_RearrangedBitmap7419318374" x="170" y="495" width="15" height="5"/>
    <SubTexture name="SPAM_RearrangedBitmap7592890683" x="478" y="382" width="19" height="23"/>
    <SubTexture name="SPAM_RearrangedBitmap7775137272" x="254" y="505" width="17" height="5"/>
    <SubTexture name="SPAM_RearrangedBitmap7895575093" x="370" y="249" width="12" height="5"/>
    <SubTexture name="SPAM_RearrangedBitmap7955171125" x="309" y="505" width="16" height="5"/>
    <SubTexture name="SPAM_RearrangedBitmap7958808049" x="268" y="149" width="100" height="142"/>
    <SubTexture name="SPAM_RearrangedBitmap8004335264" x="170" y="502" width="13" height="5"/>
    <SubTexture name="SPAM_RearrangedBitmap8116173854" x="451" y="80" width="55" height="23"/>
    <SubTexture name="SPAM_RearrangedBitmap8126970198" x="188" y="299" width="92" height="160"/>
    <SubTexture name="SPAM_RearrangedBitmap8204493345" x="291" y="505" width="16" height="5"/>
    <SubTexture name="SPAM_RearrangedBitmap8293605860" x="375" y="502" width="13" height="7"/>
    <SubTexture name="SPAM_RearrangedBitmap8307186886" x="252" y="149" width="14" height="5"/>
    <SubTexture name="SPAM_RearrangedBitmap8405129396" x="477" y="216" width="25" height="32"/>
    <SubTexture name="SPAM_RearrangedBitmap8449238453" x="128" y="495" width="40" height="13"/>
    <SubTexture name="SPAM_RearrangedBitmap8472535027" x="252" y="156" width="14" height="5"/>
    <SubTexture name="SPAM_RearrangedBitmap8479940241" x="309" y="505" width="16" height="5"/>
    <SubTexture name="SPAM_RearrangedBitmap8562457731" x="254" y="505" width="17" height="5"/>
    <SubTexture name="SPAM_RearrangedBitmap8653180432" x="451" y="130" width="41" height="16"/>
    <SubTexture name="SPAM_RearrangedBitmap8695154848" x="273" y="505" width="16" height="5"/>
    <SubTexture name="SPAM_RearrangedBitmap9133181788" x="451" y="148" width="36" height="14"/>
    <SubTexture name="SPAM_RearrangedBitmap9280296696" x="478" y="407" width="15" height="5"/>
    <SubTexture name="SPAM_RearrangedBitmap9346440113" x="188" y="490" width="21" height="20"/>
    <SubTexture name="SPAM_RearrangedBitmap9443806021" x="450" y="241" width="13" height="5"/>
    <SubTexture name="SPAM_RearrangedBitmap9496328720" x="252" y="156" width="14" height="5"/>
    <SubTexture name="SPAM_RearrangedBitmap9515918734" x="463" y="488" width="36" height="14"/>
    <SubTexture name="SPAM_RearrangedBitmap9645380225" x="252" y="149" width="14" height="5"/>
    <SubTexture name="SPAM_RearrangedBitmap9649242495" x="451" y="148" width="36" height="14"/>
    <SubTexture name="SPAM_RearrangedBitmap9708525171" x="370" y="249" width="12" height="5"/>
    <SubTexture name="SPAM_RearrangedBitmap9778228021" x="254" y="505" width="17" height="5"/>
    <SubTexture name="SPAM_RearrangedBitmap9909991126" x="477" y="164" width="10" height="3"/>
    <SubTexture name="SPAM_RearrangedBitmap9943812345" x="252" y="149" width="14" height="5"/>
    <SubTexture name="SPAM_RearrangedBitmap9992403159" x="370" y="270" width="12" height="5"/>
</TextureAtlas>
