<?xml version="1.0" encoding="UTF-8"?>
<!-- Created with TexturePacker http://www.codeandweb.com/texturepacker-->
<!-- $TexturePacker:SmartUpdate:dc1718e9bd2b061899fb72d3e218ec96:575a9bd01d42a3a9ab458924fb2d644f:4fead6044e2adec5a6ed5245600c65f1$ -->
<TextureAtlas imagePath="300_chest_mardigras_HD_tweened_dxt5.dds" scale="0.9">
    <SubTexture name="SPAM_RearrangedBitmap5670693666_fx" x="1007" y="165" width="12" height="12"/>
    <SubTexture name="SPAM_RearrangedBitmap669860168" x="977" y="165" width="28" height="25"/>
    <SubTexture name="SPAM_RearrangedBitmap7895575093_fx" x="977" y="127" width="36" height="36" frameX="0" frameY="0" frameWidth="40" frameHeight="40"/>
    <SubTexture name="SPAM_RearrangedBitmap9133181788_fx" x="977" y="86" width="37" height="39" frameX="0" frameY="0" frameWidth="41" frameHeight="41"/>
    <SubTexture name="bitmap_2_1_png" x="951" y="369" width="54" height="47"/>
    <SubTexture name="layer_003_png" x="291" y="574" width="285" height="355"/>
    <SubTexture name="layer_004_png" x="2" y="294" width="288" height="217"/>
    <SubTexture name="part_001_png" x="2" y="574" width="287" height="442"/>
    <SubTexture name="part_002_png" x="504" y="2" width="289" height="485"/>
    <SubTexture name="part_005_png" x="795" y="369" width="154" height="203"/>
    <SubTexture name="part_006_png" x="795" y="86" width="180" height="281"/>
    <SubTexture name="part_007_png" x="2" y="2" width="500" height="290"/>
    <SubTexture name="part_008_png" x="795" y="2" width="224" height="82"/>
</TextureAtlas>
