<?xml version="1.0" encoding="UTF-8"?>
<!-- Created with TexturePacker http://www.codeandweb.com/texturepacker-->
<!-- $TexturePacker:SmartUpdate:a401f8548e474dd9d99c49a62565227b:9e9c0698cbecd5b7ac25cbd727e945c4:144a4c157d12d4ae2281abfc2a39bea4$ -->
<TextureAtlas imagePath="2705_dragon_illumidepth_1_HD_tweened_dxt5_map.dds" scale="1.1728515625">
    <SubTexture name="layer_001_png" x="324" y="424" width="23" height="22"/>
    <SubTexture name="layer_002_png" x="288" y="208" width="16" height="37"/>
    <SubTexture name="layer_003_png" x="389" y="253" width="32" height="45"/>
    <SubTexture name="layer_004_png" x="332" y="340" width="50" height="44"/>
    <SubTexture name="layer_005_png" x="113" y="384" width="18" height="18"/>
    <SubTexture name="layer_006_png" x="386" y="432" width="30" height="24"/>
    <SubTexture name="layer_007_png" x="337" y="486" width="28" height="19"/>
    <SubTexture name="layer_008_png" x="386" y="361" width="32" height="69"/>
    <SubTexture name="layer_009_png" x="381" y="458" width="30" height="17"/>
    <SubTexture name="layer_010_png" x="420" y="361" width="29" height="71"/>
    <SubTexture name="layer_011_png" x="440" y="293" width="70" height="21"/>
    <SubTexture name="layer_012_png" x="104" y="432" width="24" height="78"/>
    <SubTexture name="layer_013_png" x="444" y="434" width="16" height="72"/>
    <SubTexture name="layer_014_png" x="306" y="96" width="69" height="85"/>
    <SubTexture name="layer_015_png" x="349" y="386" width="35" height="42"/>
    <SubTexture name="layer_016_png" x="188" y="2" width="106" height="100"/>
    <SubTexture name="layer_017_png" x="178" y="411" width="30" height="89"/>
    <SubTexture name="layer_018_png" x="303" y="253" width="84" height="28"/>
    <SubTexture name="layer_019_png" x="113" y="270" width="25" height="112"/>
    <SubTexture name="layer_020_png" x="211" y="328" width="110" height="19"/>
    <SubTexture name="layer_021_png" x="214" y="104" width="63" height="103"/>
    <SubTexture name="layer_022_png" x="380" y="2" width="76" height="96"/>
    <SubTexture name="layer_023_png" x="377" y="100" width="64" height="90"/>
    <SubTexture name="layer_024_png" x="296" y="2" width="82" height="92"/>
    <SubTexture name="layer_025_png" x="471" y="344" width="24" height="79"/>
    <SubTexture name="layer_026_png" x="451" y="344" width="18" height="87"/>
    <SubTexture name="layer_027_png" x="440" y="316" width="51" height="26"/>
    <SubTexture name="layer_028_png" x="210" y="424" width="112" height="24"/>
    <SubTexture name="layer_029_png" x="210" y="483" width="87" height="19"/>
    <SubTexture name="layer_030_png" x="307" y="458" width="28" height="52"/>
    <SubTexture name="layer_031_png" x="384" y="344" width="62" height="15"/>
    <SubTexture name="layer_032_png" x="462" y="433" width="16" height="50"/>
    <SubTexture name="layer_033_png" x="337" y="458" width="42" height="26"/>
    <SubTexture name="layer_034_png" x="214" y="209" width="72" height="44"/>
    <SubTexture name="layer_035_png" x="2" y="270" width="109" height="160"/>
    <SubTexture name="layer_036_png" x="211" y="255" width="90" height="71"/>
    <SubTexture name="layer_037_png" x="2" y="2" width="184" height="116"/>
    <SubTexture name="layer_038_png" x="335" y="283" width="51" height="55"/>
    <SubTexture name="layer_039_png" x="130" y="411" width="46" height="99"/>
    <SubTexture name="layer_040_png" x="418" y="434" width="24" height="71"/>
    <SubTexture name="layer_041_png" x="211" y="349" width="119" height="37"/>
    <SubTexture name="layer_042_png" x="303" y="283" width="30" height="43"/>
    <SubTexture name="layer_043_png" x="480" y="463" width="21" height="30"/>
    <SubTexture name="layer_044_png" x="373" y="192" width="49" height="59"/>
    <SubTexture name="layer_045_png" x="2" y="120" width="133" height="148"/>
    <SubTexture name="layer_046_png" x="480" y="425" width="19" height="36"/>
    <SubTexture name="layer_047_png" x="349" y="430" width="35" height="26"/>
    <SubTexture name="layer_048_png" x="2" y="432" width="100" height="62"/>
    <SubTexture name="layer_049_png" x="458" y="2" width="48" height="104"/>
    <SubTexture name="layer_050_png" x="424" y="195" width="41" height="85"/>
    <SubTexture name="layer_051_png" x="211" y="388" width="136" height="34"/>
    <SubTexture name="layer_052_png" x="137" y="120" width="75" height="131"/>
    <SubTexture name="layer_053_png" x="210" y="450" width="95" height="31"/>
    <SubTexture name="layer_054_png" x="279" y="104" width="25" height="102"/>
    <SubTexture name="layer_055_png" x="467" y="195" width="38" height="96"/>
    <SubTexture name="layer_056_png" x="140" y="253" width="69" height="92"/>
    <SubTexture name="layer_057_png" x="140" y="347" width="69" height="62"/>
    <SubTexture name="layer_058_png" x="306" y="183" width="65" height="68"/>
    <SubTexture name="layer_059_png" x="388" y="300" width="50" height="42"/>
    <SubTexture name="layer_060_png" x="443" y="108" width="63" height="85"/>
</TextureAtlas>
