<?xml version="1.0" encoding="UTF-8"?>
<!-- Created with TexturePacker http://www.codeandweb.com/texturepacker-->
<!-- $TexturePacker:SmartUpdate:7654ed0ee059dba827ce2839dafe4bb4:8c6aa9ed5603095d41280ec9ef7aab66:f11e24fdc74cf2fa9fe4399911d45ddb$ -->
<TextureAtlas imagePath="2705_dragon_illumidepth_1_HD_tweened_dxt5.dds" scale="1.84375">
    <SubTexture name="SPAM_RearrangedBitmap3277260825" x="335" y="186" width="230" height="175"/>
    <SubTexture name="SPAM_RearrangedBitmap3758818261" x="2" y="2" width="331" height="280"/>
    <SubTexture name="SPAM_RearrangedBitmap4482183566" x="214" y="764" width="178" height="149"/>
    <SubTexture name="SPAM_RearrangedBitmap5584909574" x="2" y="284" width="289" height="248"/>
    <SubTexture name="SPAM_RearrangedBitmap5670693666" x="857" y="834" width="55" height="47"/>
    <SubTexture name="SPAM_RearrangedBitmap669860168" x="2" y="534" width="256" height="210"/>
    <SubTexture name="SPAM_RearrangedBitmap7895575093" x="260" y="617" width="180" height="145"/>
    <SubTexture name="SPAM_RearrangedBitmap8126970198" x="404" y="907" width="103" height="100" frameX="-9" frameY="-5" frameWidth="127" frameHeight="114"/>
    <SubTexture name="SPAM_RearrangedBitmap8653180432" x="589" y="893" width="79" height="75"/>
    <SubTexture name="SPAM_RearrangedBitmap9133181788" x="626" y="2" width="236" height="197"/>
    <SubTexture name="SPAM_RearrangedBitmap9708525171" x="673" y="760" width="116" height="114"/>
    <SubTexture name="layer_001_png" x="791" y="874" width="36" height="35"/>
    <SubTexture name="layer_002_png" x="293" y="284" width="25" height="59"/>
    <SubTexture name="layer_003_png" x="780" y="911" width="51" height="71"/>
    <SubTexture name="layer_004_png" x="937" y="602" width="79" height="70"/>
    <SubTexture name="layer_005_png" x="181" y="982" width="29" height="29"/>
    <SubTexture name="layer_006_png" x="354" y="976" width="47" height="38"/>
    <SubTexture name="layer_007_png" x="717" y="361" width="44" height="31"/>
    <SubTexture name="layer_008_png" x="509" y="895" width="51" height="108"/>
    <SubTexture name="layer_009_png" x="916" y="977" width="47" height="27"/>
    <SubTexture name="layer_010_png" x="717" y="394" width="46" height="112"/>
    <SubTexture name="layer_011_png" x="671" y="876" width="110" height="33"/>
    <SubTexture name="layer_012_png" x="936" y="738" width="38" height="123"/>
    <SubTexture name="layer_013_png" x="562" y="895" width="25" height="114"/>
    <SubTexture name="layer_014_png" x="568" y="596" width="108" height="134"/>
    <SubTexture name="layer_015_png" x="967" y="394" width="55" height="66"/>
    <SubTexture name="layer_016_png" x="567" y="201" width="167" height="158"/>
    <SubTexture name="layer_017_png" x="442" y="617" width="47" height="140"/>
    <SubTexture name="layer_018_png" x="827" y="470" width="132" height="44"/>
    <SubTexture name="layer_019_png" x="967" y="215" width="40" height="177"/>
    <SubTexture name="layer_020_png" x="586" y="563" width="173" height="31"/>
    <SubTexture name="layer_021_png" x="678" y="596" width="99" height="162"/>
    <SubTexture name="layer_022_png" x="736" y="201" width="119" height="151"/>
    <SubTexture name="layer_023_png" x="394" y="764" width="101" height="141"/>
    <SubTexture name="layer_024_png" x="586" y="361" width="129" height="145"/>
    <SubTexture name="layer_025_png" x="976" y="674" width="38" height="125"/>
    <SubTexture name="layer_026_png" x="977" y="462" width="29" height="138"/>
    <SubTexture name="layer_027_png" x="833" y="951" width="81" height="42"/>
    <SubTexture name="layer_028_png" x="2" y="982" width="177" height="38"/>
    <SubTexture name="layer_029_png" x="214" y="976" width="138" height="31"/>
    <SubTexture name="layer_030_png" x="931" y="516" width="44" height="82"/>
    <SubTexture name="layer_031_png" x="572" y="868" width="97" height="23"/>
    <SubTexture name="layer_032_png" x="753" y="911" width="25" height="79"/>
    <SubTexture name="layer_033_png" x="589" y="970" width="66" height="42"/>
    <SubTexture name="layer_034_png" x="821" y="615" width="114" height="70"/>
    <SubTexture name="layer_035_png" x="293" y="363" width="171" height="252"/>
    <SubTexture name="layer_036_png" x="864" y="101" width="141" height="112"/>
    <SubTexture name="layer_037_png" x="335" y="2" width="289" height="182"/>
    <SubTexture name="layer_038_png" x="670" y="911" width="81" height="86"/>
    <SubTexture name="layer_039_png" x="497" y="737" width="73" height="156"/>
    <SubTexture name="layer_040_png" x="976" y="801" width="38" height="112"/>
    <SubTexture name="layer_041_png" x="214" y="915" width="188" height="59"/>
    <SubTexture name="layer_042_png" x="914" y="863" width="47" height="68"/>
    <SubTexture name="layer_043_png" x="932" y="362" width="33" height="47"/>
    <SubTexture name="layer_044_png" x="857" y="738" width="77" height="94"/>
    <SubTexture name="layer_045_png" x="2" y="746" width="210" height="234"/>
    <SubTexture name="layer_046_png" x="260" y="534" width="31" height="57"/>
    <SubTexture name="layer_047_png" x="916" y="933" width="55" height="42"/>
    <SubTexture name="layer_048_png" x="864" y="2" width="158" height="97"/>
    <SubTexture name="layer_049_png" x="491" y="571" width="75" height="164"/>
    <SubTexture name="layer_050_png" x="791" y="738" width="64" height="134"/>
    <SubTexture name="layer_051_png" x="586" y="508" width="213" height="53"/>
    <SubTexture name="layer_052_png" x="466" y="363" width="118" height="206"/>
    <SubTexture name="layer_053_png" x="821" y="687" width="149" height="49"/>
    <SubTexture name="layer_054_png" x="779" y="563" width="40" height="160"/>
    <SubTexture name="layer_055_png" x="765" y="354" width="60" height="151"/>
    <SubTexture name="layer_056_png" x="857" y="215" width="108" height="145"/>
    <SubTexture name="layer_057_png" x="821" y="516" width="108" height="97"/>
    <SubTexture name="layer_058_png" x="827" y="362" width="103" height="106"/>
    <SubTexture name="layer_059_png" x="833" y="883" width="79" height="66"/>
    <SubTexture name="layer_060_png" x="572" y="732" width="99" height="134"/>
</TextureAtlas>
