<?xml version="1.0" encoding="UTF-8"?>
<!-- Created with TexturePacker http://www.codeandweb.com/texturepacker-->
<!-- $TexturePacker:SmartUpdate:3bf290e9556b5b57e5af61fb96f0a085:6690d561407892b952e7f4bef5b934ba:03a400a74b2c8093c22aa85361467bb1$ -->
<TextureAtlas imagePath="2542_dragon_westwind_b_1_HD_tweened_dxt5_map.dds" scale="1.2734375">
    <SubTexture name="layer_001_png" x="165" y="364" width="20" height="49"/>
    <SubTexture name="layer_002_png" x="411" y="250" width="17" height="21"/>
    <SubTexture name="layer_003_png" x="155" y="427" width="14" height="22"/>
    <SubTexture name="layer_004_png" x="298" y="385" width="12" height="16"/>
    <SubTexture name="layer_005_png" x="292" y="447" width="12" height="14"/>
    <SubTexture name="layer_006_png" x="120" y="471" width="31" height="39"/>
    <SubTexture name="layer_007_png" x="429" y="353" width="49" height="53"/>
    <SubTexture name="layer_008_png" x="491" y="249" width="17" height="20"/>
    <SubTexture name="layer_009_png" x="491" y="230" width="19" height="17"/>
    <SubTexture name="layer_010_png" x="312" y="399" width="15" height="15"/>
    <SubTexture name="layer_011_png_" x="305" y="416" width="15" height="14"/>
    <SubTexture name="layer_012_png" x="187" y="363" width="33" height="47"/>
    <SubTexture name="layer_013_png" x="246" y="406" width="12" height="21"/>
    <SubTexture name="layer_014_png" x="485" y="457" width="25" height="20"/>
    <SubTexture name="layer_015_png" x="224" y="406" width="20" height="26"/>
    <SubTexture name="layer_016_png" x="206" y="412" width="16" height="30"/>
    <SubTexture name="layer_017_png" x="241" y="313" width="38" height="44"/>
    <SubTexture name="layer_018_png" x="298" y="371" width="33" height="12"/>
    <SubTexture name="layer_019_png" x="281" y="313" width="49" height="19"/>
    <SubTexture name="layer_020_png" x="106" y="376" width="21" height="50"/>
    <SubTexture name="layer_021_png" x="348" y="471" width="16" height="35"/>
    <SubTexture name="layer_022_png" x="430" y="211" width="62" height="17"/>
    <SubTexture name="layer_023_png" x="106" y="428" width="47" height="21"/>
    <SubTexture name="layer_024_png" x="205" y="447" width="15" height="21"/>
    <SubTexture name="layer_025_png" x="245" y="434" width="45" height="24"/>
    <SubTexture name="layer_026_png" x="430" y="230" width="59" height="25"/>
    <SubTexture name="layer_027_png" x="495" y="180" width="15" height="48"/>
    <SubTexture name="layer_028_png" x="429" y="408" width="35" height="22"/>
    <SubTexture name="layer_029_png" x="94" y="313" width="35" height="61"/>
    <SubTexture name="layer_030_png" x="129" y="376" width="34" height="49"/>
    <SubTexture name="layer_031_png" x="171" y="415" width="33" height="30"/>
    <SubTexture name="layer_032_png" x="366" y="471" width="33" height="34"/>
    <SubTexture name="layer_033_png" x="466" y="408" width="40" height="47"/>
    <SubTexture name="layer_034_png" x="120" y="451" width="39" height="17"/>
    <SubTexture name="layer_035_png" x="435" y="109" width="68" height="33"/>
    <SubTexture name="layer_036_png" x="51" y="451" width="67" height="54"/>
    <SubTexture name="layer_037_png" x="131" y="313" width="33" height="49"/>
    <SubTexture name="layer_038_png" x="399" y="378" width="28" height="53"/>
    <SubTexture name="layer_039_png" x="435" y="144" width="66" height="34"/>
    <SubTexture name="layer_040_png" x="430" y="180" width="63" height="29"/>
    <SubTexture name="layer_041_png" x="298" y="355" width="33" height="14"/>
    <SubTexture name="layer_042_png" x="281" y="334" width="48" height="19"/>
    <SubTexture name="layer_043_png" x="429" y="330" width="50" height="21"/>
    <SubTexture name="layer_044_png" x="411" y="273" width="16" height="35"/>
    <SubTexture name="layer_045_png" x="411" y="186" width="17" height="62"/>
    <SubTexture name="layer_046_png" x="206" y="313" width="33" height="45"/>
    <SubTexture name="layer_047_png" x="452" y="432" width="12" height="21"/>
    <SubTexture name="layer_048_png" x="161" y="451" width="24" height="17"/>
    <SubTexture name="layer_049_png" x="222" y="444" width="21" height="25"/>
    <SubTexture name="layer_050_png" x="485" y="479" width="16" height="30"/>
    <SubTexture name="layer_051_png" x="222" y="360" width="38" height="44"/>
    <SubTexture name="layer_052_png" x="262" y="359" width="34" height="44"/>
    <SubTexture name="layer_053_png" x="312" y="385" width="16" height="12"/>
    <SubTexture name="layer_054_png" x="260" y="406" width="11" height="17"/>
    <SubTexture name="layer_055_png" x="2" y="451" width="47" height="57"/>
    <SubTexture name="layer_056_png" x="71" y="382" width="33" height="66"/>
    <SubTexture name="layer_057_png" x="187" y="447" width="16" height="21"/>
    <SubTexture name="layer_058_png" x="436" y="432" width="14" height="22"/>
    <SubTexture name="layer_059_png" x="322" y="430" width="14" height="15"/>
    <SubTexture name="layer_060_png" x="289" y="405" width="14" height="16"/>
    <SubTexture name="layer_061_png" x="273" y="405" width="14" height="16"/>
    <SubTexture name="layer_062_png" x="322" y="416" width="15" height="12"/>
    <SubTexture name="layer_063_png" x="340" y="303" width="57" height="166"/>
    <SubTexture name="layer_064_png" x="401" y="433" width="33" height="77"/>
    <SubTexture name="layer_065_png" x="399" y="310" width="28" height="66"/>
    <SubTexture name="layer_066_png" x="480" y="357" width="28" height="49"/>
    <SubTexture name="layer_067_png" x="347" y="154" width="81" height="30"/>
    <SubTexture name="layer_068_png" x="71" y="313" width="21" height="67"/>
    <SubTexture name="layer_069_png" x="490" y="271" width="20" height="84"/>
    <SubTexture name="layer_070_png" x="2" y="2" width="343" height="192"/>
    <SubTexture name="layer_071_png" x="347" y="2" width="154" height="105"/>
    <SubTexture name="layer_072_png" x="166" y="313" width="38" height="48"/>
    <SubTexture name="layer_073_png" x="71" y="196" width="267" height="115"/>
    <SubTexture name="layer_074_png" x="347" y="186" width="62" height="115"/>
    <SubTexture name="layer_075_png" x="430" y="257" width="58" height="71"/>
    <SubTexture name="layer_076_png" x="436" y="457" width="47" height="53"/>
    <SubTexture name="layer_077_png" x="347" y="109" width="86" height="43"/>
    <SubTexture name="layer_078_png" x="153" y="471" width="193" height="38"/>
    <SubTexture name="layer_079_png" x="2" y="196" width="67" height="253"/>
</TextureAtlas>
