<?xml version="1.0" encoding="UTF-8"?>
<!-- Created with TexturePacker http://www.codeandweb.com/texturepacker-->
<!-- $TexturePacker:SmartUpdate:6dbe6fc866a36ef81d60223ece3a1085:d7eaa3be8078dc4bc4abeb48b27b09b7:03e8977b2d7b1761fcf2a6199867cd67$ -->
<TextureAtlas imagePath="2542_dragon_westwind_b_1_HD_tweened_dxt5.dds" scale="1.14453125">
    <SubTexture name="SPAM_RearrangedBitmap1542957562" x="453" y="2" width="55" height="73" frameX="-2" frameY="-4" frameWidth="65" frameHeight="83"/>
    <SubTexture name="SPAM_RearrangedBitmap29130765" x="129" y="282" width="113" height="113"/>
    <SubTexture name="SPAM_RearrangedBitmap3277260825" x="467" y="134" width="30" height="36"/>
    <SubTexture name="SPAM_RearrangedBitmap3758818261" x="201" y="397" width="39" height="72" frameX="-3" frameY="-3" frameWidth="51" frameHeight="82"/>
    <SubTexture name="SPAM_RearrangedBitmap4482183566" x="242" y="433" width="59" height="58" frameX="-4" frameY="-4" frameWidth="73" frameHeight="70"/>
    <SubTexture name="SPAM_RearrangedBitmap5584909574" x="328" y="300" width="69" height="29" frameX="-3" frameY="-4" frameWidth="81" frameHeight="41"/>
    <SubTexture name="SPAM_RearrangedBitmap5670693666" x="64" y="282" width="63" height="189" frameX="-8" frameY="-23" frameWidth="89" frameHeight="225"/>
    <SubTexture name="SPAM_RearrangedBitmap669860168" x="200" y="471" width="30" height="36"/>
    <SubTexture name="SPAM_RearrangedBitmap7895575093" x="488" y="277" width="18" height="37"/>
    <SubTexture name="SPAM_RearrangedBitmap8126970198" x="64" y="282" width="63" height="189" frameX="-8" frameY="-23" frameWidth="89" frameHeight="225"/>
    <SubTexture name="SPAM_RearrangedBitmap8653180432" x="129" y="397" width="70" height="60" frameX="-2" frameY="-3" frameWidth="80" frameHeight="72"/>
    <SubTexture name="SPAM_RearrangedBitmap9133181788" x="200" y="471" width="30" height="36"/>
    <SubTexture name="SPAM_RearrangedBitmap9708525171" x="488" y="277" width="18" height="37"/>
    <SubTexture name="layer_001_png" x="474" y="331" width="18" height="44"/>
    <SubTexture name="layer_002_png" x="494" y="316" width="16" height="19"/>
    <SubTexture name="layer_003_png" x="487" y="432" width="12" height="20"/>
    <SubTexture name="layer_004_png" x="499" y="134" width="11" height="14"/>
    <SubTexture name="layer_005_png" x="499" y="150" width="11" height="12"/>
    <SubTexture name="layer_006_png" x="482" y="195" width="28" height="35"/>
    <SubTexture name="layer_007_png" x="302" y="382" width="44" height="48"/>
    <SubTexture name="layer_008_png" x="494" y="337" width="16" height="18"/>
    <SubTexture name="layer_009_png" x="474" y="377" width="17" height="16"/>
    <SubTexture name="layer_010_png" x="473" y="454" width="13" height="13"/>
    <SubTexture name="layer_011_png_" x="465" y="469" width="13" height="12"/>
    <SubTexture name="layer_012_png" x="426" y="241" width="29" height="42"/>
    <SubTexture name="layer_013_png" x="398" y="491" width="11" height="19"/>
    <SubTexture name="layer_014_png" x="488" y="98" width="22" height="18"/>
    <SubTexture name="layer_015_png" x="411" y="469" width="18" height="24"/>
    <SubTexture name="layer_016_png" x="457" y="437" width="14" height="27"/>
    <SubTexture name="layer_017_png" x="374" y="431" width="34" height="40"/>
    <SubTexture name="layer_018_png" x="460" y="419" width="29" height="11"/>
    <SubTexture name="layer_019_png" x="232" y="493" width="44" height="17"/>
    <SubTexture name="layer_020_png" x="467" y="284" width="19" height="45"/>
    <SubTexture name="layer_021_png" x="354" y="478" width="14" height="32"/>
    <SubTexture name="layer_022_png" x="392" y="223" width="56" height="16"/>
    <SubTexture name="layer_023_png" x="416" y="416" width="42" height="19"/>
    <SubTexture name="layer_024_png" x="370" y="491" width="13" height="19"/>
    <SubTexture name="layer_025_png" x="453" y="172" width="41" height="21"/>
    <SubTexture name="layer_026_png" x="416" y="392" width="53" height="22"/>
    <SubTexture name="layer_027_png" x="488" y="232" width="13" height="43"/>
    <SubTexture name="layer_028_png" x="431" y="471" width="32" height="20"/>
    <SubTexture name="layer_029_png" x="364" y="331" width="32" height="54"/>
    <SubTexture name="layer_030_png" x="435" y="285" width="30" height="44"/>
    <SubTexture name="layer_031_png" x="323" y="482" width="29" height="27"/>
    <SubTexture name="layer_032_png" x="410" y="437" width="29" height="30"/>
    <SubTexture name="layer_033_png" x="388" y="241" width="36" height="42"/>
    <SubTexture name="layer_034_png" x="374" y="473" width="35" height="16"/>
    <SubTexture name="layer_035_png" x="64" y="473" width="61" height="29"/>
    <SubTexture name="layer_036_png" x="302" y="331" width="60" height="49"/>
    <SubTexture name="layer_037_png" x="451" y="195" width="29" height="44"/>
    <SubTexture name="layer_038_png" x="173" y="459" width="25" height="48"/>
    <SubTexture name="layer_039_png" x="392" y="163" width="59" height="30"/>
    <SubTexture name="layer_040_png" x="392" y="195" width="57" height="26"/>
    <SubTexture name="layer_041_png" x="411" y="495" width="29" height="12"/>
    <SubTexture name="layer_042_png" x="278" y="493" width="43" height="17"/>
    <SubTexture name="layer_043_png" x="453" y="77" width="45" height="19"/>
    <SubTexture name="layer_044_png" x="441" y="437" width="14" height="32"/>
    <SubTexture name="layer_045_png" x="398" y="331" width="16" height="56"/>
    <SubTexture name="layer_046_png" x="457" y="241" width="29" height="41"/>
    <SubTexture name="layer_047_png" x="385" y="491" width="11" height="19"/>
    <SubTexture name="layer_048_png" x="442" y="493" width="21" height="16"/>
    <SubTexture name="layer_049_png" x="471" y="395" width="19" height="22"/>
    <SubTexture name="layer_050_png" x="494" y="357" width="14" height="27"/>
    <SubTexture name="layer_051_png" x="348" y="387" width="34" height="40"/>
    <SubTexture name="layer_052_png" x="384" y="389" width="30" height="40"/>
    <SubTexture name="layer_053_png" x="493" y="386" width="14" height="11"/>
    <SubTexture name="layer_054_png" x="500" y="77" width="10" height="16"/>
    <SubTexture name="layer_055_png" x="129" y="459" width="42" height="51"/>
    <SubTexture name="layer_056_png" x="416" y="331" width="29" height="59"/>
    <SubTexture name="layer_057_png" x="496" y="172" width="14" height="19"/>
    <SubTexture name="layer_058_png" x="473" y="432" width="12" height="20"/>
    <SubTexture name="layer_059_png" x="488" y="454" width="12" height="13"/>
    <SubTexture name="layer_060_png" x="492" y="399" width="12" height="14"/>
    <SubTexture name="layer_061_png" x="488" y="118" width="12" height="14"/>
    <SubTexture name="layer_062_png" x="491" y="419" width="13" height="11"/>
    <SubTexture name="layer_063_png" x="244" y="176" width="51" height="149"/>
    <SubTexture name="layer_064_png" x="297" y="253" width="29" height="69"/>
    <SubTexture name="layer_065_png" x="447" y="331" width="25" height="59"/>
    <SubTexture name="layer_066_png" x="347" y="432" width="25" height="44"/>
    <SubTexture name="layer_067_png" x="392" y="134" width="73" height="27"/>
    <SubTexture name="layer_068_png" x="371" y="174" width="19" height="60"/>
    <SubTexture name="layer_069_png" x="297" y="176" width="18" height="75"/>
    <SubTexture name="layer_070_png" x="2" y="2" width="309" height="172"/>
    <SubTexture name="layer_071_png" x="313" y="2" width="138" height="94"/>
    <SubTexture name="layer_072_png" x="399" y="285" width="34" height="43"/>
    <SubTexture name="layer_073_png" x="2" y="176" width="240" height="104"/>
    <SubTexture name="layer_074_png" x="244" y="327" width="56" height="104"/>
    <SubTexture name="layer_075_png" x="317" y="174" width="52" height="64"/>
    <SubTexture name="layer_076_png" x="303" y="432" width="42" height="48"/>
    <SubTexture name="layer_077_png" x="313" y="134" width="77" height="38"/>
    <SubTexture name="layer_078_png" x="313" y="98" width="173" height="34"/>
    <SubTexture name="layer_079_png" x="2" y="282" width="60" height="227"/>
    <SubTexture name="layer_104_png_copy" x="328" y="240" width="58" height="58"/>
</TextureAtlas>
