<?xml version="1.0" encoding="UTF-8"?>
<!-- Created with TexturePacker http://www.codeandweb.com/texturepacker-->
<!-- $TexturePacker:SmartUpdate:5182c448a033bb141ec9189d673fed5c:dfaf1c73361306fc0c97a3d39dfcd852:9382fdec42d9dceee86a943e65813b36$ -->
<TextureAtlas imagePath="empower_front_HD_tweened_dxt5.dds" scale="1.078125">
    <SubTexture name="SPAM_RearrangedBitmap5670693666" x="2" y="145" width="357" height="133" frameX="-18" frameY="-28" frameWidth="397" frameHeight="197"/>
    <SubTexture name="SPAM_RearrangedBitmap669860168" x="2" y="2" width="378" height="141" frameX="-11" frameY="-22" frameWidth="408" frameHeight="197"/>
    <SubTexture name="SPAM_RearrangedBitmap7895575093" x="2" y="280" width="353" height="133" frameX="-13" frameY="-31" frameWidth="391" frameHeight="197"/>
    <SubTexture name="SPAM_RearrangedBitmap8126970198" x="382" y="143" width="366" height="139" frameX="-24" frameY="-22" frameWidth="410" frameHeight="197"/>
    <SubTexture name="SPAM_RearrangedBitmap9133181788" x="382" y="2" width="368" height="139" frameX="-11" frameY="-25" frameWidth="410" frameHeight="197"/>
    <SubTexture name="SPAM_RearrangedBitmap9708525171" x="357" y="284" width="353" height="129" frameX="-15" frameY="-36" frameWidth="389" frameHeight="197"/>
    <SubTexture name="bitmap_1" x="1012" y="2" width="1" height="1" frameX="0" frameY="0" frameWidth="4" frameHeight="2"/>
    <SubTexture name="mapa_de_bits_10" x="163" y="856" width="99" height="71" frameX="-4" frameY="-6" frameWidth="111" frameHeight="85"/>
    <SubTexture name="mapa_de_bits_100" x="752" y="136" width="232" height="37" frameX="-3" frameY="-5" frameWidth="246" frameHeight="49"/>
    <SubTexture name="mapa_de_bits_101" x="712" y="365" width="228" height="43" frameX="-4" frameY="0" frameWidth="236" frameHeight="47"/>
    <SubTexture name="mapa_de_bits_102" x="750" y="266" width="230" height="41" frameX="-5" frameY="-2" frameWidth="250" frameHeight="49"/>
    <SubTexture name="mapa_de_bits_103" x="941" y="410" width="81" height="37" frameX="0" frameY="-9" frameWidth="95" frameHeight="59"/>
    <SubTexture name="mapa_de_bits_104" x="987" y="2" width="23" height="9" frameX="-6" frameY="-9" frameWidth="35" frameHeight="25"/>
    <SubTexture name="mapa_de_bits_105" x="987" y="13" width="17" height="7" frameX="-7" frameY="-7" frameWidth="29" frameHeight="17"/>
    <SubTexture name="mapa_de_bits_106" x="2" y="675" width="169" height="86" frameX="-2" frameY="-5" frameWidth="171" frameHeight="92"/>
    <SubTexture name="mapa_de_bits_107" x="311" y="523" width="176" height="94" frameX="-6" frameY="-2" frameWidth="184" frameHeight="100"/>
    <SubTexture name="mapa_de_bits_11" x="264" y="856" width="97" height="71" frameX="0" frameY="-1" frameWidth="101" frameHeight="77"/>
    <SubTexture name="mapa_de_bits_1_" x="173" y="717" width="130" height="66" frameX="-7" frameY="-7" frameWidth="142" frameHeight="78"/>
    <SubTexture name="mapa_de_bits_2" x="178" y="588" width="131" height="65" frameX="-6" frameY="-7" frameWidth="143" frameHeight="81"/>
    <SubTexture name="mapa_de_bits_3" x="598" y="915" width="128" height="69" frameX="-6" frameY="-1" frameWidth="142" frameHeight="75"/>
    <SubTexture name="mapa_de_bits_4" x="171" y="785" width="128" height="69" frameX="-6" frameY="-9" frameWidth="138" frameHeight="87"/>
    <SubTexture name="mapa_de_bits_46" x="856" y="697" width="159" height="53" frameX="0" frameY="-4" frameWidth="159" frameHeight="59"/>
    <SubTexture name="mapa_de_bits_47" x="471" y="786" width="158" height="55" frameX="0" frameY="-1" frameWidth="174" frameHeight="59"/>
    <SubTexture name="mapa_de_bits_48" x="856" y="752" width="159" height="44" frameX="0" frameY="-7" frameWidth="159" frameHeight="54"/>
    <SubTexture name="mapa_de_bits_49" x="2" y="415" width="164" height="49" frameX="0" frameY="-5" frameWidth="164" frameHeight="57"/>
    <SubTexture name="mapa_de_bits_5" x="728" y="914" width="126" height="69" frameX="-5" frameY="-5" frameWidth="136" frameHeight="85"/>
    <SubTexture name="mapa_de_bits_50" x="856" y="798" width="156" height="43" frameX="0" frameY="-4" frameWidth="164" frameHeight="51"/>
    <SubTexture name="mapa_de_bits_51" x="856" y="952" width="154" height="46" frameX="-5" frameY="-5" frameWidth="160" frameHeight="56"/>
    <SubTexture name="mapa_de_bits_52" x="856" y="903" width="155" height="47" frameX="0" frameY="-3" frameWidth="155" frameHeight="53"/>
    <SubTexture name="mapa_de_bits_53" x="168" y="415" width="150" height="49" frameX="-12" frameY="-8" frameWidth="168" frameHeight="59"/>
    <SubTexture name="mapa_de_bits_54" x="178" y="466" width="132" height="53" frameX="0" frameY="-4" frameWidth="136" frameHeight="59"/>
    <SubTexture name="mapa_de_bits_55" x="631" y="786" width="123" height="55" frameX="0" frameY="0" frameWidth="123" frameHeight="57"/>
    <SubTexture name="mapa_de_bits_59" x="2" y="572" width="174" height="101" frameX="0" frameY="-6" frameWidth="174" frameHeight="109"/>
    <SubTexture name="mapa_de_bits_6" x="612" y="843" width="127" height="69" frameX="-2" frameY="-10" frameWidth="133" frameHeight="89"/>
    <SubTexture name="mapa_de_bits_60" x="311" y="698" width="169" height="47" frameX="0" frameY="-5" frameWidth="169" frameHeight="53"/>
    <SubTexture name="mapa_de_bits_61" x="2" y="466" width="174" height="104" frameX="0" frameY="0" frameWidth="176" frameHeight="104"/>
    <SubTexture name="mapa_de_bits_62" x="489" y="569" width="171" height="55" frameX="0" frameY="-4" frameWidth="171" frameHeight="59"/>
    <SubTexture name="mapa_de_bits_63" x="2" y="939" width="155" height="72" frameX="-3" frameY="-6" frameWidth="159" frameHeight="78"/>
    <SubTexture name="mapa_de_bits_64" x="311" y="619" width="170" height="77" frameX="-2" frameY="-2" frameWidth="172" frameHeight="79"/>
    <SubTexture name="mapa_de_bits_65" x="662" y="600" width="169" height="83" frameX="0" frameY="-4" frameWidth="169" frameHeight="87"/>
    <SubTexture name="mapa_de_bits_66" x="756" y="771" width="97" height="55" frameX="0" frameY="-9" frameWidth="103" frameHeight="73"/>
    <SubTexture name="mapa_de_bits_67" x="931" y="843" width="89" height="55" frameX="-2" frameY="-8" frameWidth="101" frameHeight="67"/>
    <SubTexture name="mapa_de_bits_68" x="756" y="828" width="89" height="56" frameX="-5" frameY="-1" frameWidth="99" frameHeight="62"/>
    <SubTexture name="mapa_de_bits_69" x="930" y="535" width="89" height="57" frameX="-3" frameY="-7" frameWidth="95" frameHeight="71"/>
    <SubTexture name="mapa_de_bits_7" x="488" y="843" width="122" height="70" frameX="0" frameY="-14" frameWidth="128" frameHeight="90"/>
    <SubTexture name="mapa_de_bits_70" x="942" y="309" width="73" height="47" frameX="-7" frameY="-11" frameWidth="91" frameHeight="61"/>
    <SubTexture name="mapa_de_bits_71" x="847" y="843" width="82" height="58" frameX="-6" frameY="-4" frameWidth="90" frameHeight="66"/>
    <SubTexture name="mapa_de_bits_72" x="935" y="466" width="85" height="67" frameX="-6" frameY="-1" frameWidth="95" frameHeight="73"/>
    <SubTexture name="mapa_de_bits_73" x="178" y="655" width="131" height="60" frameX="-9" frameY="-6" frameWidth="149" frameHeight="74"/>
    <SubTexture name="mapa_de_bits_74" x="178" y="521" width="131" height="65" frameX="-7" frameY="-6" frameWidth="143" frameHeight="73"/>
    <SubTexture name="mapa_de_bits_75" x="2" y="763" width="167" height="87"/>
    <SubTexture name="mapa_de_bits_76" x="833" y="614" width="167" height="81"/>
    <SubTexture name="mapa_de_bits_77" x="654" y="685" width="166" height="84" frameX="0" frameY="0" frameWidth="166" frameHeight="86"/>
    <SubTexture name="mapa_de_bits_78" x="305" y="747" width="164" height="94" frameX="-2" frameY="-6" frameWidth="166" frameHeight="104"/>
    <SubTexture name="mapa_de_bits_79" x="442" y="915" width="154" height="91" frameX="0" frameY="-2" frameWidth="154" frameHeight="93"/>
    <SubTexture name="mapa_de_bits_8" x="363" y="843" width="123" height="70" frameX="0" frameY="-14" frameWidth="129" frameHeight="92"/>
    <SubTexture name="mapa_de_bits_80" x="282" y="929" width="158" height="93" frameX="-1" frameY="-4" frameWidth="160" frameHeight="97"/>
    <SubTexture name="mapa_de_bits_81" x="547" y="415" width="163" height="70" frameX="-2" frameY="-6" frameWidth="169" frameHeight="76"/>
    <SubTexture name="mapa_de_bits_82" x="483" y="626" width="169" height="73" frameX="-2" frameY="-7" frameWidth="171" frameHeight="81"/>
    <SubTexture name="mapa_de_bits_83" x="538" y="487" width="171" height="80" frameX="-2" frameY="-6" frameWidth="175" frameHeight="86"/>
    <SubTexture name="mapa_de_bits_84" x="482" y="701" width="166" height="83" frameX="-2" frameY="-8" frameWidth="168" frameHeight="91"/>
    <SubTexture name="mapa_de_bits_85" x="2" y="852" width="159" height="85" frameX="-1" frameY="0" frameWidth="163" frameHeight="87"/>
    <SubTexture name="mapa_de_bits_86" x="903" y="594" width="117" height="18" frameX="-7" frameY="-15" frameWidth="131" frameHeight="44"/>
    <SubTexture name="mapa_de_bits_87" x="598" y="986" width="156" height="31" frameX="-7" frameY="-8" frameWidth="170" frameHeight="45"/>
    <SubTexture name="mapa_de_bits_88" x="711" y="561" width="190" height="37" frameX="-6" frameY="-7" frameWidth="202" frameHeight="51"/>
    <SubTexture name="mapa_de_bits_89" x="711" y="516" width="217" height="43" frameX="-6" frameY="-11" frameWidth="231" frameHeight="63"/>
    <SubTexture name="mapa_de_bits_9" x="159" y="939" width="121" height="72" frameX="0" frameY="-8" frameWidth="127" frameHeight="86"/>
    <SubTexture name="mapa_de_bits_90" x="712" y="466" width="221" height="48" frameX="-4" frameY="-7" frameWidth="229" frameHeight="62"/>
    <SubTexture name="mapa_de_bits_91" x="312" y="470" width="224" height="51" frameX="-1" frameY="-14" frameWidth="230" frameHeight="75"/>
    <SubTexture name="mapa_de_bits_92" x="320" y="415" width="225" height="53" frameX="-4" frameY="-11" frameWidth="235" frameHeight="71"/>
    <SubTexture name="mapa_de_bits_93" x="712" y="410" width="227" height="54" frameX="-3" frameY="-7" frameWidth="235" frameHeight="70"/>
    <SubTexture name="mapa_de_bits_94" x="712" y="309" width="228" height="54" frameX="-5" frameY="-10" frameWidth="240" frameHeight="70"/>
    <SubTexture name="mapa_de_bits_95" x="750" y="175" width="231" height="46" frameX="-5" frameY="-9" frameWidth="241" frameHeight="62"/>
    <SubTexture name="mapa_de_bits_96" x="750" y="223" width="231" height="41" frameX="-8" frameY="-8" frameWidth="247" frameHeight="51"/>
    <SubTexture name="mapa_de_bits_97" x="752" y="49" width="232" height="45" frameX="-4" frameY="-8" frameWidth="242" frameHeight="57"/>
    <SubTexture name="mapa_de_bits_98" x="752" y="2" width="233" height="45" frameX="-6" frameY="-9" frameWidth="245" frameHeight="63"/>
    <SubTexture name="mapa_de_bits_99" x="752" y="96" width="232" height="38" frameX="-2" frameY="-6" frameWidth="242" frameHeight="52"/>
</TextureAtlas>
