<?xml version="1.0" encoding="UTF-8"?>
<!-- Created with TexturePacker http://www.codeandweb.com/texturepacker-->
<!-- $TexturePacker:SmartUpdate:a2d51393146870df90c483155ae89adc:575b24949ca794c871822009c3ef6ca0:318a847e53688b3a2ce907f4d924b759$ -->
<TextureAtlas imagePath="icon_hud_chest_anim_HD_tweened_dxt5.dds" scale="1.94482421875">
    <SubTexture name="SPAM_RearrangedBitmap1542957562" x="386" y="250" width="93" height="93" frameX="0" frameY="0" frameWidth="101" frameHeight="99"/>
    <SubTexture name="SPAM_RearrangedBitmap3758818261" x="375" y="419" width="87" height="85" frameX="0" frameY="-2" frameWidth="97" frameHeight="97"/>
    <SubTexture name="SPAM_RearrangedBitmap4482183566" x="112" y="419" width="172" height="91" frameX="-12" frameY="-8" frameWidth="196" frameHeight="99"/>
    <SubTexture name="SPAM_RearrangedBitmap7895575093_fx" x="2" y="426" width="44" height="44" frameX="0" frameY="-1" frameWidth="52" frameHeight="52"/>
    <SubTexture name="SPAM_RearrangedBitmap8653180432" x="286" y="419" width="87" height="89" frameX="0" frameY="0" frameWidth="97" frameHeight="97"/>
    <SubTexture name="SPAM_RearrangedBitmap9133181788_fx" x="2" y="250" width="108" height="174" frameX="-5" frameY="-7" frameWidth="122" frameHeight="184"/>
    <SubTexture name="SPAM_RearrangedBitmap9708525171_fx" x="2" y="472" width="27" height="27" frameX="0" frameY="0" frameWidth="29" frameHeight="29"/>
    <SubTexture name="bitmap_1" x="496" y="2" width="1" height="1" frameX="0" frameY="0" frameWidth="7" frameHeight="3"/>
    <SubTexture name="copia_mapa_de_bits_1" x="2" y="2" width="492" height="246"/>
    <SubTexture name="mapa_de_bits_2" x="112" y="250" width="272" height="167"/>
</TextureAtlas>
