<?xml version="1.0" encoding="UTF-8"?>
<!-- Created with TexturePacker http://www.codeandweb.com/texturepacker-->
<!-- $TexturePacker:SmartUpdate:eb08efb5d1970ee6358d06ca005f0864:db4cd94c7277f027da139ef1e17fa28a:bd3f9af89bd123f561faf1991b509c78$ -->
<TextureAtlas imagePath="ui_perk_anim_HD_tweened_dxt5.dds" scale="1.03118896484375">
    <SubTexture name="SPAM_RearrangedBitmap1542957562" x="905" y="126" width="116" height="185" frameX="-13" frameY="-14" frameWidth="148" frameHeight="213"/>
    <SubTexture name="SPAM_RearrangedBitmap4482183566" x="2" y="481" width="253" height="195" frameX="-18" frameY="-11" frameWidth="291" frameHeight="221"/>
    <SubTexture name="SPAM_RearrangedBitmap5670693666" x="780" y="127" width="123" height="91" frameX="-12" frameY="-13" frameWidth="149" frameHeight="117"/>
    <SubTexture name="SPAM_RearrangedBitmap7895575093" x="420" y="130" width="131" height="120" frameX="-12" frameY="-11" frameWidth="159" frameHeight="142"/>
    <SubTexture name="SPAM_RearrangedBitmap8126970198" x="2" y="897" width="142" height="108" frameX="-16" frameY="-17" frameWidth="176" frameHeight="140"/>
    <SubTexture name="SPAM_RearrangedBitmap8653180432" x="961" y="313" width="59" height="35" frameX="-12" frameY="-9" frameWidth="89" frameHeight="55"/>
    <SubTexture name="SPAM_RearrangedBitmap9133181788" x="687" y="2" width="112" height="123" frameX="-16" frameY="-13" frameWidth="146" frameHeight="155"/>
    <SubTexture name="SPAM_RearrangedBitmap9649242495" x="254" y="2" width="303" height="126" frameX="-14" frameY="-9" frameWidth="335" frameHeight="146"/>
    <SubTexture name="SPAM_RearrangedBitmap9708525171" x="254" y="130" width="164" height="118" frameX="-12" frameY="-11" frameWidth="192" frameHeight="144"/>
    <SubTexture name="bitmap_1" x="227" y="456" width="1" height="1" frameX="0" frameY="0" frameWidth="4" frameHeight="2"/>
    <SubTexture name="copia_mapa_de_bits_23" x="414" y="666" width="134" height="211" frameX="-28" frameY="-32" frameWidth="204" frameHeight="269"/>
    <SubTexture name="copia_mapa_de_bits_24" x="278" y="670" width="134" height="213" frameX="-28" frameY="-26" frameWidth="194" frameHeight="267"/>
    <SubTexture name="copia_mapa_de_bits_25_2" x="396" y="456" width="136" height="208" frameX="-24" frameY="-25" frameWidth="188" frameHeight="256"/>
    <SubTexture name="ic_combat_perk_frame_pro_png" x="146" y="897" width="121" height="121" frameX="-1" frameY="-1" frameWidth="123" frameHeight="123"/>
    <SubTexture name="ic_phoenix_perk_png" x="943" y="933" width="73" height="71" frameX="-24" frameY="-29" frameWidth="123" frameHeight="123"/>
    <SubTexture name="mapa_de_bits_1" x="227" y="254" width="198" height="200" frameX="-3" frameY="-3" frameWidth="204" frameHeight="204"/>
    <SubTexture name="mapa_de_bits_10" x="909" y="369" width="81" height="79" frameX="-30" frameY="-37" frameWidth="143" frameHeight="143"/>
    <SubTexture name="mapa_de_bits_11" x="888" y="854" width="79" height="77" frameX="-30" frameY="-36" frameWidth="139" frameHeight="139"/>
    <SubTexture name="mapa_de_bits_12" x="827" y="297" width="76" height="72" frameX="-25" frameY="-33" frameWidth="128" frameHeight="128"/>
    <SubTexture name="mapa_de_bits_13" x="877" y="952" width="64" height="64" frameX="-22" frameY="-26" frameWidth="108" frameHeight="108"/>
    <SubTexture name="mapa_de_bits_14" x="905" y="313" width="54" height="54"/>
    <SubTexture name="mapa_de_bits_15" x="904" y="2" width="90" height="92" frameX="-1" frameY="0" frameWidth="92" frameHeight="92"/>
    <SubTexture name="mapa_de_bits_16" x="269" y="897" width="118" height="120" frameX="-1" frameY="0" frameWidth="120" frameHeight="120"/>
    <SubTexture name="mapa_de_bits_17" x="141" y="678" width="135" height="217" frameX="-22" frameY="-20" frameWidth="179" frameHeight="259"/>
    <SubTexture name="mapa_de_bits_17_" x="671" y="873" width="135" height="135" frameX="-1" frameY="-1" frameWidth="137" frameHeight="137"/>
    <SubTexture name="mapa_de_bits_18" x="685" y="656" width="128" height="212" frameX="-22" frameY="-10" frameWidth="170" frameHeight="230"/>
    <SubTexture name="mapa_de_bits_18_" x="528" y="879" width="141" height="141" frameX="-1" frameY="-1" frameWidth="143" frameHeight="143"/>
    <SubTexture name="mapa_de_bits_19" x="888" y="647" width="127" height="205" frameX="-21" frameY="-19" frameWidth="171" frameHeight="245"/>
    <SubTexture name="mapa_de_bits_19_" x="389" y="885" width="137" height="137" frameX="-1" frameY="-1" frameWidth="139" frameHeight="139"/>
    <SubTexture name="mapa_de_bits_2" x="2" y="254" width="223" height="225" frameX="-3" frameY="-3" frameWidth="229" frameHeight="229"/>
    <SubTexture name="mapa_de_bits_20" x="560" y="249" width="133" height="204" frameX="-27" frameY="-16" frameWidth="183" frameHeight="250"/>
    <SubTexture name="mapa_de_bits_20_" x="559" y="2" width="126" height="126" frameX="-1" frameY="-2" frameWidth="128" frameHeight="128"/>
    <SubTexture name="mapa_de_bits_21" x="550" y="663" width="133" height="208" frameX="-24" frameY="-21" frameWidth="193" frameHeight="250"/>
    <SubTexture name="mapa_de_bits_21_" x="672" y="130" width="106" height="108" frameX="-1" frameY="0" frameWidth="108" frameHeight="108"/>
    <SubTexture name="mapa_de_bits_22" x="695" y="240" width="130" height="209" frameX="-25" frameY="-30" frameWidth="188" frameHeight="265"/>
    <SubTexture name="mapa_de_bits_22_" x="808" y="870" width="78" height="80" frameX="-1" frameY="0" frameWidth="80" frameHeight="80"/>
    <SubTexture name="mapa_de_bits_23" x="801" y="2" width="101" height="103" frameX="-1" frameY="0" frameWidth="103" frameHeight="103"/>
    <SubTexture name="mapa_de_bits_24" x="553" y="130" width="117" height="117" frameX="-1" frameY="-1" frameWidth="119" frameHeight="119"/>
    <SubTexture name="mapa_de_bits_26_" x="673" y="455" width="131" height="199" frameX="-24" frameY="-22" frameWidth="185" frameHeight="245"/>
    <SubTexture name="mapa_de_bits_27_" x="806" y="451" width="131" height="194" frameX="-22" frameY="-32" frameWidth="181" frameHeight="248"/>
    <SubTexture name="mapa_de_bits_28_" x="427" y="252" width="131" height="201" frameX="-21" frameY="-41" frameWidth="185" frameHeight="265"/>
    <SubTexture name="mapa_de_bits_29_" x="534" y="455" width="137" height="206" frameX="-27" frameY="-20" frameWidth="185" frameHeight="250"/>
    <SubTexture name="mapa_de_bits_3" x="2" y="2" width="250" height="250" frameX="-3" frameY="-4" frameWidth="256" frameHeight="256"/>
    <SubTexture name="mapa_de_bits_30_" x="257" y="456" width="137" height="212" frameX="-20" frameY="-14" frameWidth="181" frameHeight="248"/>
    <SubTexture name="mapa_de_bits_31_" x="2" y="678" width="137" height="217" frameX="-21" frameY="-20" frameWidth="191" frameHeight="265"/>
    <SubTexture name="mapa_de_bits_4" x="904" y="96" width="28" height="28" frameX="-7" frameY="-8" frameWidth="42" frameHeight="42"/>
    <SubTexture name="mapa_de_bits_5" x="969" y="854" width="44" height="44" frameX="-14" frameY="-16" frameWidth="72" frameHeight="72"/>
    <SubTexture name="mapa_de_bits_6" x="815" y="647" width="59" height="57" frameX="-18" frameY="-23" frameWidth="97" frameHeight="97"/>
    <SubTexture name="mapa_de_bits_7" x="808" y="952" width="67" height="67" frameX="-26" frameY="-29" frameWidth="117" frameHeight="117"/>
    <SubTexture name="mapa_de_bits_8" x="827" y="220" width="75" height="75" frameX="-27" frameY="-32" frameWidth="131" frameHeight="131"/>
    <SubTexture name="mapa_de_bits_9" x="827" y="371" width="80" height="78" frameX="-29" frameY="-36" frameWidth="140" frameHeight="140"/>
</TextureAtlas>
