<?xml version="1.0" encoding="UTF-8"?>
<!-- Created with TexturePacker http://www.codeandweb.com/texturepacker-->
<!-- $TexturePacker:SmartUpdate:79f95ad29134273e8e5b6c1f76ec4531:8f868b00ff3af2c5e24451d3312e662e:542cdbd807fe935006a5b455ff7e59bc$ -->
<TextureAtlas imagePath="1012_dragon_flaming_rock_d_3_HD_tweened_dxt5.dds" scale="0.984283447266">
    <SubTexture name="SPAM_RearrangedBitmap1006995913" x="696" y="215" width="279" height="212" frameX="-63" frameY="-74" frameWidth="365" frameHeight="312"/>
    <SubTexture name="SPAM_RearrangedBitmap1026128579" x="957" y="843" width="52" height="65"/>
    <SubTexture name="SPAM_RearrangedBitmap1101841976" x="323" y="404" width="17" height="18"/>
    <SubTexture name="SPAM_RearrangedBitmap1236621671" x="578" y="884" width="59" height="94"/>
    <SubTexture name="SPAM_RearrangedBitmap1490119599" x="2" y="423" width="285" height="217" frameX="-55" frameY="-82" frameWidth="377" frameHeight="323"/>
    <SubTexture name="SPAM_RearrangedBitmap1542957562" x="608" y="643" width="91" height="86" frameX="-11" frameY="-14" frameWidth="125" frameHeight="116"/>
    <SubTexture name="SPAM_RearrangedBitmap1671734047" x="847" y="730" width="83" height="71"/>
    <SubTexture name="SPAM_RearrangedBitmap1894464784" x="713" y="976" width="70" height="37"/>
    <SubTexture name="SPAM_RearrangedBitmap2109201241" x="847" y="581" width="99" height="66"/>
    <SubTexture name="SPAM_RearrangedBitmap29130765" x="932" y="784" width="86" height="57"/>
    <SubTexture name="SPAM_RearrangedBitmap2943053712" x="132" y="642" width="211" height="246"/>
    <SubTexture name="SPAM_RearrangedBitmap2989518749" x="698" y="2" width="324" height="211" frameX="-40" frameY="-91" frameWidth="402" frameHeight="325"/>
    <SubTexture name="SPAM_RearrangedBitmap3277260825" x="517" y="980" width="55" height="42" frameX="-1" frameY="-2" frameWidth="61" frameHeight="48"/>
    <SubTexture name="SPAM_RearrangedBitmap3672508151" x="323" y="281" width="25" height="102"/>
    <SubTexture name="SPAM_RearrangedBitmap3758818261" x="950" y="441" width="70" height="79" frameX="-12" frameY="-10" frameWidth="102" frameHeight="103"/>
    <SubTexture name="SPAM_RearrangedBitmap3944694877" x="324" y="890" width="70" height="98"/>
    <SubTexture name="SPAM_RearrangedBitmap3996843562" x="307" y="423" width="14" height="17"/>
    <SubTexture name="SPAM_RearrangedBitmap4013989714" x="847" y="962" width="96" height="58"/>
    <SubTexture name="SPAM_RearrangedBitmap4077509624" x="696" y="581" width="97" height="58"/>
    <SubTexture name="SPAM_RearrangedBitmap4326876870" x="403" y="405" width="108" height="84" frameX="-7" frameY="-11" frameWidth="130" frameHeight="108"/>
    <SubTexture name="SPAM_RearrangedBitmap4456335529" x="781" y="649" width="94" height="79"/>
    <SubTexture name="SPAM_RearrangedBitmap4482183566" x="847" y="496" width="100" height="83" frameX="-10" frameY="-15" frameWidth="128" frameHeight="113"/>
    <SubTexture name="SPAM_RearrangedBitmap4950982043" x="945" y="953" width="52" height="65"/>
    <SubTexture name="SPAM_RearrangedBitmap5076510266" x="785" y="976" width="60" height="37"/>
    <SubTexture name="SPAM_RearrangedBitmap5265554453" x="847" y="429" width="101" height="65"/>
    <SubTexture name="SPAM_RearrangedBitmap5285004386" x="121" y="893" width="70" height="108"/>
    <SubTexture name="SPAM_RearrangedBitmap5377896167" x="355" y="210" width="316" height="193" frameX="-37" frameY="-66" frameWidth="388" frameHeight="287"/>
    <SubTexture name="SPAM_RearrangedBitmap5516101102" x="808" y="883" width="92" height="77"/>
    <SubTexture name="SPAM_RearrangedBitmap5556315498" x="516" y="822" width="101" height="60"/>
    <SubTexture name="SPAM_RearrangedBitmap5584909574" x="948" y="644" width="62" height="63" frameX="-7" frameY="-7" frameWidth="82" frameHeight="81"/>
    <SubTexture name="SPAM_RearrangedBitmap5603749268" x="949" y="522" width="69" height="56"/>
    <SubTexture name="SPAM_RearrangedBitmap5670693666" x="673" y="210" width="21" height="24"/>
    <SubTexture name="SPAM_RearrangedBitmap595760024" x="949" y="580" width="67" height="62"/>
    <SubTexture name="SPAM_RearrangedBitmap6292116069" x="352" y="242" width="1" height="1" frameX="0" frameY="0" frameWidth="408" frameHeight="280"/>
    <SubTexture name="SPAM_RearrangedBitmap6511328016" x="574" y="980" width="65" height="41"/>
    <SubTexture name="SPAM_RearrangedBitmap6576889203" x="977" y="357" width="35" height="39"/>
    <SubTexture name="SPAM_RearrangedBitmap663513224" x="902" y="883" width="53" height="68"/>
    <SubTexture name="SPAM_RearrangedBitmap6771352062" x="2" y="204" width="319" height="217" frameX="-48" frameY="-85" frameWidth="393" frameHeight="323"/>
    <SubTexture name="SPAM_RearrangedBitmap6871806784" x="641" y="976" width="70" height="38"/>
    <SubTexture name="SPAM_RearrangedBitmap6983673924" x="808" y="803" width="98" height="78"/>
    <SubTexture name="SPAM_RearrangedBitmap7387235996" x="289" y="423" width="16" height="8"/>
    <SubTexture name="SPAM_RearrangedBitmap7419318374" x="2" y="893" width="117" height="113"/>
    <SubTexture name="SPAM_RearrangedBitmap8126970198" x="516" y="643" width="90" height="177"/>
    <SubTexture name="SPAM_RearrangedBitmap8405129396" x="517" y="884" width="59" height="94"/>
    <SubTexture name="SPAM_RearrangedBitmap8449238453" x="696" y="429" width="98" height="67"/>
    <SubTexture name="SPAM_RearrangedBitmap8653180432" x="701" y="641" width="78" height="85" frameX="-14" frameY="-13" frameWidth="116" frameHeight="113"/>
    <SubTexture name="SPAM_RearrangedBitmap8695154848" x="355" y="2" width="341" height="206" frameX="-43" frameY="-87" frameWidth="403" frameHeight="318"/>
    <SubTexture name="SPAM_RearrangedBitmap9133181788" x="193" y="890" width="129" height="101"/>
    <SubTexture name="SPAM_RearrangedBitmap9280296696" x="323" y="385" width="21" height="17"/>
    <SubTexture name="SPAM_RearrangedBitmap9443806021" x="877" y="649" width="53" height="68"/>
    <SubTexture name="SPAM_RearrangedBitmap9496328720" x="977" y="215" width="38" height="98"/>
    <SubTexture name="SPAM_RearrangedBitmap9645380225" x="2" y="2" width="351" height="200" frameX="-40" frameY="-95" frameWidth="415" frameHeight="318"/>
    <SubTexture name="SPAM_RearrangedBitmap9649242495" x="403" y="491" width="107" height="84" frameX="-7" frameY="-12" frameWidth="129" frameHeight="110"/>
    <SubTexture name="SPAM_RearrangedBitmap9708525171" x="323" y="429" width="78" height="205"/>
    <SubTexture name="SPAM_RearrangedBitmap9778228021" x="396" y="884" width="119" height="138"/>
    <SubTexture name="SPAM_RearrangedBitmap9943812345" x="932" y="709" width="87" height="73"/>
    <SubTexture name="SPAM_RearrangedBitmap9992403159" x="403" y="577" width="94" height="57"/>
    <SubTexture name="mapa_de_bits_1" x="323" y="204" width="30" height="36" frameX="0" frameY="0" frameWidth="32" frameHeight="38"/>
    <SubTexture name="mapa_de_bits_2" x="323" y="242" width="27" height="37" frameX="0" frameY="0" frameWidth="29" frameHeight="39"/>
    <SubTexture name="mapa_de_bits_3" x="977" y="398" width="34" height="41" frameX="-2" frameY="-2" frameWidth="42" frameHeight="49"/>
    <SubTexture name="mapa_de_bits_4" x="977" y="315" width="37" height="40" frameX="-3" frameY="-4" frameWidth="45" frameHeight="50"/>
    <SubTexture name="mapa_de_bits_5" x="2" y="642" width="128" height="249" frameX="-2" frameY="-1" frameWidth="134" frameHeight="255"/>
    <SubTexture name="mapa_de_bits_6" x="639" y="731" width="167" height="243" frameX="0" frameY="-1" frameWidth="171" frameHeight="247"/>
    <SubTexture name="mapa_de_bits_7" x="516" y="405" width="178" height="236" frameX="-1" frameY="-1" frameWidth="182" frameHeight="240"/>
    <SubTexture name="mapa_de_bits_8" x="345" y="636" width="169" height="246" frameX="0" frameY="-1" frameWidth="173" frameHeight="250"/>
</TextureAtlas>
