<?xml version="1.0" encoding="UTF-8"?>
<!-- Created with TexturePacker http://www.codeandweb.com/texturepacker-->
<!-- $TexturePacker:SmartUpdate:a3cd4e928447e0d518280c5ecc618112:62307084833306533c00197cf4ecc644:b6cc4d054863df59be14922f6bbd77f7$ -->
<TextureAtlas imagePath="1012_dragon_flaming_rock_d_3_HD_tweened_dxt5_map.dds" scale="1.08203125">
    <SubTexture name="SPAM_RearrangedBitmap1026128579" x="330" y="423" width="57" height="72"/>
    <SubTexture name="SPAM_RearrangedBitmap1101841976" x="315" y="198" width="19" height="20"/>
    <SubTexture name="SPAM_RearrangedBitmap1236621671" x="367" y="241" width="64" height="103"/>
    <SubTexture name="SPAM_RearrangedBitmap1894464784" x="433" y="285" width="77" height="41"/>
    <SubTexture name="SPAM_RearrangedBitmap2943053712" x="2" y="2" width="232" height="270"/>
    <SubTexture name="SPAM_RearrangedBitmap3672508151" x="481" y="2" width="28" height="112"/>
    <SubTexture name="SPAM_RearrangedBitmap3944694877" x="236" y="198" width="77" height="108"/>
    <SubTexture name="SPAM_RearrangedBitmap3996843562" x="115" y="491" width="16" height="19"/>
    <SubTexture name="SPAM_RearrangedBitmap4950982043" x="271" y="429" width="57" height="72"/>
    <SubTexture name="SPAM_RearrangedBitmap5076510266" x="427" y="375" width="66" height="41"/>
    <SubTexture name="SPAM_RearrangedBitmap5285004386" x="222" y="308" width="77" height="119"/>
    <SubTexture name="SPAM_RearrangedBitmap5603749268" x="90" y="428" width="76" height="61"/>
    <SubTexture name="SPAM_RearrangedBitmap5670693666" x="389" y="471" width="23" height="27"/>
    <SubTexture name="SPAM_RearrangedBitmap6511328016" x="433" y="328" width="72" height="45"/>
    <SubTexture name="SPAM_RearrangedBitmap663513224" x="211" y="429" width="58" height="75"/>
    <SubTexture name="SPAM_RearrangedBitmap6871806784" x="433" y="241" width="77" height="42"/>
    <SubTexture name="SPAM_RearrangedBitmap7387235996" x="467" y="226" width="18" height="9"/>
    <SubTexture name="SPAM_RearrangedBitmap7419318374" x="337" y="115" width="128" height="124"/>
    <SubTexture name="SPAM_RearrangedBitmap8126970198" x="236" y="2" width="99" height="194"/>
    <SubTexture name="SPAM_RearrangedBitmap8405129396" x="301" y="308" width="64" height="103"/>
    <SubTexture name="SPAM_RearrangedBitmap9133181788" x="337" y="2" width="142" height="111"/>
    <SubTexture name="SPAM_RearrangedBitmap9280296696" x="90" y="491" width="23" height="19"/>
    <SubTexture name="SPAM_RearrangedBitmap9443806021" x="367" y="346" width="58" height="75"/>
    <SubTexture name="SPAM_RearrangedBitmap9496328720" x="467" y="116" width="42" height="108"/>
    <SubTexture name="SPAM_RearrangedBitmap9708525171" x="2" y="274" width="86" height="226"/>
    <SubTexture name="SPAM_RearrangedBitmap9778228021" x="90" y="274" width="130" height="152"/>
    <SubTexture name="mapa_de_bits_1" x="427" y="418" width="33" height="40" frameX="0" frameY="0" frameWidth="35" frameHeight="42"/>
    <SubTexture name="mapa_de_bits_2" x="462" y="418" width="30" height="41" frameX="0" frameY="0" frameWidth="32" frameHeight="43"/>
    <SubTexture name="mapa_de_bits_3" x="389" y="423" width="36" height="46" frameX="-3" frameY="-2" frameWidth="46" frameHeight="54"/>
    <SubTexture name="mapa_de_bits_4" x="168" y="428" width="41" height="45" frameX="-3" frameY="-4" frameWidth="49" frameHeight="55"/>
</TextureAtlas>
