<?xml version="1.0" encoding="UTF-8"?>
<!-- Created with TexturePacker http://www.codeandweb.com/texturepacker-->
<!-- $TexturePacker:SmartUpdate:b4321ce72fa9ce21a9f306006df54003:c79617397bdec1490659aaf8088be4a2:0fff5ce024f290dcfc80e577220e0d5d$ -->
<TextureAtlas imagePath="2015_dragon_holy_1_HD_tweened_dxt5_map.dds" scale="1.0302734375">
    <SubTexture name="SPAM_RearrangedBitmap3277260825" x="171" y="154" width="63" height="100" frameX="-8" frameY="-6" frameWidth="81" frameHeight="118"/>
    <SubTexture name="SPAM_RearrangedBitmap5584909574" x="202" y="360" width="51" height="97" frameX="-7" frameY="-7" frameWidth="71" frameHeight="117"/>
    <SubTexture name="SPAM_RearrangedBitmap5670693666" x="227" y="258" width="55" height="100" frameX="-4" frameY="-6" frameWidth="69" frameHeight="114"/>
    <SubTexture name="SPAM_RearrangedBitmap669860168" x="296" y="154" width="51" height="100" frameX="-8" frameY="-5" frameWidth="69" frameHeight="116"/>
    <SubTexture name="SPAM_RearrangedBitmap7895575093" x="236" y="154" width="58" height="102" frameX="-5" frameY="-5" frameWidth="72" frameHeight="116"/>
    <SubTexture name="SPAM_RearrangedBitmap8126970198" x="2" y="339" width="59" height="105" frameX="-4" frameY="-8" frameWidth="73" frameHeight="121"/>
    <SubTexture name="SPAM_RearrangedBitmap9133181788" x="166" y="256" width="59" height="100" frameX="-7" frameY="-5" frameWidth="75" frameHeight="114"/>
    <SubTexture name="SPAM_RearrangedBitmap9708525171" x="255" y="360" width="45" height="97" frameX="-6" frameY="-6" frameWidth="61" frameHeight="113"/>
    <SubTexture name="part_001_png" x="390" y="197" width="56" height="40"/>
    <SubTexture name="part_002_png" x="393" y="491" width="35" height="19"/>
    <SubTexture name="part_003_png" x="482" y="451" width="27" height="20"/>
    <SubTexture name="part_004_png" x="468" y="421" width="19" height="28"/>
    <SubTexture name="part_005_png" x="455" y="340" width="43" height="24"/>
    <SubTexture name="part_006_png" x="449" y="128" width="49" height="69"/>
    <SubTexture name="part_007_png" x="455" y="283" width="48" height="55"/>
    <SubTexture name="part_008_png" x="415" y="424" width="25" height="43"/>
    <SubTexture name="part_009_png" x="442" y="424" width="24" height="38"/>
    <SubTexture name="part_010_png" x="450" y="394" width="37" height="25"/>
    <SubTexture name="part_011_png" x="267" y="459" width="28" height="50"/>
    <SubTexture name="part_012_png" x="400" y="310" width="53" height="60"/>
    <SubTexture name="part_013_png" x="343" y="358" width="40" height="77"/>
    <SubTexture name="part_014_png" x="302" y="360" width="39" height="92"/>
    <SubTexture name="part_015_png" x="323" y="256" width="37" height="100"/>
    <SubTexture name="part_016_png" x="398" y="80" width="63" height="46"/>
    <SubTexture name="part_017_png" x="362" y="492" width="24" height="14"/>
    <SubTexture name="part_018_png" x="238" y="112" width="88" height="40"/>
    <SubTexture name="part_019_png" x="146" y="358" width="54" height="99"/>
    <SubTexture name="part_020_png" x="372" y="2" width="96" height="76"/>
    <SubTexture name="part_021_png" x="71" y="249" width="93" height="95"/>
    <SubTexture name="part_022_png" x="71" y="154" width="98" height="93"/>
    <SubTexture name="part_023_png" x="385" y="372" width="63" height="50"/>
    <SubTexture name="part_024_png" x="198" y="459" width="67" height="45"/>
    <SubTexture name="part_025_png" x="390" y="128" width="57" height="67"/>
    <SubTexture name="part_026_png" x="393" y="424" width="20" height="53"/>
    <SubTexture name="part_027_png" x="328" y="112" width="56" height="40"/>
    <SubTexture name="part_028_png" x="362" y="333" width="35" height="19"/>
    <SubTexture name="part_029_png" x="415" y="469" width="27" height="20"/>
    <SubTexture name="part_030_png" x="491" y="90" width="19" height="28"/>
    <SubTexture name="part_031_png" x="448" y="199" width="43" height="24"/>
    <SubTexture name="part_032_png" x="400" y="239" width="49" height="69"/>
    <SubTexture name="part_033_png" x="349" y="154" width="39" height="92"/>
    <SubTexture name="part_034_png" x="284" y="258" width="37" height="100"/>
    <SubTexture name="part_035_png" x="451" y="225" width="48" height="56"/>
    <SubTexture name="part_036_png" x="455" y="366" width="41" height="26"/>
    <SubTexture name="part_037_png" x="463" y="90" width="26" height="36"/>
    <SubTexture name="part_038_png" x="444" y="464" width="36" height="26"/>
    <SubTexture name="part_039_png" x="362" y="437" width="29" height="53"/>
    <SubTexture name="part_040_png" x="302" y="454" width="58" height="56"/>
    <SubTexture name="part_041_png" x="130" y="459" width="66" height="47"/>
    <SubTexture name="part_042_png" x="238" y="2" width="132" height="81"/>
    <SubTexture name="part_043_png" x="238" y="85" width="158" height="25"/>
    <SubTexture name="part_044_png" x="2" y="2" width="234" height="150"/>
    <SubTexture name="part_045_png" x="63" y="346" width="81" height="100"/>
    <SubTexture name="part_046_png" x="2" y="448" width="66" height="62"/>
    <SubTexture name="part_047_png" x="70" y="448" width="58" height="58"/>
    <SubTexture name="part_048_png" x="343" y="437" width="11" height="14"/>
    <SubTexture name="part_049_png" x="470" y="2" width="40" height="86"/>
    <SubTexture name="part_050_png" x="362" y="248" width="36" height="83"/>
    <SubTexture name="part_051_png" x="2" y="154" width="67" height="183"/>
</TextureAtlas>
