<?xml version="1.0" encoding="UTF-8"?>
<!-- Created with TexturePacker http://www.codeandweb.com/texturepacker-->
<!-- $TexturePacker:SmartUpdate:40f0485501aec29dd95bd8c4bb559988:d8e66ec8c53a5bf114d68b3c2de7d79e:cb64f9e01f91582cee2f4ba47382ccdf$ -->
<TextureAtlas imagePath="1039_dragon_metal_c_3_HD_tweened_dxt5.dds" scale="0.76171875">
    <SubTexture name="SPAM_RearrangedBitmap1006995913" x="905" y="750" width="84" height="92"/>
    <SubTexture name="SPAM_RearrangedBitmap1026128579" x="788" y="896" width="58" height="61"/>
    <SubTexture name="SPAM_RearrangedBitmap1101841976" x="958" y="93" width="64" height="89"/>
    <SubTexture name="SPAM_RearrangedBitmap1490119599" x="504" y="869" width="83" height="93"/>
    <SubTexture name="SPAM_RearrangedBitmap1542957562" x="753" y="446" width="33" height="37" frameX="0" frameY="0" frameWidth="35" frameHeight="39"/>
    <SubTexture name="SPAM_RearrangedBitmap1671734047" x="705" y="721" width="28" height="27" frameX="0" frameY="-1" frameWidth="30" frameHeight="31"/>
    <SubTexture name="SPAM_RearrangedBitmap1894464784" x="814" y="750" width="89" height="144"/>
    <SubTexture name="SPAM_RearrangedBitmap2109201241" x="429" y="922" width="58" height="81" frameX="0" frameY="0" frameWidth="60" frameHeight="83"/>
    <SubTexture name="SPAM_RearrangedBitmap29130765" x="753" y="446" width="33" height="37" frameX="0" frameY="0" frameWidth="35" frameHeight="39"/>
    <SubTexture name="SPAM_RearrangedBitmap2943053712" x="237" y="858" width="180" height="88"/>
    <SubTexture name="SPAM_RearrangedBitmap2989518749" x="337" y="948" width="90" height="55"/>
    <SubTexture name="SPAM_RearrangedBitmap3277260825" x="901" y="900" width="58" height="82" frameX="0" frameY="0" frameWidth="60" frameHeight="84"/>
    <SubTexture name="SPAM_RearrangedBitmap3672508151" x="848" y="896" width="51" height="85"/>
    <SubTexture name="SPAM_RearrangedBitmap3758818261" x="489" y="964" width="47" height="48" frameX="0" frameY="0" frameWidth="49" frameHeight="52"/>
    <SubTexture name="SPAM_RearrangedBitmap3944694877" x="705" y="750" width="107" height="143"/>
    <SubTexture name="SPAM_RearrangedBitmap4013989714" x="259" y="296" width="222" height="277" frameX="0" frameY="0" frameWidth="224" frameHeight="279"/>
    <SubTexture name="SPAM_RearrangedBitmap4077509624" x="2" y="2" width="255" height="311" frameX="0" frameY="0" frameWidth="257" frameHeight="311"/>
    <SubTexture name="SPAM_RearrangedBitmap4326876870" x="2" y="615" width="216" height="285" frameX="0" frameY="0" frameWidth="218" frameHeight="287"/>
    <SubTexture name="SPAM_RearrangedBitmap4456335529" x="483" y="446" width="268" height="194"/>
    <SubTexture name="SPAM_RearrangedBitmap4482183566" x="516" y="2" width="222" height="269" frameX="0" frameY="0" frameWidth="224" frameHeight="271"/>
    <SubTexture name="SPAM_RearrangedBitmap5265554453" x="489" y="964" width="47" height="48" frameX="0" frameY="0" frameWidth="49" frameHeight="52"/>
    <SubTexture name="SPAM_RearrangedBitmap5377896167" x="961" y="900" width="58" height="92"/>
    <SubTexture name="SPAM_RearrangedBitmap5516101102" x="516" y="273" width="275" height="171"/>
    <SubTexture name="SPAM_RearrangedBitmap5556315498" x="337" y="1005" width="8" height="17" frameX="0" frameY="0" frameWidth="10" frameHeight="19"/>
    <SubTexture name="SPAM_RearrangedBitmap5584909574" x="705" y="692" width="28" height="27" frameX="0" frameY="-1" frameWidth="30" frameHeight="31"/>
    <SubTexture name="SPAM_RearrangedBitmap5603749268" x="650" y="869" width="51" height="85"/>
    <SubTexture name="SPAM_RearrangedBitmap5670693666" x="259" y="575" width="33" height="36" frameX="0" frameY="0" frameWidth="35" frameHeight="38"/>
    <SubTexture name="SPAM_RearrangedBitmap595760024" x="958" y="184" width="58" height="83" frameX="0" frameY="0" frameWidth="60" frameHeight="83"/>
    <SubTexture name="SPAM_RearrangedBitmap6292116069" x="703" y="895" width="83" height="51"/>
    <SubTexture name="SPAM_RearrangedBitmap6576889203" x="220" y="615" width="240" height="241" frameX="0" frameY="0" frameWidth="242" frameHeight="243"/>
    <SubTexture name="SPAM_RearrangedBitmap669860168" x="753" y="522" width="247" height="226" frameX="0" frameY="0" frameWidth="249" frameHeight="226"/>
    <SubTexture name="SPAM_RearrangedBitmap6771352062" x="589" y="869" width="59" height="92"/>
    <SubTexture name="SPAM_RearrangedBitmap6871806784" x="905" y="844" width="90" height="54"/>
    <SubTexture name="SPAM_RearrangedBitmap6983673924" x="462" y="642" width="241" height="225" frameX="0" frameY="0" frameWidth="243" frameHeight="227"/>
    <SubTexture name="SPAM_RearrangedBitmap7419318374" x="958" y="2" width="64" height="89"/>
    <SubTexture name="SPAM_RearrangedBitmap7895575093" x="259" y="2" width="255" height="292" frameX="0" frameY="0" frameWidth="257" frameHeight="292"/>
    <SubTexture name="SPAM_RearrangedBitmap8126970198" x="419" y="922" width="8" height="17" frameX="0" frameY="0" frameWidth="10" frameHeight="19"/>
    <SubTexture name="SPAM_RearrangedBitmap8405129396" x="2" y="902" width="233" height="95"/>
    <SubTexture name="SPAM_RearrangedBitmap8449238453" x="483" y="296" width="27" height="29" frameX="0" frameY="0" frameWidth="31" frameHeight="31"/>
    <SubTexture name="SPAM_RearrangedBitmap8653180432" x="419" y="922" width="8" height="17" frameX="0" frameY="0" frameWidth="10" frameHeight="19"/>
    <SubTexture name="SPAM_RearrangedBitmap8695154848" x="237" y="948" width="98" height="73"/>
    <SubTexture name="SPAM_RearrangedBitmap9133181788" x="740" y="2" width="216" height="269" frameX="0" frameY="0" frameWidth="218" frameHeight="271"/>
    <SubTexture name="SPAM_RearrangedBitmap9645380225" x="419" y="869" width="83" height="51"/>
    <SubTexture name="SPAM_RearrangedBitmap9649242495" x="2" y="315" width="255" height="298" frameX="0" frameY="0" frameWidth="257" frameHeight="300"/>
    <SubTexture name="SPAM_RearrangedBitmap9708525171" x="793" y="273" width="221" height="247" frameX="0" frameY="0" frameWidth="223" frameHeight="249"/>
    <SubTexture name="SPAM_RearrangedBitmap9943812345" x="705" y="642" width="45" height="48" frameX="-1" frameY="0" frameWidth="49" frameHeight="52"/>
    <SubTexture name="SPAM_RearrangedBitmap9992403159" x="2" y="615" width="216" height="285" frameX="0" frameY="0" frameWidth="218" frameHeight="287"/>
</TextureAtlas>
