<?xml version="1.0" encoding="UTF-8"?>
<!-- Created with TexturePacker http://www.codeandweb.com/texturepacker-->
<!-- $TexturePacker:SmartUpdate:b068c1a9c1f2b336265d09a9a3513956:289b6e9aca7ffa5c969a67f933a6a60f:2120a67c59f5ae66f9d4a2ff50a296d1$ -->
<TextureAtlas imagePath="1039_dragon_metal_c_3_HD_tweened_dxt5_map.dds" scale="0.750732421875">
    <SubTexture name="SPAM_RearrangedBitmap1006995913" x="269" y="270" width="83" height="91"/>
    <SubTexture name="SPAM_RearrangedBitmap1026128579" x="269" y="187" width="57" height="60"/>
    <SubTexture name="SPAM_RearrangedBitmap1101841976" x="401" y="360" width="63" height="88"/>
    <SubTexture name="SPAM_RearrangedBitmap1490119599" x="198" y="365" width="82" height="92"/>
    <SubTexture name="SPAM_RearrangedBitmap1894464784" x="2" y="365" width="87" height="142"/>
    <SubTexture name="SPAM_RearrangedBitmap2943053712" x="275" y="98" width="177" height="87"/>
    <SubTexture name="SPAM_RearrangedBitmap2989518749" x="419" y="270" width="89" height="54"/>
    <SubTexture name="SPAM_RearrangedBitmap3672508151" x="454" y="184" width="51" height="84"/>
    <SubTexture name="SPAM_RearrangedBitmap3944694877" x="91" y="365" width="105" height="141"/>
    <SubTexture name="SPAM_RearrangedBitmap4456335529" x="2" y="172" width="265" height="191"/>
    <SubTexture name="SPAM_RearrangedBitmap5377896167" x="342" y="363" width="57" height="90"/>
    <SubTexture name="SPAM_RearrangedBitmap5516101102" x="2" y="2" width="271" height="168"/>
    <SubTexture name="SPAM_RearrangedBitmap5603749268" x="454" y="98" width="51" height="84"/>
    <SubTexture name="SPAM_RearrangedBitmap6292116069" x="281" y="459" width="81" height="50"/>
    <SubTexture name="SPAM_RearrangedBitmap6771352062" x="282" y="363" width="58" height="90"/>
    <SubTexture name="SPAM_RearrangedBitmap6871806784" x="364" y="455" width="89" height="54"/>
    <SubTexture name="SPAM_RearrangedBitmap7419318374" x="354" y="270" width="63" height="88"/>
    <SubTexture name="SPAM_RearrangedBitmap8405129396" x="275" y="2" width="230" height="94"/>
    <SubTexture name="SPAM_RearrangedBitmap8695154848" x="354" y="187" width="96" height="72"/>
    <SubTexture name="SPAM_RearrangedBitmap9645380225" x="198" y="459" width="81" height="50"/>
</TextureAtlas>
