<?xml version="1.0" encoding="UTF-8"?>
<!-- Created with TexturePacker http://www.codeandweb.com/texturepacker-->
<!-- $TexturePacker:SmartUpdate:a9e20339ceb67c1e1701f42bd40526e5:6cef521eafd718a0f499055cabeba2c7:e5b08e692326a06e51f2fbabed4e975d$ -->
<TextureAtlas imagePath="1031_dragon_electric_d_3_HD_tweened_dxt5_map.dds" scale="0.912048339844">
    <SubTexture name="SPAM_RearrangedBitmap1014470135" x="126" y="355" width="85" height="108" frameX="-2" frameY="-2" frameWidth="93" frameHeight="116"/>
    <SubTexture name="SPAM_RearrangedBitmap1101841976" x="366" y="138" width="51" height="91"/>
    <SubTexture name="SPAM_RearrangedBitmap1236621671" x="337" y="240" width="66" height="103"/>
    <SubTexture name="SPAM_RearrangedBitmap1894464784" x="60" y="451" width="37" height="57"/>
    <SubTexture name="SPAM_RearrangedBitmap2765236914" x="99" y="465" width="41" height="16"/>
    <SubTexture name="SPAM_RearrangedBitmap2950249609" x="449" y="422" width="35" height="55"/>
    <SubTexture name="SPAM_RearrangedBitmap2989518749" x="290" y="461" width="41" height="16"/>
    <SubTexture name="SPAM_RearrangedBitmap3398388945" x="213" y="355" width="75" height="118" frameX="-3" frameY="-2" frameWidth="85" frameHeight="126"/>
    <SubTexture name="SPAM_RearrangedBitmap3672508151" x="412" y="411" width="35" height="58"/>
    <SubTexture name="SPAM_RearrangedBitmap4381861515" x="149" y="167" width="112" height="111" frameX="-3" frameY="-2" frameWidth="122" frameHeight="119"/>
    <SubTexture name="SPAM_RearrangedBitmap4950982043" x="2" y="451" width="56" height="59"/>
    <SubTexture name="SPAM_RearrangedBitmap5076510266" x="419" y="2" width="91" height="158"/>
    <SubTexture name="SPAM_RearrangedBitmap5603749268" x="482" y="290" width="20" height="20"/>
    <SubTexture name="SPAM_RearrangedBitmap5760018857" x="290" y="345" width="62" height="114" frameX="-2" frameY="-3" frameWidth="70" frameHeight="124"/>
    <SubTexture name="SPAM_RearrangedBitmap5775007928" x="2" y="2" width="248" height="163"/>
    <SubTexture name="SPAM_RearrangedBitmap6292116069" x="471" y="312" width="35" height="55"/>
    <SubTexture name="SPAM_RearrangedBitmap6601560834" x="2" y="167" width="145" height="159"/>
    <SubTexture name="SPAM_RearrangedBitmap6614714115" x="459" y="369" width="43" height="51"/>
    <SubTexture name="SPAM_RearrangedBitmap6635639284" x="426" y="365" width="31" height="27" frameX="-3" frameY="-2" frameWidth="41" frameHeight="35"/>
    <SubTexture name="SPAM_RearrangedBitmap6871806784" x="354" y="411" width="56" height="60"/>
    <SubTexture name="SPAM_RearrangedBitmap7419318374" x="405" y="243" width="75" height="67"/>
    <SubTexture name="SPAM_RearrangedBitmap7775137272" x="252" y="2" width="165" height="134"/>
    <SubTexture name="SPAM_RearrangedBitmap7955171125" x="2" y="328" width="122" height="121" frameX="-3" frameY="-3" frameWidth="132" frameHeight="129"/>
    <SubTexture name="SPAM_RearrangedBitmap8204493345" x="354" y="345" width="70" height="64" frameX="-3" frameY="-2" frameWidth="80" frameHeight="72"/>
    <SubTexture name="SPAM_RearrangedBitmap8307186886" x="263" y="138" width="101" height="100" frameX="-1" frameY="-2" frameWidth="109" frameHeight="108"/>
    <SubTexture name="SPAM_RearrangedBitmap8472535027" x="419" y="162" width="89" height="79" frameX="-3" frameY="-2" frameWidth="99" frameHeight="87"/>
    <SubTexture name="SPAM_RearrangedBitmap8695154848" x="482" y="243" width="20" height="45"/>
    <SubTexture name="SPAM_RearrangedBitmap9443806021" x="149" y="280" width="118" height="73"/>
    <SubTexture name="SPAM_RearrangedBitmap9645380225" x="426" y="312" width="43" height="51"/>
    <SubTexture name="SPAM_RearrangedBitmap9778228021" x="269" y="240" width="66" height="103"/>
</TextureAtlas>
