<?xml version="1.0" encoding="UTF-8"?>
<!-- Created with TexturePacker http://www.codeandweb.com/texturepacker-->
<!-- $TexturePacker:SmartUpdate:87fdfeec1f0d9a66ccc30154ddf5c215:c6ed27f44d14bfd36178c9696b8e8233:1b6747f97a837820502cec4355d3d43f$ -->
<TextureAtlas imagePath="1031_dragon_electric_d_3_HD_tweened_dxt5.dds" scale="1.046875">
    <SubTexture name="SPAM_RearrangedBitmap1006995913" x="808" y="447" width="78" height="69" frameX="-2" frameY="-3" frameWidth="88" frameHeight="79"/>
    <SubTexture name="SPAM_RearrangedBitmap1014470135" x="721" y="767" width="97" height="124" frameX="-3" frameY="-3" frameWidth="107" frameHeight="134"/>
    <SubTexture name="SPAM_RearrangedBitmap1026128579" x="903" y="700" width="76" height="68" frameX="-2" frameY="-2" frameWidth="86" frameHeight="78"/>
    <SubTexture name="SPAM_RearrangedBitmap1101841976" x="859" y="518" width="58" height="104"/>
    <SubTexture name="SPAM_RearrangedBitmap1236621671" x="808" y="327" width="76" height="118"/>
    <SubTexture name="SPAM_RearrangedBitmap1490119599" x="446" y="950" width="83" height="72" frameX="-4" frameY="-2" frameWidth="95" frameHeight="80"/>
    <SubTexture name="SPAM_RearrangedBitmap1791443364" x="2" y="256" width="717" height="71" frameX="-3" frameY="-3" frameWidth="727" frameHeight="81"/>
    <SubTexture name="SPAM_RearrangedBitmap1894464784" x="859" y="700" width="42" height="65"/>
    <SubTexture name="SPAM_RearrangedBitmap2765236914" x="888" y="476" width="48" height="18"/>
    <SubTexture name="SPAM_RearrangedBitmap2943053712" x="964" y="770" width="58" height="60" frameX="-2" frameY="-3" frameWidth="68" frameHeight="70"/>
    <SubTexture name="SPAM_RearrangedBitmap2950249609" x="792" y="893" width="40" height="63"/>
    <SubTexture name="SPAM_RearrangedBitmap2989518749" x="170" y="827" width="48" height="18"/>
    <SubTexture name="SPAM_RearrangedBitmap3398388945" x="718" y="381" width="88" height="135" frameX="-2" frameY="-3" frameWidth="98" frameHeight="145"/>
    <SubTexture name="SPAM_RearrangedBitmap3672508151" x="531" y="950" width="40" height="67"/>
    <SubTexture name="SPAM_RearrangedBitmap3944694877" x="834" y="888" width="60" height="54" frameX="-2" frameY="-3" frameWidth="70" frameHeight="64"/>
    <SubTexture name="SPAM_RearrangedBitmap3996843562" x="361" y="868" width="83" height="147" frameX="-3" frameY="-2" frameWidth="93" frameHeight="155"/>
    <SubTexture name="SPAM_RearrangedBitmap4381861515" x="446" y="821" width="128" height="127" frameX="-3" frameY="-3" frameWidth="140" frameHeight="137"/>
    <SubTexture name="SPAM_RearrangedBitmap4950982043" x="898" y="841" width="64" height="68"/>
    <SubTexture name="SPAM_RearrangedBitmap5076510266" x="915" y="52" width="104" height="182"/>
    <SubTexture name="SPAM_RearrangedBitmap5197288459" x="2" y="2" width="1008" height="48" frameX="-3" frameY="-3" frameWidth="1018" frameHeight="58"/>
    <SubTexture name="SPAM_RearrangedBitmap5285004386" x="583" y="518" width="274" height="247" frameX="-2" frameY="-3" frameWidth="284" frameHeight="255"/>
    <SubTexture name="SPAM_RearrangedBitmap5377896167" x="888" y="407" width="90" height="67" frameX="-2" frameY="-2" frameWidth="100" frameHeight="75"/>
    <SubTexture name="SPAM_RearrangedBitmap5603749268" x="693" y="853" width="24" height="23"/>
    <SubTexture name="SPAM_RearrangedBitmap5760018857" x="721" y="248" width="70" height="131" frameX="-3" frameY="-4" frameWidth="80" frameHeight="143"/>
    <SubTexture name="SPAM_RearrangedBitmap5775007928" x="431" y="329" width="285" height="187"/>
    <SubTexture name="SPAM_RearrangedBitmap6292116069" x="974" y="328" width="40" height="63"/>
    <SubTexture name="SPAM_RearrangedBitmap6511328016" x="424" y="524" width="157" height="295" frameX="-3" frameY="-2" frameWidth="167" frameHeight="303"/>
    <SubTexture name="SPAM_RearrangedBitmap6601560834" x="2" y="827" width="166" height="183"/>
    <SubTexture name="SPAM_RearrangedBitmap660654836" x="2" y="106" width="648" height="148" frameX="-3" frameY="-3" frameWidth="658" frameHeight="158"/>
    <SubTexture name="SPAM_RearrangedBitmap6614714115" x="896" y="911" width="50" height="59"/>
    <SubTexture name="SPAM_RearrangedBitmap663513224" x="239" y="524" width="183" height="342" frameX="-3" frameY="-2" frameWidth="193" frameHeight="350"/>
    <SubTexture name="SPAM_RearrangedBitmap6635639284" x="938" y="476" width="36" height="30" frameX="-4" frameY="-3" frameWidth="48" frameHeight="40"/>
    <SubTexture name="SPAM_RearrangedBitmap6771352062" x="693" y="893" width="97" height="69" frameX="-3" frameY="-2" frameWidth="107" frameHeight="77"/>
    <SubTexture name="SPAM_RearrangedBitmap6871806784" x="898" y="770" width="64" height="69"/>
    <SubTexture name="SPAM_RearrangedBitmap7049435845" x="636" y="971" width="38" height="42" frameX="-10" frameY="-8" frameWidth="64" frameHeight="64"/>
    <SubTexture name="SPAM_RearrangedBitmap7387235996" x="793" y="106" width="120" height="219" frameX="-3" frameY="-2" frameWidth="130" frameHeight="227"/>
    <SubTexture name="SPAM_RearrangedBitmap7419318374" x="886" y="328" width="86" height="77"/>
    <SubTexture name="SPAM_RearrangedBitmap7775137272" x="170" y="868" width="189" height="154"/>
    <SubTexture name="SPAM_RearrangedBitmap7955171125" x="652" y="106" width="139" height="140" frameX="-4" frameY="-2" frameWidth="151" frameHeight="148"/>
    <SubTexture name="SPAM_RearrangedBitmap8204493345" x="859" y="624" width="80" height="74" frameX="-4" frameY="-1" frameWidth="92" frameHeight="82"/>
    <SubTexture name="SPAM_RearrangedBitmap8307186886" x="576" y="853" width="115" height="116" frameX="-2" frameY="-2" frameWidth="125" frameHeight="124"/>
    <SubTexture name="SPAM_RearrangedBitmap8405129396" x="573" y="971" width="61" height="44" frameX="-4" frameY="-3" frameWidth="73" frameHeight="54"/>
    <SubTexture name="SPAM_RearrangedBitmap8472535027" x="915" y="236" width="104" height="90" frameX="-2" frameY="-3" frameWidth="114" frameHeight="100"/>
    <SubTexture name="SPAM_RearrangedBitmap8562457731" x="2" y="52" width="904" height="52" frameX="-3" frameY="-1" frameWidth="914" frameHeight="60"/>
    <SubTexture name="SPAM_RearrangedBitmap8695154848" x="948" y="911" width="23" height="52"/>
    <SubTexture name="SPAM_RearrangedBitmap9280296696" x="2" y="329" width="427" height="193" frameX="-3" frameY="-3" frameWidth="437" frameHeight="203"/>
    <SubTexture name="SPAM_RearrangedBitmap9443806021" x="583" y="767" width="136" height="84"/>
    <SubTexture name="SPAM_RearrangedBitmap9496328720" x="2" y="524" width="235" height="301" frameX="-6" frameY="-2" frameWidth="249" frameHeight="309"/>
    <SubTexture name="SPAM_RearrangedBitmap9645380225" x="964" y="832" width="50" height="59"/>
    <SubTexture name="SPAM_RearrangedBitmap9778228021" x="820" y="767" width="76" height="119"/>
</TextureAtlas>
