<?xml version="1.0" encoding="UTF-8"?>
<!-- Created with TexturePacker http://www.codeandweb.com/texturepacker-->
<!-- $TexturePacker:SmartUpdate:28deb44a9daae3ae4e7eb908f1a3ecd6:83f50ec77a6c2614968859d8ee8e0037:8b46cd7e3af999367d9bbb9648072251$ -->
<TextureAtlas imagePath="2513_dragon_pride_3_HD_tweened_dxt5_map.dds" scale="0.36346435546875">
    <SubTexture name="SPAM_RearrangedBitmap3277260825" x="180" y="148" width="19" height="39"/>
    <SubTexture name="SPAM_RearrangedBitmap5584909574" x="268" y="497" width="23" height="13"/>
    <SubTexture name="copia_mapa_de_bits_10" x="173" y="302" width="50" height="107" frameX="-16" frameY="-4" frameWidth="78" frameHeight="119"/>
    <SubTexture name="copia_mapa_de_bits_2" x="97" y="428" width="15" height="18" frameX="0" frameY="0" frameWidth="17" frameHeight="18"/>
    <SubTexture name="copia_mapa_de_bits_25_2" x="340" y="382" width="48" height="74" frameX="-8" frameY="-8" frameWidth="66" frameHeight="90"/>
    <SubTexture name="copia_mapa_de_bits_2_2" x="369" y="2" width="57" height="112" frameX="-10" frameY="-6" frameWidth="77" frameHeight="124"/>
    <SubTexture name="layer_013_png" x="209" y="148" width="59" height="100"/>
    <SubTexture name="layer_014_png" x="2" y="191" width="41" height="131"/>
    <SubTexture name="layer_015_png" x="58" y="2" width="73" height="155"/>
    <SubTexture name="layer_016_png" x="321" y="148" width="21" height="103"/>
    <SubTexture name="layer_017_png" x="191" y="118" width="138" height="28"/>
    <SubTexture name="layer_018_png" x="180" y="449" width="14" height="61"/>
    <SubTexture name="layer_019_png" x="391" y="116" width="19" height="73"/>
    <SubTexture name="layer_020_png" x="2" y="2" width="54" height="187"/>
    <SubTexture name="layer_021_png" x="485" y="2" width="25" height="53"/>
    <SubTexture name="layer_022_png" x="485" y="57" width="25" height="31"/>
    <SubTexture name="layer_023_png" x="438" y="412" width="20" height="31"/>
    <SubTexture name="layer_024_png" x="370" y="331" width="15" height="40"/>
    <SubTexture name="layer_025_png" x="173" y="411" width="28" height="14"/>
    <SubTexture name="layer_026_png" x="438" y="364" width="5" height="7"/>
    <SubTexture name="layer_027_png" x="368" y="240" width="5" height="10"/>
    <SubTexture name="layer_028_png" x="438" y="349" width="5" height="13"/>
    <SubTexture name="layer_029_png" x="230" y="505" width="13" height="5"/>
    <SubTexture name="layer_030_png" x="331" y="140" width="11" height="6"/>
    <SubTexture name="layer_031_png" x="423" y="445" width="23" height="10"/>
    <SubTexture name="layer_032_png" x="390" y="446" width="23" height="10"/>
    <SubTexture name="layer_033_png" x="312" y="497" width="21" height="11"/>
    <SubTexture name="layer_034_png" x="344" y="240" width="22" height="11"/>
    <SubTexture name="layer_035_png" x="492" y="375" width="18" height="10"/>
    <SubTexture name="layer_036_png" x="492" y="387" width="18" height="9"/>
    <SubTexture name="layer_037_png" x="436" y="222" width="7" height="16"/>
    <SubTexture name="layer_038_png" x="438" y="331" width="5" height="16"/>
    <SubTexture name="layer_039_png" x="274" y="336" width="63" height="46"/>
    <SubTexture name="layer_040_png" x="58" y="415" width="35" height="13"/>
    <SubTexture name="layer_041_png" x="438" y="375" width="29" height="35"/>
    <SubTexture name="layer_042_png" x="493" y="339" width="16" height="32"/>
    <SubTexture name="layer_043_png" x="414" y="488" width="11" height="9"/>
    <SubTexture name="layer_044_png" x="45" y="303" width="11" height="15"/>
    <SubTexture name="layer_045_png" x="448" y="445" width="11" height="10"/>
    <SubTexture name="layer_046_png" x="331" y="117" width="11" height="21"/>
    <SubTexture name="layer_047_png" x="171" y="427" width="11" height="20"/>
    <SubTexture name="layer_048_png" x="95" y="415" width="17" height="11"/>
    <SubTexture name="layer_049_png" x="257" y="250" width="5" height="5"/>
    <SubTexture name="layer_050_png" x="498" y="452" width="10" height="15"/>
    <SubTexture name="layer_051_png" x="230" y="491" width="36" height="12"/>
    <SubTexture name="layer_052_png" x="492" y="398" width="16" height="11"/>
    <SubTexture name="layer_053_png" x="493" y="301" width="10" height="36"/>
    <SubTexture name="layer_054_png" x="335" y="483" width="47" height="27"/>
    <SubTexture name="layer_055_png" x="97" y="449" width="55" height="61"/>
    <SubTexture name="layer_056_png" x="482" y="459" width="14" height="9"/>
    <SubTexture name="layer_057_png" x="209" y="250" width="46" height="42"/>
    <SubTexture name="layer_058_png" x="335" y="458" width="61" height="23"/>
    <SubTexture name="layer_059_png" x="203" y="424" width="19" height="10"/>
    <SubTexture name="layer_060_png" x="184" y="427" width="16" height="16"/>
    <SubTexture name="layer_061_png" x="154" y="449" width="24" height="61"/>
    <SubTexture name="layer_062_png" x="412" y="116" width="11" height="3"/>
    <SubTexture name="layer_063_png" x="202" y="436" width="19" height="9"/>
    <SubTexture name="layer_064_png" x="426" y="246" width="17" height="75"/>
    <SubTexture name="layer_065_png" x="375" y="323" width="66" height="6"/>
    <SubTexture name="layer_067_png" x="196" y="491" width="32" height="19"/>
    <SubTexture name="layer_068_png" x="325" y="331" width="11" height="3"/>
    <SubTexture name="layer_069_png" x="180" y="142" width="9" height="4"/>
    <SubTexture name="layer_070_png" x="128" y="159" width="3" height="7"/>
    <SubTexture name="layer_071_png" x="493" y="222" width="7" height="77"/>
    <SubTexture name="layer_072_png" x="398" y="458" width="13" height="19"/>
    <SubTexture name="layer_073_png" x="376" y="197" width="96" height="23"/>
    <SubTexture name="layer_074_png" x="339" y="331" width="29" height="49"/>
    <SubTexture name="layer_075_png" x="469" y="375" width="21" height="42"/>
    <SubTexture name="layer_076_png" x="58" y="159" width="45" height="30"/>
    <SubTexture name="layer_077_png" x="376" y="222" width="58" height="22"/>
    <SubTexture name="layer_078_png" x="196" y="449" width="72" height="40"/>
    <SubTexture name="layer_079_png" x="474" y="194" width="30" height="26"/>
    <SubTexture name="layer_080_png" x="460" y="419" width="33" height="23"/>
    <SubTexture name="layer_081_png" x="114" y="413" width="39" height="34"/>
    <SubTexture name="layer_082_png" x="485" y="90" width="19" height="20"/>
    <SubTexture name="layer_083_png" x="155" y="413" width="14" height="34"/>
    <SubTexture name="layer_084_png" x="413" y="458" width="10" height="17"/>
    <SubTexture name="layer_085_png" x="495" y="411" width="10" height="17"/>
    <SubTexture name="layer_086_png" x="257" y="257" width="15" height="23"/>
    <SubTexture name="layer_087_png" x="344" y="194" width="30" height="44"/>
    <SubTexture name="layer_088_png" x="270" y="450" width="63" height="45"/>
    <SubTexture name="layer_089_png" x="390" y="407" width="31" height="37"/>
    <SubTexture name="layer_090_png" x="423" y="407" width="13" height="36"/>
    <SubTexture name="layer_091_png" x="105" y="159" width="21" height="30"/>
    <SubTexture name="layer_092_png" x="495" y="430" width="11" height="9"/>
    <SubTexture name="layer_093_png" x="203" y="411" width="20" height="11"/>
    <SubTexture name="layer_094_png" x="498" y="441" width="12" height="9"/>
    <SubTexture name="layer_095_png" x="461" y="444" width="19" height="11"/>
    <SubTexture name="layer_096_png" x="257" y="282" width="12" height="10"/>
    <SubTexture name="layer_097_png" x="384" y="483" width="11" height="20"/>
    <SubTexture name="layer_098_png" x="293" y="497" width="17" height="13"/>
    <SubTexture name="mapa_de_bits_1" x="274" y="384" width="64" height="64" frameX="0" frameY="0" frameWidth="66" frameHeight="66"/>
    <SubTexture name="mapa_de_bits_11" x="45" y="191" width="51" height="110" frameX="-18" frameY="-6" frameWidth="81" frameHeight="124"/>
    <SubTexture name="mapa_de_bits_12" x="98" y="191" width="52" height="109" frameX="-14" frameY="-6" frameWidth="78" frameHeight="123"/>
    <SubTexture name="mapa_de_bits_13" x="310" y="2" width="57" height="113" frameX="-12" frameY="-6" frameWidth="79" frameHeight="127"/>
    <SubTexture name="mapa_de_bits_14" x="133" y="2" width="56" height="116" frameX="-15" frameY="-8" frameWidth="80" frameHeight="132"/>
    <SubTexture name="mapa_de_bits_15" x="428" y="2" width="55" height="117" frameX="-14" frameY="-9" frameWidth="81" frameHeight="133"/>
    <SubTexture name="mapa_de_bits_17" x="225" y="294" width="47" height="77" frameX="-8" frameY="-7" frameWidth="63" frameHeight="91"/>
    <SubTexture name="mapa_de_bits_18" x="344" y="117" width="45" height="75" frameX="-7" frameY="-3" frameWidth="59" frameHeight="81"/>
    <SubTexture name="mapa_de_bits_19" x="51" y="438" width="44" height="72" frameX="-8" frameY="-7" frameWidth="60" frameHeight="86"/>
    <SubTexture name="mapa_de_bits_20" x="390" y="331" width="46" height="74" frameX="-10" frameY="-4" frameWidth="64" frameHeight="88"/>
    <SubTexture name="mapa_de_bits_21" x="445" y="299" width="46" height="74" frameX="-9" frameY="-7" frameWidth="68" frameHeight="88"/>
    <SubTexture name="mapa_de_bits_22" x="445" y="222" width="46" height="75" frameX="-9" frameY="-9" frameWidth="66" frameHeight="93"/>
    <SubTexture name="mapa_de_bits_23" x="225" y="373" width="47" height="74" frameX="-9" frameY="-11" frameWidth="71" frameHeight="94"/>
    <SubTexture name="mapa_de_bits_24" x="325" y="253" width="48" height="76" frameX="-9" frameY="-8" frameWidth="68" frameHeight="94"/>
    <SubTexture name="mapa_de_bits_25" x="502" y="233" width="8" height="9"/>
    <SubTexture name="mapa_de_bits_26_" x="2" y="438" width="47" height="72" frameX="-8" frameY="-6" frameWidth="65" frameHeight="86"/>
    <SubTexture name="mapa_de_bits_27_" x="133" y="120" width="45" height="69" frameX="-8" frameY="-11" frameWidth="63" frameHeight="87"/>
    <SubTexture name="mapa_de_bits_28_" x="463" y="121" width="47" height="71" frameX="-7" frameY="-14" frameWidth="65" frameHeight="93"/>
    <SubTexture name="mapa_de_bits_29_" x="412" y="121" width="49" height="74" frameX="-9" frameY="-6" frameWidth="65" frameHeight="88"/>
    <SubTexture name="mapa_de_bits_3" x="114" y="302" width="57" height="109" frameX="-13" frameY="-14" frameWidth="83" frameHeight="131"/>
    <SubTexture name="mapa_de_bits_30_" x="375" y="246" width="49" height="75" frameX="-6" frameY="-5" frameWidth="63" frameHeight="87"/>
    <SubTexture name="mapa_de_bits_31_" x="274" y="257" width="49" height="77" frameX="-7" frameY="-6" frameWidth="67" frameHeight="93"/>
    <SubTexture name="mapa_de_bits_33_" x="502" y="222" width="8" height="9"/>
    <SubTexture name="mapa_de_bits_34_" x="473" y="457" width="7" height="9" frameX="0" frameY="0" frameWidth="9" frameHeight="9"/>
    <SubTexture name="mapa_de_bits_35" x="424" y="499" width="9" height="9"/>
    <SubTexture name="mapa_de_bits_36" x="413" y="499" width="9" height="9"/>
    <SubTexture name="mapa_de_bits_37" x="460" y="487" width="9" height="9"/>
    <SubTexture name="mapa_de_bits_38" x="449" y="487" width="9" height="9"/>
    <SubTexture name="mapa_de_bits_39" x="438" y="487" width="9" height="9"/>
    <SubTexture name="mapa_de_bits_4" x="2" y="324" width="54" height="112" frameX="-15" frameY="-6" frameWidth="78" frameHeight="126"/>
    <SubTexture name="mapa_de_bits_40" x="427" y="487" width="9" height="9"/>
    <SubTexture name="mapa_de_bits_41" x="414" y="477" width="9" height="9"/>
    <SubTexture name="mapa_de_bits_42" x="180" y="131" width="9" height="9"/>
    <SubTexture name="mapa_de_bits_43" x="180" y="120" width="9" height="9"/>
    <SubTexture name="mapa_de_bits_45" x="489" y="485" width="14" height="13"/>
    <SubTexture name="mapa_de_bits_46" x="473" y="485" width="14" height="13"/>
    <SubTexture name="mapa_de_bits_47" x="397" y="494" width="14" height="13"/>
    <SubTexture name="mapa_de_bits_48" x="398" y="479" width="14" height="13"/>
    <SubTexture name="mapa_de_bits_49" x="489" y="470" width="14" height="13"/>
    <SubTexture name="mapa_de_bits_5" x="251" y="2" width="57" height="114" frameX="-19" frameY="-9" frameWidth="83" frameHeight="130"/>
    <SubTexture name="mapa_de_bits_50" x="473" y="470" width="14" height="13"/>
    <SubTexture name="mapa_de_bits_51" x="457" y="472" width="14" height="13"/>
    <SubTexture name="mapa_de_bits_52" x="441" y="472" width="14" height="13"/>
    <SubTexture name="mapa_de_bits_53" x="425" y="472" width="14" height="13"/>
    <SubTexture name="mapa_de_bits_54" x="457" y="457" width="14" height="13"/>
    <SubTexture name="mapa_de_bits_55" x="441" y="457" width="14" height="13"/>
    <SubTexture name="mapa_de_bits_56" x="425" y="457" width="14" height="13"/>
    <SubTexture name="mapa_de_bits_57" x="482" y="444" width="14" height="13"/>
    <SubTexture name="mapa_de_bits_6" x="191" y="2" width="58" height="114" frameX="-16" frameY="-9" frameWidth="82" frameHeight="130"/>
    <SubTexture name="mapa_de_bits_7" x="152" y="191" width="55" height="109" frameX="-18" frameY="-11" frameWidth="79" frameHeight="127"/>
    <SubTexture name="mapa_de_bits_8" x="58" y="303" width="54" height="110" frameX="-16" frameY="-10" frameWidth="82" frameHeight="128"/>
    <SubTexture name="mapa_de_bits_9" x="270" y="148" width="49" height="107" frameX="-21" frameY="-10" frameWidth="83" frameHeight="125"/>
</TextureAtlas>
