<?xml version="1.0" encoding="UTF-8"?>
<!-- Created with TexturePacker http://www.codeandweb.com/texturepacker-->
<!-- $TexturePacker:SmartUpdate:fce643865d025e0196dde1a284ab9168:b26880a5a72880c5e9204ab5fccd5d7d:ff407d49e452fec8c3ebe154cb2f98dc$ -->
<TextureAtlas imagePath="2513_dragon_pride_3_HD_tweened_dxt5.dds" scale="0.400390625">
    <SubTexture name="Bitmap_1_rnm80" x="776" y="707" width="85" height="84" frameX="-19" frameY="-17" frameWidth="125" frameHeight="118"/>
    <SubTexture name="SPAM_RearrangedBitmap3277260825" x="847" y="961" width="22" height="43"/>
    <SubTexture name="SPAM_RearrangedBitmap5584909574" x="284" y="1007" width="25" height="15"/>
    <SubTexture name="SPAM_RearrangedBitmap5670693666" x="222" y="610" width="136" height="64" frameX="-9" frameY="-1" frameWidth="160" frameHeight="68"/>
    <SubTexture name="SPAM_RearrangedBitmap669860168" x="284" y="1007" width="25" height="15"/>
    <SubTexture name="SPAM_RearrangedBitmap7895575093" x="847" y="961" width="22" height="43"/>
    <SubTexture name="SPAM_RearrangedBitmap8126970198" x="528" y="440" width="136" height="149" frameX="-10" frameY="-3" frameWidth="162" frameHeight="159"/>
    <SubTexture name="SPAM_RearrangedBitmap9133181788" x="284" y="1007" width="25" height="15"/>
    <SubTexture name="SPAM_RearrangedBitmap9708525171" x="847" y="961" width="22" height="43"/>
    <SubTexture name="copia_mapa_de_bits_10" x="320" y="869" width="54" height="120" frameX="-18" frameY="-4" frameWidth="86" frameHeight="132"/>
    <SubTexture name="copia_mapa_de_bits_1_2" x="666" y="447" width="20" height="34"/>
    <SubTexture name="copia_mapa_de_bits_2" x="360" y="610" width="16" height="20" frameX="0" frameY="0" frameWidth="18" frameHeight="20"/>
    <SubTexture name="copia_mapa_de_bits_25_2" x="892" y="786" width="53" height="81" frameX="-9" frameY="-9" frameWidth="73" frameHeight="99"/>
    <SubTexture name="copia_mapa_de_bits_2_2" x="190" y="763" width="63" height="122" frameX="-11" frameY="-7" frameWidth="85" frameHeight="136"/>
    <SubTexture name="copia_mapa_de_bits_2_3" x="151" y="545" width="69" height="136" frameX="-3" frameY="-3" frameWidth="79" frameHeight="146"/>
    <SubTexture name="layer_013_png" x="165" y="247" width="65" height="110"/>
    <SubTexture name="layer_014_png" x="508" y="744" width="45" height="144"/>
    <SubTexture name="layer_015_png" x="688" y="287" width="80" height="171"/>
    <SubTexture name="layer_016_png" x="376" y="892" width="23" height="113"/>
    <SubTexture name="layer_017_png" x="266" y="277" width="152" height="31"/>
    <SubTexture name="layer_018_png" x="670" y="378" width="16" height="67"/>
    <SubTexture name="layer_019_png" x="1000" y="774" width="21" height="80"/>
    <SubTexture name="layer_020_png" x="2" y="683" width="60" height="206"/>
    <SubTexture name="layer_021_png" x="436" y="331" width="27" height="59"/>
    <SubTexture name="layer_022_png" x="438" y="225" width="28" height="35"/>
    <SubTexture name="layer_023_png" x="1000" y="738" width="22" height="34"/>
    <SubTexture name="layer_024_png" x="828" y="961" width="17" height="44"/>
    <SubTexture name="layer_025_png" x="284" y="990" width="31" height="15"/>
    <SubTexture name="layer_026_png" x="773" y="240" width="6" height="8"/>
    <SubTexture name="layer_027_png" x="773" y="226" width="6" height="12"/>
    <SubTexture name="layer_028_png" x="773" y="258" width="5" height="14"/>
    <SubTexture name="layer_029_png" x="1007" y="300" width="14" height="6"/>
    <SubTexture name="layer_030_png" x="393" y="310" width="12" height="7"/>
    <SubTexture name="layer_031_png" x="666" y="719" width="26" height="12"/>
    <SubTexture name="layer_032_png" x="638" y="719" width="26" height="12"/>
    <SubTexture name="layer_033_png" x="828" y="1007" width="24" height="12"/>
    <SubTexture name="layer_034_png" x="694" y="719" width="24" height="12"/>
    <SubTexture name="layer_035_png" x="748" y="460" width="20" height="12"/>
    <SubTexture name="layer_036_png" x="478" y="1012" width="20" height="10"/>
    <SubTexture name="layer_037_png" x="528" y="274" width="8" height="18"/>
    <SubTexture name="layer_038_png" x="773" y="206" width="6" height="18"/>
    <SubTexture name="layer_039_png" x="157" y="440" width="70" height="51"/>
    <SubTexture name="layer_040_png" x="311" y="1007" width="39" height="14"/>
    <SubTexture name="layer_041_png" x="173" y="723" width="32" height="38"/>
    <SubTexture name="layer_042_png" x="508" y="167" width="18" height="35"/>
    <SubTexture name="layer_043_png" x="420" y="277" width="13" height="10"/>
    <SubTexture name="layer_044_png" x="1010" y="191" width="12" height="17"/>
    <SubTexture name="layer_045_png" x="420" y="307" width="12" height="11"/>
    <SubTexture name="layer_046_png" x="1007" y="308" width="13" height="23"/>
    <SubTexture name="layer_047_png" x="1010" y="125" width="12" height="22"/>
    <SubTexture name="layer_048_png" x="854" y="1006" width="18" height="12"/>
    <SubTexture name="layer_049_png" x="773" y="250" width="6" height="6"/>
    <SubTexture name="layer_050_png" x="420" y="289" width="12" height="16"/>
    <SubTexture name="layer_051_png" x="352" y="1007" width="40" height="13"/>
    <SubTexture name="layer_052_png" x="355" y="991" width="18" height="12"/>
    <SubTexture name="layer_053_png" x="1010" y="83" width="12" height="40"/>
    <SubTexture name="layer_054_png" x="230" y="991" width="52" height="30"/>
    <SubTexture name="layer_055_png" x="64" y="822" width="60" height="67"/>
    <SubTexture name="layer_056_png" x="1007" y="288" width="15" height="10"/>
    <SubTexture name="layer_057_png" x="776" y="965" width="50" height="46"/>
    <SubTexture name="layer_058_png" x="378" y="507" width="67" height="26"/>
    <SubTexture name="layer_059_png" x="874" y="1004" width="21" height="11"/>
    <SubTexture name="layer_060_png" x="678" y="772" width="18" height="18"/>
    <SubTexture name="layer_061_png" x="436" y="262" width="27" height="67"/>
    <SubTexture name="layer_062_png" x="482" y="197" width="12" height="4"/>
    <SubTexture name="layer_063_png" x="436" y="392" width="21" height="10"/>
    <SubTexture name="layer_064_png" x="863" y="707" width="19" height="82"/>
    <SubTexture name="layer_065_png" x="157" y="359" width="73" height="6"/>
    <SubTexture name="layer_067_png" x="679" y="996" width="35" height="22"/>
    <SubTexture name="layer_068_png" x="468" y="197" width="12" height="4"/>
    <SubTexture name="layer_069_png" x="528" y="159" width="10" height="4"/>
    <SubTexture name="layer_070_png" x="268" y="85" width="3" height="8"/>
    <SubTexture name="layer_071_png" x="528" y="187" width="8" height="85"/>
    <SubTexture name="layer_072_png" x="1008" y="252" width="14" height="21"/>
    <SubTexture name="layer_073_png" x="638" y="691" width="106" height="26"/>
    <SubTexture name="layer_074_png" x="232" y="254" width="32" height="54"/>
    <SubTexture name="layer_075_png" x="884" y="738" width="24" height="46"/>
    <SubTexture name="layer_076_png" x="909" y="960" width="50" height="33"/>
    <SubTexture name="layer_077_png" x="444" y="605" width="64" height="25"/>
    <SubTexture name="layer_078_png" x="383" y="404" width="79" height="44"/>
    <SubTexture name="layer_079_png" x="233" y="223" width="33" height="29"/>
    <SubTexture name="layer_080_png" x="656" y="968" width="36" height="26"/>
    <SubTexture name="layer_081_png" x="173" y="683" width="44" height="38"/>
    <SubTexture name="layer_082_png" x="694" y="968" width="21" height="22"/>
    <SubTexture name="layer_083_png" x="781" y="121" width="16" height="38"/>
    <SubTexture name="layer_084_png" x="1010" y="170" width="12" height="19"/>
    <SubTexture name="layer_085_png" x="1010" y="149" width="12" height="19"/>
    <SubTexture name="layer_086_png" x="660" y="996" width="17" height="26"/>
    <SubTexture name="layer_087_png" x="233" y="173" width="33" height="48"/>
    <SubTexture name="layer_088_png" x="152" y="493" width="70" height="50"/>
    <SubTexture name="layer_089_png" x="910" y="738" width="35" height="41"/>
    <SubTexture name="layer_090_png" x="1008" y="210" width="14" height="40"/>
    <SubTexture name="layer_091_png" x="931" y="904" width="24" height="33"/>
    <SubTexture name="layer_092_png" x="444" y="535" width="12" height="10"/>
    <SubTexture name="layer_093_png" x="394" y="1007" width="22" height="13"/>
    <SubTexture name="layer_094_png" x="1007" y="357" width="13" height="10"/>
    <SubTexture name="layer_095_png" x="698" y="772" width="22" height="12"/>
    <SubTexture name="layer_096_png" x="1008" y="275" width="14" height="11"/>
    <SubTexture name="layer_097_png" x="1007" y="333" width="13" height="22"/>
    <SubTexture name="layer_098_png" x="317" y="991" width="18" height="14"/>
    <SubTexture name="mapa_de_bits_1" x="157" y="367" width="71" height="71" frameX="0" frameY="0" frameWidth="73" frameHeight="73"/>
    <SubTexture name="mapa_de_bits_10" x="871" y="961" width="36" height="41" frameX="0" frameY="-1" frameWidth="36" frameHeight="45"/>
    <SubTexture name="mapa_de_bits_100_" x="538" y="287" width="148" height="24"/>
    <SubTexture name="mapa_de_bits_101_" x="2" y="575" width="147" height="34"/>
    <SubTexture name="mapa_de_bits_102" x="656" y="648" width="86" height="35"/>
    <SubTexture name="mapa_de_bits_102_" x="2" y="451" width="148" height="46"/>
    <SubTexture name="mapa_de_bits_103" x="2" y="173" width="229" height="72" frameX="0" frameY="-6" frameWidth="229" frameHeight="78"/>
    <SubTexture name="mapa_de_bits_103_" x="2" y="627" width="146" height="54" frameX="-1" frameY="-1" frameWidth="148" frameHeight="60"/>
    <SubTexture name="mapa_de_bits_104" x="538" y="206" width="233" height="79" frameX="0" frameY="-2" frameWidth="233" frameHeight="81"/>
    <SubTexture name="mapa_de_bits_104_" x="528" y="378" width="140" height="60"/>
    <SubTexture name="mapa_de_bits_105" x="540" y="2" width="257" height="81"/>
    <SubTexture name="mapa_de_bits_105_" x="526" y="591" width="128" height="66"/>
    <SubTexture name="mapa_de_bits_106" x="2" y="85" width="264" height="86"/>
    <SubTexture name="mapa_de_bits_106_" x="885" y="664" width="122" height="72" frameX="0" frameY="-2" frameWidth="122" frameHeight="74"/>
    <SubTexture name="mapa_de_bits_107" x="2" y="2" width="269" height="81"/>
    <SubTexture name="mapa_de_bits_107_" x="2" y="499" width="147" height="74" frameX="0" frameY="-2" frameWidth="147" frameHeight="76"/>
    <SubTexture name="mapa_de_bits_108" x="273" y="2" width="265" height="83"/>
    <SubTexture name="mapa_de_bits_108_" x="770" y="361" width="130" height="76" frameX="0" frameY="-1" frameWidth="130" frameHeight="78"/>
    <SubTexture name="mapa_de_bits_109" x="273" y="87" width="253" height="78"/>
    <SubTexture name="mapa_de_bits_109_" x="526" y="659" width="110" height="73"/>
    <SubTexture name="mapa_de_bits_11" x="541" y="890" width="57" height="120" frameX="-19" frameY="-8" frameWidth="89" frameHeight="136"/>
    <SubTexture name="mapa_de_bits_110" x="540" y="85" width="254" height="34" frameX="0" frameY="-1" frameWidth="254" frameHeight="36"/>
    <SubTexture name="mapa_de_bits_110_" x="666" y="483" width="92" height="69"/>
    <SubTexture name="mapa_de_bits_111" x="268" y="167" width="238" height="28"/>
    <SubTexture name="mapa_de_bits_111_" x="383" y="450" width="75" height="55"/>
    <SubTexture name="mapa_de_bits_112" x="781" y="163" width="227" height="30" frameX="0" frameY="-1" frameWidth="237" frameHeight="32"/>
    <SubTexture name="mapa_de_bits_113" x="268" y="197" width="198" height="26" frameX="0" frameY="0" frameWidth="198" frameHeight="28"/>
    <SubTexture name="mapa_de_bits_114" x="268" y="251" width="166" height="24"/>
    <SubTexture name="mapa_de_bits_115" x="2" y="247" width="161" height="25"/>
    <SubTexture name="mapa_de_bits_116" x="268" y="225" width="168" height="24" frameX="0" frameY="-4" frameWidth="168" frameHeight="32"/>
    <SubTexture name="mapa_de_bits_117" x="2" y="274" width="158" height="22" frameX="0" frameY="-5" frameWidth="158" frameHeight="32"/>
    <SubTexture name="mapa_de_bits_12" x="468" y="204" width="58" height="122" frameX="-15" frameY="-6" frameWidth="86" frameHeight="136"/>
    <SubTexture name="mapa_de_bits_13" x="128" y="892" width="62" height="124" frameX="-14" frameY="-7" frameWidth="88" frameHeight="140"/>
    <SubTexture name="mapa_de_bits_14" x="2" y="892" width="60" height="130" frameX="-18" frameY="-8" frameWidth="88" frameHeight="146"/>
    <SubTexture name="mapa_de_bits_15" x="64" y="892" width="62" height="128" frameX="-15" frameY="-10" frameWidth="90" frameHeight="146"/>
    <SubTexture name="mapa_de_bits_159" x="799" y="83" width="209" height="78" frameX="-2" frameY="0" frameWidth="213" frameHeight="78"/>
    <SubTexture name="mapa_de_bits_160" x="799" y="2" width="219" height="79" frameX="0" frameY="0" frameWidth="221" frameHeight="79"/>
    <SubTexture name="mapa_de_bits_161" x="781" y="195" width="225" height="80" frameX="-2" frameY="0" frameWidth="229" frameHeight="80"/>
    <SubTexture name="mapa_de_bits_162" x="773" y="277" width="232" height="82" frameX="-2" frameY="0" frameWidth="236" frameHeight="82"/>
    <SubTexture name="mapa_de_bits_163" x="540" y="121" width="239" height="83" frameX="-2" frameY="0" frameWidth="243" frameHeight="83"/>
    <SubTexture name="mapa_de_bits_17" x="656" y="880" width="53" height="86" frameX="-8" frameY="-6" frameWidth="69" frameHeight="100"/>
    <SubTexture name="mapa_de_bits_18" x="767" y="880" width="50" height="83" frameX="-8" frameY="-3" frameWidth="66" frameHeight="89"/>
    <SubTexture name="mapa_de_bits_19" x="947" y="821" width="50" height="81" frameX="-7" frameY="-6" frameWidth="66" frameHeight="95"/>
    <SubTexture name="mapa_de_bits_2" x="360" y="610" width="16" height="20" frameX="0" frameY="0" frameWidth="18" frameHeight="20"/>
    <SubTexture name="mapa_de_bits_20" x="947" y="738" width="51" height="81" frameX="-11" frameY="-5" frameWidth="71" frameHeight="97"/>
    <SubTexture name="mapa_de_bits_21" x="723" y="719" width="51" height="81" frameX="-10" frameY="-8" frameWidth="75" frameHeight="97"/>
    <SubTexture name="mapa_de_bits_22" x="383" y="320" width="51" height="82" frameX="-9" frameY="-10" frameWidth="73" frameHeight="102"/>
    <SubTexture name="mapa_de_bits_23" x="837" y="793" width="53" height="82" frameX="-10" frameY="-12" frameWidth="79" frameHeight="104"/>
    <SubTexture name="mapa_de_bits_24" x="192" y="887" width="53" height="83" frameX="-10" frameY="-9" frameWidth="75" frameHeight="103"/>
    <SubTexture name="mapa_de_bits_25" x="528" y="177" width="9" height="8" frameX="0" frameY="0" frameWidth="9" frameHeight="10"/>
    <SubTexture name="mapa_de_bits_26" x="2" y="298" width="153" height="151" frameX="-12" frameY="-12" frameWidth="177" frameHeight="177"/>
    <SubTexture name="mapa_de_bits_26_" x="961" y="904" width="50" height="79" frameX="-10" frameY="-7" frameWidth="72" frameHeight="95"/>
    <SubTexture name="mapa_de_bits_27" x="232" y="310" width="149" height="151" frameX="-14" frameY="-12" frameWidth="177" frameHeight="177"/>
    <SubTexture name="mapa_de_bits_27_" x="723" y="802" width="50" height="76" frameX="-9" frameY="-12" frameWidth="70" frameHeight="96"/>
    <SubTexture name="mapa_de_bits_28" x="229" y="463" width="147" height="145" frameX="-15" frameY="-16" frameWidth="177" frameHeight="177"/>
    <SubTexture name="mapa_de_bits_28_" x="119" y="683" width="52" height="78" frameX="-7" frameY="-15" frameWidth="72" frameHeight="102"/>
    <SubTexture name="mapa_de_bits_29" x="770" y="439" width="129" height="135" frameX="-30" frameY="-23" frameWidth="177" frameHeight="177"/>
    <SubTexture name="mapa_de_bits_29_" x="875" y="877" width="54" height="81" frameX="-10" frameY="-7" frameWidth="72" frameHeight="97"/>
    <SubTexture name="mapa_de_bits_3" x="255" y="763" width="63" height="121" frameX="-14" frameY="-16" frameWidth="91" frameHeight="145"/>
    <SubTexture name="mapa_de_bits_30" x="756" y="576" width="127" height="129" frameX="-31" frameY="-26" frameWidth="177" frameHeight="177"/>
    <SubTexture name="mapa_de_bits_30_" x="819" y="877" width="54" height="82" frameX="-7" frameY="-6" frameWidth="70" frameHeight="96"/>
    <SubTexture name="mapa_de_bits_31" x="901" y="446" width="113" height="109" frameX="-31" frameY="-30" frameWidth="177" frameHeight="177"/>
    <SubTexture name="mapa_de_bits_31_" x="711" y="880" width="54" height="84" frameX="-7" frameY="-8" frameWidth="74" frameHeight="102"/>
    <SubTexture name="mapa_de_bits_32" x="901" y="557" width="111" height="105" frameX="-33" frameY="-32" frameWidth="177" frameHeight="177"/>
    <SubTexture name="mapa_de_bits_33" x="222" y="676" width="105" height="85" frameX="-37" frameY="-48" frameWidth="177" frameHeight="177"/>
    <SubTexture name="mapa_de_bits_33_" x="528" y="165" width="9" height="10"/>
    <SubTexture name="mapa_de_bits_34" x="902" y="361" width="103" height="83" frameX="-40" frameY="-50" frameWidth="177" frameHeight="177"/>
    <SubTexture name="mapa_de_bits_34_" x="528" y="318" width="8" height="10" frameX="0" frameY="0" frameWidth="10" frameHeight="10"/>
    <SubTexture name="mapa_de_bits_35" x="528" y="306" width="8" height="10" frameX="0" frameY="0" frameWidth="10" frameHeight="10"/>
    <SubTexture name="mapa_de_bits_36" x="528" y="294" width="8" height="10" frameX="0" frameY="0" frameWidth="10" frameHeight="10"/>
    <SubTexture name="mapa_de_bits_37" x="383" y="310" width="8" height="8" frameX="0" frameY="0" frameWidth="10" frameHeight="10"/>
    <SubTexture name="mapa_de_bits_38" x="528" y="147" width="10" height="10"/>
    <SubTexture name="mapa_de_bits_39" x="528" y="135" width="10" height="10"/>
    <SubTexture name="mapa_de_bits_4" x="126" y="763" width="62" height="124" frameX="-15" frameY="-6" frameWidth="86" frameHeight="138"/>
    <SubTexture name="mapa_de_bits_40" x="528" y="123" width="10" height="10"/>
    <SubTexture name="mapa_de_bits_41" x="528" y="111" width="10" height="10"/>
    <SubTexture name="mapa_de_bits_42" x="528" y="99" width="10" height="10"/>
    <SubTexture name="mapa_de_bits_43" x="528" y="87" width="10" height="10"/>
    <SubTexture name="mapa_de_bits_44" x="443" y="632" width="63" height="133" frameX="-1" frameY="-2" frameWidth="67" frameHeight="139"/>
    <SubTexture name="mapa_de_bits_45" x="337" y="991" width="16" height="14"/>
    <SubTexture name="mapa_de_bits_46" x="638" y="675" width="16" height="14"/>
    <SubTexture name="mapa_de_bits_47" x="638" y="659" width="16" height="14"/>
    <SubTexture name="mapa_de_bits_48" x="508" y="728" width="16" height="14"/>
    <SubTexture name="mapa_de_bits_49" x="508" y="712" width="16" height="14"/>
    <SubTexture name="mapa_de_bits_5" x="377" y="764" width="63" height="126" frameX="-20" frameY="-10" frameWidth="91" frameHeight="144"/>
    <SubTexture name="mapa_de_bits_50" x="508" y="696" width="16" height="14"/>
    <SubTexture name="mapa_de_bits_51" x="508" y="680" width="16" height="14"/>
    <SubTexture name="mapa_de_bits_52" x="508" y="664" width="16" height="14"/>
    <SubTexture name="mapa_de_bits_53" x="508" y="648" width="16" height="14"/>
    <SubTexture name="mapa_de_bits_54" x="508" y="632" width="16" height="14"/>
    <SubTexture name="mapa_de_bits_55" x="360" y="664" width="16" height="14"/>
    <SubTexture name="mapa_de_bits_56" x="360" y="648" width="16" height="14"/>
    <SubTexture name="mapa_de_bits_57" x="360" y="632" width="16" height="14"/>
    <SubTexture name="mapa_de_bits_58" x="678" y="793" width="43" height="85" frameX="-2" frameY="-2" frameWidth="49" frameHeight="91"/>
    <SubTexture name="mapa_de_bits_6" x="460" y="478" width="64" height="125" frameX="-17" frameY="-10" frameWidth="90" frameHeight="143"/>
    <SubTexture name="mapa_de_bits_60" x="666" y="554" width="88" height="92" frameX="-5" frameY="0" frameWidth="96" frameHeight="94"/>
    <SubTexture name="mapa_de_bits_7" x="478" y="890" width="61" height="120" frameX="-19" frameY="-12" frameWidth="87" frameHeight="140"/>
    <SubTexture name="mapa_de_bits_74" x="378" y="535" width="64" height="91" frameX="0" frameY="0" frameWidth="66" frameHeight="91"/>
    <SubTexture name="mapa_de_bits_75" x="442" y="767" width="56" height="121"/>
    <SubTexture name="mapa_de_bits_76" x="329" y="680" width="46" height="140"/>
    <SubTexture name="mapa_de_bits_77" x="64" y="683" width="53" height="136"/>
    <SubTexture name="mapa_de_bits_78" x="616" y="738" width="60" height="140" frameX="0" frameY="0" frameWidth="62" frameHeight="140"/>
    <SubTexture name="mapa_de_bits_79" x="465" y="328" width="61" height="148" frameX="-1" frameY="0" frameWidth="65" frameHeight="148"/>
    <SubTexture name="mapa_de_bits_8" x="418" y="892" width="58" height="121" frameX="-19" frameY="-11" frameWidth="90" frameHeight="141"/>
    <SubTexture name="mapa_de_bits_80" x="555" y="738" width="59" height="143"/>
    <SubTexture name="mapa_de_bits_81" x="378" y="628" width="63" height="134" frameX="0" frameY="0" frameWidth="67" frameHeight="134"/>
    <SubTexture name="mapa_de_bits_82" x="255" y="886" width="61" height="84"/>
    <SubTexture name="mapa_de_bits_83" x="776" y="793" width="59" height="82" frameX="0" frameY="0" frameWidth="63" frameHeight="82"/>
    <SubTexture name="mapa_de_bits_84" x="678" y="733" width="42" height="37" frameX="-1" frameY="0" frameWidth="60" frameHeight="37"/>
    <SubTexture name="mapa_de_bits_85" x="192" y="991" width="36" height="31" frameX="-3" frameY="0" frameWidth="40" frameHeight="35"/>
    <SubTexture name="mapa_de_bits_9" x="600" y="883" width="54" height="117" frameX="-23" frameY="-11" frameWidth="92" frameHeight="137"/>
    <SubTexture name="mapa_de_bits_95_" x="528" y="362" width="146" height="14" frameX="-1" frameY="-2" frameWidth="150" frameHeight="16"/>
    <SubTexture name="mapa_de_bits_96_" x="528" y="346" width="146" height="14" frameX="-1" frameY="0" frameWidth="148" frameHeight="14"/>
    <SubTexture name="mapa_de_bits_97_" x="528" y="330" width="146" height="14" frameX="-1" frameY="0" frameWidth="148" frameHeight="14"/>
    <SubTexture name="mapa_de_bits_98_" x="538" y="313" width="148" height="15" frameX="0" frameY="-2" frameWidth="148" frameHeight="17"/>
    <SubTexture name="mapa_de_bits_99_" x="2" y="611" width="147" height="14" frameX="-1" frameY="-2" frameWidth="149" frameHeight="16"/>
    <SubTexture name="sdfgasdfhgt53ee53ymapa_de_bits_133" x="447" y="507" width="11" height="16" frameX="-1" frameY="0" frameWidth="15" frameHeight="18"/>
    <SubTexture name="sdfgasdfhgt53ee53ymapa_de_bits_60" x="717" y="966" width="49" height="18" frameX="-2" frameY="-1" frameWidth="53" frameHeight="20"/>
    <SubTexture name="sdfgasdfhgt53ee53ymapa_de_bits_61" x="320" y="846" width="55" height="21" frameX="-1" frameY="0" frameWidth="59" frameHeight="21"/>
    <SubTexture name="sdfgasdfhgt53ee53ymapa_de_bits_62" x="320" y="822" width="55" height="22" frameX="-1" frameY="0" frameWidth="59" frameHeight="22"/>
    <SubTexture name="sdfgasdfhgt53ee53ymapa_de_bits_63" x="688" y="460" width="58" height="21" frameX="-1" frameY="0" frameWidth="60" frameHeight="21"/>
    <SubTexture name="sdfgasdfhgt53ee53ymapa_de_bits_64" x="716" y="992" width="58" height="20" frameX="-1" frameY="-2" frameWidth="60" frameHeight="22"/>
    <SubTexture name="sdfgasdfhgt53ee53ymapa_de_bits_65" x="600" y="1002" width="58" height="20" frameX="0" frameY="-1" frameWidth="60" frameHeight="22"/>
    <SubTexture name="sdfgasdfhgt53ee53ymapa_de_bits_66" x="192" y="972" width="58" height="17" frameX="0" frameY="-2" frameWidth="60" frameHeight="21"/>
    <SubTexture name="sdfgasdfhgt53ee53ymapa_de_bits_67" x="252" y="972" width="56" height="16" frameX="-1" frameY="0" frameWidth="60" frameHeight="18"/>
</TextureAtlas>
