<?xml version="1.0" encoding="UTF-8"?>
<!-- Created with TexturePacker http://www.codeandweb.com/texturepacker-->
<!-- $TexturePacker:SmartUpdate:6d03bcf5bc7b1f9de367611f14ddcee6:ab6e0d73a56945d5472dd7ab6e9531c5:6140cde7c04c00c30c757448aad483dc$ -->
<TextureAtlas imagePath="2714_dragon_extremedefense_3_HD_tweened_dxt5.dds" scale="0.984375">
    <SubTexture name="SPAM_RearrangedBitmap1542957562_fx" x="534" y="896" width="59" height="29" frameX="0" frameY="0" frameWidth="63" frameHeight="31"/>
    <SubTexture name="SPAM_RearrangedBitmap3277260825_fx" x="568" y="956" width="60" height="27" frameX="0" frameY="0" frameWidth="62" frameHeight="31"/>
    <SubTexture name="SPAM_RearrangedBitmap3758818261_fx" x="568" y="927" width="60" height="27" frameX="0" frameY="0" frameWidth="62" frameHeight="31"/>
    <SubTexture name="SPAM_RearrangedBitmap4456335529" x="913" y="331" width="109" height="137" frameX="-8" frameY="-7" frameWidth="127" frameHeight="157"/>
    <SubTexture name="SPAM_RearrangedBitmap4482183566_fx" x="515" y="990" width="59" height="28" frameX="-1" frameY="0" frameWidth="63" frameHeight="32"/>
    <SubTexture name="SPAM_RearrangedBitmap5516101102" x="780" y="583" width="107" height="136" frameX="-8" frameY="-7" frameWidth="127" frameHeight="154"/>
    <SubTexture name="SPAM_RearrangedBitmap5584909574_fx" x="506" y="930" width="60" height="29" frameX="0" frameY="0" frameWidth="62" frameHeight="31"/>
    <SubTexture name="SPAM_RearrangedBitmap5603749268" x="528" y="572" width="110" height="130" frameX="-9" frameY="-9" frameWidth="128" frameHeight="148"/>
    <SubTexture name="SPAM_RearrangedBitmap5670693666_fx" x="249" y="702" width="55" height="29" frameX="0" frameY="0" frameWidth="57" frameHeight="33"/>
    <SubTexture name="SPAM_RearrangedBitmap669860168_fx" x="86" y="994" width="61" height="28" frameX="0" frameY="0" frameWidth="63" frameHeight="32"/>
    <SubTexture name="SPAM_RearrangedBitmap7895575093_fx" x="305" y="735" width="60" height="31" frameX="0" frameY="0" frameWidth="62" frameHeight="33"/>
    <SubTexture name="SPAM_RearrangedBitmap8126970198_fx" x="913" y="311" width="39" height="18" frameX="0" frameY="0" frameWidth="41" frameHeight="22"/>
    <SubTexture name="SPAM_RearrangedBitmap8653180432_fx" x="568" y="866" width="60" height="28" frameX="0" frameY="0" frameWidth="62" frameHeight="32"/>
    <SubTexture name="SPAM_RearrangedBitmap9133181788_fx" x="453" y="973" width="60" height="30" frameX="0" frameY="0" frameWidth="62" frameHeight="34"/>
    <SubTexture name="SPAM_RearrangedBitmap9649242495_fx" x="401" y="564" width="24" height="24" frameX="-35" frameY="0" frameWidth="62" frameHeight="28"/>
    <SubTexture name="SPAM_RearrangedBitmap9708525171_fx" x="367" y="735" width="58" height="31" frameX="0" frameY="0" frameWidth="60" frameHeight="33"/>
    <SubTexture name="SPAM_RearrangedBitmap9943812345" x="319" y="866" width="61" height="79" frameX="-8" frameY="-9" frameWidth="79" frameHeight="99"/>
    <SubTexture name="bitmap_1" x="529" y="347" width="154" height="67"/>
    <SubTexture name="bitmap_2" x="533" y="178" width="250" height="78"/>
    <SubTexture name="bitmap_3" x="542" y="2" width="266" height="82"/>
    <SubTexture name="bitmap_4" x="2" y="2" width="269" height="85"/>
    <SubTexture name="bitmap_5" x="273" y="2" width="267" height="87"/>
    <SubTexture name="bitmap_6" x="2" y="89" width="266" height="91"/>
    <SubTexture name="bitmap_7" x="542" y="86" width="263" height="90"/>
    <SubTexture name="bitmap_8" x="270" y="91" width="261" height="90"/>
    <SubTexture name="layer_001_png" x="638" y="737" width="36" height="59"/>
    <SubTexture name="layer_002_png" x="382" y="839" width="30" height="58"/>
    <SubTexture name="layer_003_png" x="989" y="262" width="30" height="67"/>
    <SubTexture name="layer_004_png" x="837" y="950" width="58" height="69"/>
    <SubTexture name="layer_005_png" x="390" y="952" width="61" height="58"/>
    <SubTexture name="layer_006_png" x="676" y="821" width="52" height="32"/>
    <SubTexture name="layer_007_png" x="252" y="652" width="54" height="48"/>
    <SubTexture name="layer_008_png" x="785" y="178" width="20" height="27"/>
    <SubTexture name="layer_009_png" x="401" y="532" width="24" height="30"/>
    <SubTexture name="layer_010_png" x="249" y="770" width="73" height="90"/>
    <SubTexture name="layer_011_png" x="681" y="419" width="100" height="75"/>
    <SubTexture name="layer_012_png" x="640" y="625" width="39" height="70"/>
    <SubTexture name="layer_013_png" x="916" y="705" width="105" height="183"/>
    <SubTexture name="layer_014_png" x="642" y="510" width="37" height="56"/>
    <SubTexture name="layer_015_png" x="204" y="977" width="50" height="41"/>
    <SubTexture name="layer_016_png" x="435" y="890" width="47" height="40"/>
    <SubTexture name="layer_017_png" x="146" y="866" width="66" height="109"/>
    <SubTexture name="layer_018_png" x="256" y="183" width="187" height="99"/>
    <SubTexture name="layer_019_png" x="531" y="258" width="154" height="87"/>
    <SubTexture name="layer_020_png" x="515" y="961" width="48" height="27"/>
    <SubTexture name="layer_021_png" x="989" y="209" width="32" height="51"/>
    <SubTexture name="layer_022_png" x="642" y="568" width="37" height="55"/>
    <SubTexture name="layer_023_png" x="445" y="183" width="84" height="131"/>
    <SubTexture name="layer_024_png" x="308" y="955" width="80" height="58"/>
    <SubTexture name="layer_025_png" x="419" y="836" width="81" height="52"/>
    <SubTexture name="layer_026_png" x="783" y="529" width="113" height="52"/>
    <SubTexture name="layer_027_png" x="837" y="854" width="75" height="94"/>
    <SubTexture name="layer_028_png" x="681" y="557" width="97" height="156"/>
    <SubTexture name="layer_029_png" x="2" y="182" width="252" height="135"/>
    <SubTexture name="layer_030_png" x="166" y="486" width="87" height="57"/>
    <SubTexture name="layer_031_png" x="143" y="670" width="104" height="183"/>
    <SubTexture name="layer_032_png" x="453" y="932" width="51" height="39"/>
    <SubTexture name="layer_033_png" x="256" y="977" width="50" height="40"/>
    <SubTexture name="layer_034_png" x="484" y="890" width="48" height="38"/>
    <SubTexture name="layer_035_png" x="427" y="759" width="93" height="75"/>
    <SubTexture name="layer_036_png" x="308" y="652" width="103" height="81"/>
    <SubTexture name="layer_037_png" x="427" y="570" width="99" height="187"/>
    <SubTexture name="layer_038_png" x="87" y="748" width="54" height="114"/>
    <SubTexture name="layer_039_png" x="214" y="866" width="57" height="109"/>
    <SubTexture name="layer_040_png" x="687" y="258" width="96" height="159"/>
    <SubTexture name="layer_041_png" x="528" y="704" width="108" height="160"/>
    <SubTexture name="layer_042_png" x="2" y="319" width="168" height="122"/>
    <SubTexture name="layer_043_png" x="256" y="478" width="143" height="172"/>
    <SubTexture name="layer_044_png" x="914" y="890" width="79" height="130"/>
    <SubTexture name="layer_045_png" x="778" y="721" width="51" height="98"/>
    <SubTexture name="layer_046_png" x="2" y="443" width="162" height="189"/>
    <SubTexture name="layer_047_png" x="810" y="2" width="206" height="205"/>
    <SubTexture name="layer_048_png" x="256" y="284" width="169" height="192"/>
    <SubTexture name="layer_049_png" x="900" y="470" width="113" height="65"/>
    <SubTexture name="layer_050_png" x="166" y="545" width="84" height="123"/>
    <SubTexture name="layer_051_png" x="529" y="416" width="150" height="92"/>
    <SubTexture name="layer_052_png" x="2" y="634" width="139" height="112"/>
    <SubTexture name="layer_053_png" x="638" y="798" width="36" height="56"/>
    <SubTexture name="layer_054_png" x="149" y="977" width="53" height="41"/>
    <SubTexture name="layer_055_png" x="382" y="899" width="51" height="51"/>
    <SubTexture name="layer_056_png" x="324" y="768" width="93" height="69"/>
    <SubTexture name="layer_057_png" x="831" y="721" width="83" height="131"/>
    <SubTexture name="layer_058_png" x="529" y="510" width="111" height="60"/>
    <SubTexture name="layer_059_png" x="785" y="311" width="126" height="65"/>
    <SubTexture name="layer_060_png" x="39" y="759" width="46" height="104"/>
    <SubTexture name="layer_061_png" x="401" y="478" width="24" height="52"/>
    <SubTexture name="layer_062_png" x="2" y="759" width="35" height="105"/>
    <SubTexture name="layer_063_png" x="249" y="733" width="54" height="35"/>
    <SubTexture name="layer_064_png" x="785" y="378" width="113" height="149"/>
    <SubTexture name="layer_065_png" x="273" y="866" width="44" height="87"/>
    <SubTexture name="layer_066_png" x="86" y="866" width="58" height="126"/>
    <SubTexture name="layer_067_png" x="681" y="496" width="100" height="59"/>
    <SubTexture name="layer_068_png" x="172" y="319" width="82" height="165"/>
    <SubTexture name="layer_069_png" x="427" y="316" width="100" height="252"/>
    <SubTexture name="layer_070_png" x="785" y="209" width="202" height="100"/>
    <SubTexture name="layer_071_png" x="2" y="866" width="82" height="147"/>
    <SubTexture name="layer_072_png" x="745" y="855" width="90" height="159"/>
    <SubTexture name="layer_073_png" x="898" y="537" width="112" height="166"/>
    <SubTexture name="layer_074_png" x="680" y="715" width="96" height="104"/>
    <SubTexture name="layer_075_png" x="640" y="697" width="38" height="38"/>
    <SubTexture name="layer_076_png" x="324" y="839" width="29" height="24"/>
    <SubTexture name="layer_077_png" x="783" y="821" width="44" height="24"/>
    <SubTexture name="layer_078_png" x="730" y="821" width="51" height="32"/>
    <SubTexture name="layer_079_png" x="638" y="856" width="105" height="160"/>
</TextureAtlas>
