<?xml version="1.0" encoding="UTF-8"?>
<!-- Created with TexturePacker http://www.codeandweb.com/texturepacker-->
<!-- $TexturePacker:SmartUpdate:d61b563651a8e0130b9929ce0b8e153d:a88755bf4ddd187e727dfa1a9f3637cc:91b7918e616051af4b785aacf0d50116$ -->
<TextureAtlas imagePath="2714_dragon_extremedefense_3_HD_tweened_dxt5_map.dds" scale="0.55224609375">
    <SubTexture name="SPAM_RearrangedBitmap1542957562_fx" x="435" y="437" width="33" height="15" frameX="0" frameY="0" frameWidth="35" frameHeight="17"/>
    <SubTexture name="SPAM_RearrangedBitmap3277260825_fx" x="471" y="420" width="34" height="15" frameX="0" frameY="0" frameWidth="34" frameHeight="17"/>
    <SubTexture name="SPAM_RearrangedBitmap3758818261_fx" x="435" y="454" width="32" height="15" frameX="0" frameY="0" frameWidth="34" frameHeight="17"/>
    <SubTexture name="SPAM_RearrangedBitmap4482183566_fx" x="470" y="437" width="33" height="16" frameX="0" frameY="0" frameWidth="35" frameHeight="18"/>
    <SubTexture name="SPAM_RearrangedBitmap5584909574_fx" x="435" y="420" width="34" height="15" frameX="0" frameY="0" frameWidth="34" frameHeight="17"/>
    <SubTexture name="SPAM_RearrangedBitmap5670693666_fx" x="359" y="438" width="32" height="18"/>
    <SubTexture name="SPAM_RearrangedBitmap669860168_fx" x="340" y="420" width="35" height="16" frameX="0" frameY="0" frameWidth="35" frameHeight="18"/>
    <SubTexture name="SPAM_RearrangedBitmap7895575093_fx" x="465" y="473" width="32" height="16" frameX="0" frameY="0" frameWidth="34" frameHeight="18"/>
    <SubTexture name="SPAM_RearrangedBitmap8126970198_fx" x="210" y="497" width="21" height="12" frameX="0" frameY="0" frameWidth="23" frameHeight="12"/>
    <SubTexture name="SPAM_RearrangedBitmap8653180432_fx" x="469" y="455" width="32" height="16" frameX="0" frameY="0" frameWidth="34" frameHeight="18"/>
    <SubTexture name="SPAM_RearrangedBitmap9133181788_fx" x="323" y="438" width="34" height="17" frameX="0" frameY="0" frameWidth="34" frameHeight="19"/>
    <SubTexture name="SPAM_RearrangedBitmap9649242495_fx" x="270" y="289" width="14" height="14" frameX="-19" frameY="0" frameWidth="34" frameHeight="16"/>
    <SubTexture name="SPAM_RearrangedBitmap9708525171_fx" x="377" y="420" width="33" height="16" frameX="0" frameY="0" frameWidth="33" frameHeight="18"/>
    <SubTexture name="layer_001_png" x="439" y="385" width="20" height="33"/>
    <SubTexture name="layer_002_png" x="304" y="438" width="17" height="32"/>
    <SubTexture name="layer_003_png" x="491" y="380" width="17" height="38"/>
    <SubTexture name="layer_004_png" x="243" y="401" width="32" height="39"/>
    <SubTexture name="layer_005_png" x="403" y="385" width="34" height="32"/>
    <SubTexture name="layer_006_png" x="404" y="442" width="29" height="18"/>
    <SubTexture name="layer_007_png" x="277" y="409" width="30" height="27"/>
    <SubTexture name="layer_008_png" x="499" y="473" width="11" height="15"/>
    <SubTexture name="layer_009_png" x="151" y="318" width="13" height="17"/>
    <SubTexture name="layer_010_png" x="420" y="243" width="41" height="50"/>
    <SubTexture name="layer_011_png" x="290" y="365" width="56" height="42"/>
    <SubTexture name="layer_012_png" x="487" y="339" width="22" height="39"/>
    <SubTexture name="layer_013_png" x="117" y="337" width="59" height="102"/>
    <SubTexture name="layer_014_png" x="304" y="472" width="20" height="31"/>
    <SubTexture name="layer_015_png" x="326" y="457" width="28" height="23"/>
    <SubTexture name="layer_016_png" x="376" y="482" width="26" height="22"/>
    <SubTexture name="layer_017_png" x="231" y="254" width="37" height="61"/>
    <SubTexture name="layer_018_png" x="377" y="2" width="104" height="55"/>
    <SubTexture name="layer_019_png" x="262" y="60" width="86" height="49"/>
    <SubTexture name="layer_020_png" x="433" y="492" width="27" height="15"/>
    <SubTexture name="layer_021_png" x="326" y="482" width="18" height="28"/>
    <SubTexture name="layer_022_png" x="282" y="471" width="20" height="30"/>
    <SubTexture name="layer_023_png" x="463" y="229" width="47" height="74"/>
    <SubTexture name="layer_024_png" x="215" y="80" width="45" height="32"/>
    <SubTexture name="layer_025_png" x="2" y="480" width="45" height="29"/>
    <SubTexture name="layer_026_png" x="178" y="413" width="63" height="29"/>
    <SubTexture name="layer_027_png" x="416" y="295" width="42" height="53"/>
    <SubTexture name="layer_028_png" x="95" y="248" width="54" height="87"/>
    <SubTexture name="layer_029_png" x="119" y="2" width="141" height="76"/>
    <SubTexture name="layer_030_png" x="460" y="305" width="49" height="32"/>
    <SubTexture name="layer_031_png" x="180" y="150" width="58" height="102"/>
    <SubTexture name="layer_032_png" x="346" y="482" width="28" height="22"/>
    <SubTexture name="layer_033_png" x="356" y="458" width="28" height="22"/>
    <SubTexture name="layer_034_png" x="404" y="482" width="27" height="21"/>
    <SubTexture name="layer_035_png" x="458" y="144" width="52" height="42"/>
    <SubTexture name="layer_036_png" x="288" y="203" width="57" height="45"/>
    <SubTexture name="layer_037_png" x="60" y="337" width="55" height="104"/>
    <SubTexture name="layer_038_png" x="384" y="282" width="30" height="64"/>
    <SubTexture name="layer_039_png" x="348" y="357" width="32" height="61"/>
    <SubTexture name="layer_040_png" x="350" y="152" width="54" height="89"/>
    <SubTexture name="layer_041_png" x="288" y="111" width="60" height="90"/>
    <SubTexture name="layer_042_png" x="119" y="80" width="94" height="68"/>
    <SubTexture name="layer_043_png" x="98" y="150" width="80" height="96"/>
    <SubTexture name="layer_044_png" x="338" y="282" width="44" height="73"/>
    <SubTexture name="layer_045_png" x="252" y="442" width="28" height="55"/>
    <SubTexture name="layer_046_png" x="2" y="229" width="91" height="106"/>
    <SubTexture name="layer_047_png" x="2" y="2" width="115" height="115"/>
    <SubTexture name="layer_048_png" x="2" y="119" width="94" height="108"/>
    <SubTexture name="layer_049_png" x="270" y="250" width="63" height="37"/>
    <SubTexture name="layer_050_png" x="117" y="441" width="47" height="69"/>
    <SubTexture name="layer_051_png" x="166" y="444" width="84" height="51"/>
    <SubTexture name="layer_052_png" x="151" y="254" width="78" height="62"/>
    <SubTexture name="layer_053_png" x="282" y="438" width="20" height="31"/>
    <SubTexture name="layer_054_png" x="309" y="409" width="29" height="23"/>
    <SubTexture name="layer_055_png" x="461" y="390" width="28" height="28"/>
    <SubTexture name="layer_056_png" x="458" y="188" width="52" height="39"/>
    <SubTexture name="layer_057_png" x="290" y="289" width="46" height="74"/>
    <SubTexture name="layer_058_png" x="215" y="114" width="62" height="33"/>
    <SubTexture name="layer_059_png" x="347" y="243" width="71" height="37"/>
    <SubTexture name="layer_060_png" x="483" y="2" width="25" height="58"/>
    <SubTexture name="layer_061_png" x="98" y="119" width="13" height="29"/>
    <SubTexture name="layer_062_png" x="382" y="357" width="19" height="59"/>
    <SubTexture name="layer_063_png" x="433" y="471" width="30" height="19"/>
    <SubTexture name="layer_064_png" x="411" y="59" width="63" height="83"/>
    <SubTexture name="layer_065_png" x="461" y="339" width="24" height="49"/>
    <SubTexture name="layer_066_png" x="476" y="62" width="32" height="71"/>
    <SubTexture name="layer_067_png" x="403" y="350" width="56" height="33"/>
    <SubTexture name="layer_068_png" x="240" y="149" width="46" height="92"/>
    <SubTexture name="layer_069_png" x="2" y="337" width="56" height="141"/>
    <SubTexture name="layer_070_png" x="262" y="2" width="113" height="56"/>
    <SubTexture name="layer_071_png" x="242" y="317" width="46" height="82"/>
    <SubTexture name="layer_072_png" x="406" y="152" width="50" height="89"/>
    <SubTexture name="layer_073_png" x="178" y="318" width="62" height="93"/>
    <SubTexture name="layer_074_png" x="60" y="443" width="54" height="58"/>
    <SubTexture name="layer_075_png" x="412" y="419" width="21" height="21"/>
    <SubTexture name="layer_076_png" x="192" y="497" width="16" height="13"/>
    <SubTexture name="layer_077_png" x="166" y="497" width="24" height="13"/>
    <SubTexture name="layer_078_png" x="386" y="462" width="28" height="18"/>
    <SubTexture name="layer_079_png" x="350" y="60" width="59" height="90"/>
</TextureAtlas>
