<?xml version="1.0" encoding="UTF-8"?>
<!-- Created with TexturePacker http://www.codeandweb.com/texturepacker-->
<!-- $TexturePacker:SmartUpdate:2bc8f0f760de2873a17d5d16c42af105:e1a877dcd91356ffa1712a9955acf4c3:c4390f24e9da6143a01a7be5aef25191$ -->
<TextureAtlas imagePath="2458_dragon_bee_b_3_HD_tweened_dxt5.dds" scale="0.533203125">
    <SubTexture name="SPAM_RearrangedBitmap1006995913" x="889" y="742" width="38" height="26" frameX="-2" frameY="0" frameWidth="44" frameHeight="28"/>
    <SubTexture name="SPAM_RearrangedBitmap1014470135" x="790" y="842" width="44" height="85" frameX="-1" frameY="-1" frameWidth="48" frameHeight="89"/>
    <SubTexture name="SPAM_RearrangedBitmap1026128579" x="999" y="52" width="23" height="15" frameX="0" frameY="0" frameWidth="27" frameHeight="17"/>
    <SubTexture name="SPAM_RearrangedBitmap1101841976" x="889" y="818" width="36" height="47" frameX="-3" frameY="-2" frameWidth="44" frameHeight="53"/>
    <SubTexture name="SPAM_RearrangedBitmap1236621671" x="207" y="2" width="232" height="175"/>
    <SubTexture name="SPAM_RearrangedBitmap1490119599" x="679" y="461" width="46" height="30" frameX="-1" frameY="0" frameWidth="50" frameHeight="32"/>
    <SubTexture name="SPAM_RearrangedBitmap1542957562" x="726" y="2" width="81" height="159" frameX="-2" frameY="-2" frameWidth="87" frameHeight="165"/>
    <SubTexture name="SPAM_RearrangedBitmap1644426770" x="767" y="698" width="85" height="48" frameX="-4" frameY="-10" frameWidth="99" frameHeight="94"/>
    <SubTexture name="SPAM_RearrangedBitmap1671734047" x="158" y="304" width="42" height="201" frameX="-3" frameY="-4" frameWidth="50" frameHeight="211"/>
    <SubTexture name="SPAM_RearrangedBitmap1791443364" x="389" y="966" width="41" height="53" frameX="0" frameY="0" frameWidth="43" frameHeight="55"/>
    <SubTexture name="SPAM_RearrangedBitmap1894464784" x="478" y="770" width="98" height="93" frameX="-9" frameY="-7" frameWidth="118" frameHeight="111"/>
    <SubTexture name="SPAM_RearrangedBitmap2109201241" x="202" y="304" width="47" height="191" frameX="-4" frameY="-3" frameWidth="57" frameHeight="201"/>
    <SubTexture name="SPAM_RearrangedBitmap2765236914" x="658" y="864" width="73" height="87" frameX="0" frameY="-1" frameWidth="75" frameHeight="91"/>
    <SubTexture name="SPAM_RearrangedBitmap2882289824" x="553" y="495" width="119" height="91" frameX="-8" frameY="-5" frameWidth="137" frameHeight="105"/>
    <SubTexture name="SPAM_RearrangedBitmap29130765" x="43" y="605" width="28" height="291" frameX="-3" frameY="-4" frameWidth="36" frameHeight="301"/>
    <SubTexture name="SPAM_RearrangedBitmap2943053712" x="767" y="633" width="77" height="63" frameX="-8" frameY="-9" frameWidth="95" frameHeight="83"/>
    <SubTexture name="SPAM_RearrangedBitmap2950249609" x="722" y="172" width="85" height="86" frameX="-1" frameY="-1" frameWidth="89" frameHeight="90"/>
    <SubTexture name="SPAM_RearrangedBitmap2989518749" x="305" y="557" width="29" height="35" frameX="-1" frameY="0" frameWidth="33" frameHeight="37"/>
    <SubTexture name="SPAM_RearrangedBitmap3144694356" x="846" y="596" width="141" height="60" frameX="-7" frameY="-4" frameWidth="157" frameHeight="70"/>
    <SubTexture name="SPAM_RearrangedBitmap3277260825" x="327" y="873" width="60" height="146" frameX="-2" frameY="-1" frameWidth="66" frameHeight="152"/>
    <SubTexture name="SPAM_RearrangedBitmap3398388945" x="999" y="510" width="21" height="47" frameX="-1" frameY="0" frameWidth="25" frameHeight="49"/>
    <SubTexture name="SPAM_RearrangedBitmap3546201851_fx" x="484" y="757" width="12" height="11" frameX="0" frameY="-4" frameWidth="14" frameHeight="17"/>
    <SubTexture name="SPAM_RearrangedBitmap3672508151" x="266" y="557" width="37" height="35" frameX="-3" frameY="-2" frameWidth="45" frameHeight="43"/>
    <SubTexture name="SPAM_RearrangedBitmap3701877959" x="884" y="2" width="126" height="48" frameX="-9" frameY="-8" frameWidth="142" frameHeight="88"/>
    <SubTexture name="SPAM_RearrangedBitmap3758818261" x="462" y="590" width="78" height="165" frameX="-1" frameY="-1" frameWidth="82" frameHeight="169"/>
    <SubTexture name="SPAM_RearrangedBitmap3944694877" x="660" y="953" width="78" height="68" frameX="-9" frameY="-7" frameWidth="98" frameHeight="86"/>
    <SubTexture name="SPAM_RearrangedBitmap3996843562" x="150" y="875" width="22" height="21" frameX="-4" frameY="-4" frameWidth="32" frameHeight="31"/>
    <SubTexture name="SPAM_RearrangedBitmap4013989714" x="73" y="605" width="31" height="286" frameX="-4" frameY="-3" frameWidth="41" frameHeight="294"/>
    <SubTexture name="SPAM_RearrangedBitmap4041788806" x="767" y="698" width="85" height="48" frameX="-4" frameY="-10" frameWidth="99" frameHeight="94"/>
    <SubTexture name="SPAM_RearrangedBitmap4077509624" x="2" y="2" width="37" height="302" frameX="-3" frameY="-2" frameWidth="45" frameHeight="310"/>
    <SubTexture name="SPAM_RearrangedBitmap4326876870" x="652" y="174" width="68" height="84" frameX="-1" frameY="-1" frameWidth="74" frameHeight="90"/>
    <SubTexture name="SPAM_RearrangedBitmap4381861515" x="674" y="493" width="34" height="90" frameX="-1" frameY="-1" frameWidth="38" frameHeight="94"/>
    <SubTexture name="SPAM_RearrangedBitmap4456335529" x="877" y="252" width="31" height="42" frameX="-3" frameY="-3" frameWidth="39" frameHeight="50"/>
    <SubTexture name="SPAM_RearrangedBitmap4482183566" x="809" y="91" width="78" height="159" frameX="-2" frameY="-1" frameWidth="84" frameHeight="165"/>
    <SubTexture name="SPAM_RearrangedBitmap4513256437" x="250" y="770" width="123" height="101" frameX="-5" frameY="-5" frameWidth="133" frameHeight="111"/>
    <SubTexture name="SPAM_RearrangedBitmap4757443929" x="884" y="2" width="126" height="48" frameX="-9" frameY="-8" frameWidth="142" frameHeight="88"/>
    <SubTexture name="SPAM_RearrangedBitmap4807071897" x="679" y="260" width="86" height="36" frameX="-1" frameY="-3" frameWidth="90" frameHeight="46"/>
    <SubTexture name="SPAM_RearrangedBitmap4818015480" x="884" y="2" width="126" height="48" frameX="-9" frameY="-8" frameWidth="142" frameHeight="88"/>
    <SubTexture name="SPAM_RearrangedBitmap4930492904" x="466" y="174" width="108" height="84" frameX="-9" frameY="-11" frameWidth="126" frameHeight="116"/>
    <SubTexture name="SPAM_RearrangedBitmap4950982043" x="668" y="298" width="214" height="161"/>
    <SubTexture name="SPAM_RearrangedBitmap5034862617" x="576" y="174" width="74" height="84" frameX="-4" frameY="-12" frameWidth="86" frameHeight="116"/>
    <SubTexture name="SPAM_RearrangedBitmap5076510266" x="251" y="303" width="206" height="171"/>
    <SubTexture name="SPAM_RearrangedBitmap5197288459" x="846" y="902" width="61" height="78" frameX="0" frameY="0" frameWidth="63" frameHeight="82"/>
    <SubTexture name="SPAM_RearrangedBitmap5265554453" x="46" y="304" width="37" height="288" frameX="-3" frameY="-4" frameWidth="45" frameHeight="298"/>
    <SubTexture name="SPAM_RearrangedBitmap5285004386" x="809" y="748" width="78" height="78" frameX="-7" frameY="-6" frameWidth="94" frameHeight="92"/>
    <SubTexture name="SPAM_RearrangedBitmap5371677498" x="466" y="174" width="108" height="84" frameX="-9" frameY="-11" frameWidth="126" frameHeight="116"/>
    <SubTexture name="SPAM_RearrangedBitmap5377896167" x="225" y="557" width="39" height="35" frameX="0" frameY="0" frameWidth="43" frameHeight="37"/>
    <SubTexture name="SPAM_RearrangedBitmap5477352691_fx" x="558" y="469" width="22" height="23" frameX="-11" frameY="-6" frameWidth="44" frameHeight="39"/>
    <SubTexture name="SPAM_RearrangedBitmap5499611585_fx" x="633" y="469" width="22" height="22"/>
    <SubTexture name="SPAM_RearrangedBitmap5516101102" x="884" y="52" width="35" height="36" frameX="-3" frameY="-3" frameWidth="43" frameHeight="44"/>
    <SubTexture name="SPAM_RearrangedBitmap5556315498" x="2" y="605" width="39" height="297" frameX="-3" frameY="-4" frameWidth="47" frameHeight="307"/>
    <SubTexture name="SPAM_RearrangedBitmap5584909574" x="661" y="2" width="63" height="168" frameX="-2" frameY="-1" frameWidth="69" frameHeight="174"/>
    <SubTexture name="SPAM_RearrangedBitmap5586642213" x="679" y="260" width="86" height="36" frameX="-1" frameY="-3" frameWidth="90" frameHeight="46"/>
    <SubTexture name="SPAM_RearrangedBitmap5603749268" x="884" y="414" width="31" height="45" frameX="-3" frameY="-2" frameWidth="39" frameHeight="51"/>
    <SubTexture name="SPAM_RearrangedBitmap5670693666" x="910" y="90" width="108" height="87"/>
    <SubTexture name="SPAM_RearrangedBitmap5760018857" x="430" y="179" width="34" height="79" frameX="0" frameY="0" frameWidth="36" frameHeight="83"/>
    <SubTexture name="SPAM_RearrangedBitmap5775007928" x="291" y="179" width="81" height="80" frameX="0" frameY="0" frameWidth="83" frameHeight="82"/>
    <SubTexture name="SPAM_RearrangedBitmap595760024" x="82" y="2" width="42" height="265" frameX="-2" frameY="-4" frameWidth="50" frameHeight="275"/>
    <SubTexture name="SPAM_RearrangedBitmap6101184655_fx" x="1012" y="2" width="10" height="16" frameX="-2" frameY="0" frameWidth="14" frameHeight="18"/>
    <SubTexture name="SPAM_RearrangedBitmap6172581944_fx" x="106" y="887" width="7" height="9" frameX="0" frameY="0" frameWidth="9" frameHeight="11"/>
    <SubTexture name="SPAM_RearrangedBitmap618447795" x="767" y="698" width="85" height="48" frameX="-4" frameY="-10" frameWidth="99" frameHeight="94"/>
    <SubTexture name="SPAM_RearrangedBitmap6292116069" x="542" y="590" width="223" height="163"/>
    <SubTexture name="SPAM_RearrangedBitmap6413044178" x="733" y="842" width="55" height="85" frameX="-6" frameY="-8" frameWidth="71" frameHeight="101"/>
    <SubTexture name="SPAM_RearrangedBitmap6511328016" x="727" y="461" width="30" height="30" frameX="-3" frameY="-3" frameWidth="38" frameHeight="38"/>
    <SubTexture name="SPAM_RearrangedBitmap6576889203" x="106" y="605" width="42" height="280" frameX="-3" frameY="-4" frameWidth="50" frameHeight="290"/>
    <SubTexture name="SPAM_RearrangedBitmap6601560834" x="115" y="887" width="8" height="8" frameX="0" frameY="0" frameWidth="12" frameHeight="12"/>
    <SubTexture name="SPAM_RearrangedBitmap660654836" x="974" y="52" width="23" height="31" frameX="0" frameY="-2" frameWidth="25" frameHeight="35"/>
    <SubTexture name="SPAM_RearrangedBitmap6614714115" x="710" y="493" width="77" height="89" frameX="-1" frameY="0" frameWidth="81" frameHeight="91"/>
    <SubTexture name="SPAM_RearrangedBitmap663513224" x="740" y="953" width="64" height="68" frameX="-7" frameY="-6" frameWidth="80" frameHeight="82"/>
    <SubTexture name="SPAM_RearrangedBitmap6635639284" x="767" y="584" width="40" height="47" frameX="-1" frameY="0" frameWidth="44" frameHeight="51"/>
    <SubTexture name="SPAM_RearrangedBitmap669860168" x="806" y="929" width="38" height="85" frameX="-2" frameY="-2" frameWidth="44" frameHeight="91"/>
    <SubTexture name="SPAM_RearrangedBitmap6771352062" x="336" y="557" width="45" height="33" frameX="-1" frameY="0" frameWidth="49" frameHeight="35"/>
    <SubTexture name="SPAM_RearrangedBitmap6871806784" x="150" y="594" width="226" height="174"/>
    <SubTexture name="SPAM_RearrangedBitmap6983673924" x="622" y="755" width="11" height="12" frameX="-3" frameY="-3" frameWidth="19" frameHeight="20"/>
    <SubTexture name="SPAM_RearrangedBitmap7049435845" x="694" y="755" width="67" height="85" frameX="0" frameY="0" frameWidth="69" frameHeight="89"/>
    <SubTexture name="SPAM_RearrangedBitmap7366958215" x="576" y="174" width="74" height="84" frameX="-4" frameY="-12" frameWidth="86" frameHeight="116"/>
    <SubTexture name="SPAM_RearrangedBitmap7387235996" x="973" y="179" width="47" height="49" frameX="-5" frameY="-7" frameWidth="61" frameHeight="65"/>
    <SubTexture name="SPAM_RearrangedBitmap7419318374" x="578" y="770" width="71" height="92" frameX="-7" frameY="-8" frameWidth="87" frameHeight="110"/>
    <SubTexture name="SPAM_RearrangedBitmap7592890683" x="191" y="875" width="134" height="147" frameX="-5" frameY="-3" frameWidth="146" frameHeight="157"/>
    <SubTexture name="SPAM_RearrangedBitmap7775137272" x="889" y="770" width="37" height="46" frameX="-1" frameY="0" frameWidth="41" frameHeight="50"/>
    <SubTexture name="SPAM_RearrangedBitmap7895575093" x="441" y="495" width="110" height="93"/>
    <SubTexture name="SPAM_RearrangedBitmap7955171125" x="927" y="819" width="74" height="78" frameX="-1" frameY="-1" frameWidth="78" frameHeight="82"/>
    <SubTexture name="SPAM_RearrangedBitmap7958808049" x="679" y="260" width="86" height="36" frameX="-1" frameY="-3" frameWidth="90" frameHeight="46"/>
    <SubTexture name="SPAM_RearrangedBitmap8004335264" x="338" y="476" width="27" height="18" frameX="-7" frameY="-4" frameWidth="43" frameHeight="28"/>
    <SubTexture name="SPAM_RearrangedBitmap8116173854" x="466" y="174" width="108" height="84" frameX="-9" frameY="-11" frameWidth="126" frameHeight="116"/>
    <SubTexture name="SPAM_RearrangedBitmap8126970198" x="889" y="179" width="82" height="71"/>
    <SubTexture name="SPAM_RearrangedBitmap8204493345" x="763" y="755" width="44" height="85" frameX="0" frameY="-1" frameWidth="46" frameHeight="89"/>
    <SubTexture name="SPAM_RearrangedBitmap8307186886" x="613" y="864" width="43" height="89" frameX="-1" frameY="0" frameWidth="47" frameHeight="91"/>
    <SubTexture name="SPAM_RearrangedBitmap8405129396" x="929" y="754" width="75" height="63" frameX="-7" frameY="-7" frameWidth="93" frameHeight="81"/>
    <SubTexture name="SPAM_RearrangedBitmap8449238453" x="41" y="2" width="39" height="297" frameX="-3" frameY="-4" frameWidth="47" frameHeight="307"/>
    <SubTexture name="SPAM_RearrangedBitmap8472535027" x="651" y="755" width="41" height="89" frameX="-1" frameY="0" frameWidth="45" frameHeight="91"/>
    <SubTexture name="SPAM_RearrangedBitmap8479940241" x="767" y="260" width="41" height="36"/>
    <SubTexture name="SPAM_RearrangedBitmap8562457731" x="836" y="828" width="51" height="72" frameX="0" frameY="-1" frameWidth="53" frameHeight="76"/>
    <SubTexture name="SPAM_RearrangedBitmap8653180432" x="378" y="592" width="82" height="165" frameX="-1" frameY="0" frameWidth="86" frameHeight="169"/>
    <SubTexture name="SPAM_RearrangedBitmap8695154848" x="188" y="558" width="35" height="34" frameX="0" frameY="-1" frameWidth="39" frameHeight="38"/>
    <SubTexture name="SPAM_RearrangedBitmap9133181788" x="493" y="865" width="118" height="92"/>
    <SubTexture name="SPAM_RearrangedBitmap9280296696" x="941" y="675" width="76" height="77" frameX="-8" frameY="-7" frameWidth="94" frameHeight="93"/>
    <SubTexture name="SPAM_RearrangedBitmap9443806021" x="459" y="298" width="207" height="169"/>
    <SubTexture name="SPAM_RearrangedBitmap9487388886" x="576" y="174" width="74" height="84" frameX="-4" frameY="-12" frameWidth="86" frameHeight="116"/>
    <SubTexture name="SPAM_RearrangedBitmap9496328720" x="909" y="899" width="73" height="77" frameX="-9" frameY="-6" frameWidth="91" frameHeight="91"/>
    <SubTexture name="SPAM_RearrangedBitmap9645380225" x="383" y="557" width="9" height="32" frameX="0" frameY="-1" frameWidth="13" frameHeight="36"/>
    <SubTexture name="SPAM_RearrangedBitmap9649242495" x="809" y="2" width="73" height="87" frameX="-1" frameY="-1" frameWidth="79" frameHeight="93"/>
    <SubTexture name="SPAM_RearrangedBitmap9708525171" x="389" y="871" width="102" height="93"/>
    <SubTexture name="SPAM_RearrangedBitmap9778228021" x="441" y="2" width="218" height="170"/>
    <SubTexture name="SPAM_RearrangedBitmap9929625303_fx" x="174" y="875" width="12" height="14" frameX="0" frameY="-1" frameWidth="14" frameHeight="18"/>
    <SubTexture name="SPAM_RearrangedBitmap9943812345" x="232" y="262" width="34" height="39" frameX="-2" frameY="-2" frameWidth="42" frameHeight="45"/>
    <SubTexture name="SPAM_RearrangedBitmap9992403159" x="2" y="306" width="42" height="297" frameX="-2" frameY="-4" frameWidth="50" frameHeight="307"/>
    <SubTexture name="bitmap_10_copy" x="783" y="461" width="22" height="30"/>
    <SubTexture name="bitmap_11_copy" x="869" y="510" width="21" height="30"/>
    <SubTexture name="bitmap_12_copy" x="759" y="461" width="22" height="30"/>
    <SubTexture name="bitmap_13_copy" x="846" y="510" width="21" height="30"/>
    <SubTexture name="bitmap_1_copy_3" x="884" y="385" width="22" height="27"/>
    <SubTexture name="bitmap_2_copy_2" x="884" y="356" width="22" height="27"/>
    <SubTexture name="bitmap_3_copy_2" x="884" y="327" width="22" height="27"/>
    <SubTexture name="bitmap_4_copy_2" x="889" y="867" width="21" height="26"/>
    <SubTexture name="bitmap_5_copy" x="989" y="647" width="21" height="26"/>
    <SubTexture name="bitmap_6_copy" x="964" y="510" width="20" height="27"/>
    <SubTexture name="bitmap_7_copy" x="846" y="658" width="19" height="27"/>
    <SubTexture name="bitmap_8_copy" x="892" y="510" width="19" height="28"/>
    <SubTexture name="bitmap_9_copy" x="884" y="296" width="22" height="29"/>
    <SubTexture name="layer_001_png" x="85" y="558" width="101" height="34"/>
    <SubTexture name="layer_002_png" x="910" y="252" width="95" height="28"/>
    <SubTexture name="layer_003_png" x="432" y="966" width="194" height="52"/>
    <SubTexture name="layer_004_png" x="809" y="547" width="188" height="47"/>
    <SubTexture name="layer_005_png" x="846" y="461" width="166" height="47"/>
    <SubTexture name="layer_006_png" x="454" y="260" width="111" height="36"/>
    <SubTexture name="layer_007_png" x="1003" y="828" width="17" height="47"/>
    <SubTexture name="layer_008_png" x="810" y="252" width="43" height="44"/>
    <SubTexture name="layer_009_png" x="789" y="556" width="15" height="26"/>
    <SubTexture name="layer_010_png" x="789" y="524" width="15" height="30"/>
    <SubTexture name="layer_011_png" x="690" y="846" width="11" height="14"/>
    <SubTexture name="layer_012_png" x="1012" y="20" width="10" height="15"/>
    <SubTexture name="layer_013_png" x="703" y="842" width="11" height="17"/>
    <SubTexture name="layer_014_png" x="677" y="846" width="11" height="14"/>
    <SubTexture name="layer_015_png" x="999" y="316" width="22" height="67"/>
    <SubTexture name="layer_016_png" x="321" y="476" width="15" height="19"/>
    <SubTexture name="layer_017_png" x="996" y="385" width="25" height="15"/>
    <SubTexture name="layer_018_png" x="733" y="929" width="16" height="22"/>
    <SubTexture name="layer_019_png" x="999" y="69" width="22" height="16"/>
    <SubTexture name="layer_020_png" x="921" y="52" width="51" height="31"/>
    <SubTexture name="layer_021_png" x="374" y="179" width="54" height="79"/>
    <SubTexture name="layer_022_png" x="375" y="770" width="101" height="99"/>
    <SubTexture name="layer_023_png" x="65" y="898" width="124" height="124"/>
    <SubTexture name="layer_024_png" x="150" y="770" width="98" height="103"/>
    <SubTexture name="layer_025_png" x="158" y="507" width="53" height="49"/>
    <SubTexture name="layer_026_png" x="977" y="402" width="42" height="48"/>
    <SubTexture name="layer_027_png" x="207" y="179" width="82" height="81"/>
    <SubTexture name="layer_028_png" x="908" y="331" width="86" height="69"/>
    <SubTexture name="layer_029_png" x="917" y="402" width="37" height="51"/>
    <SubTexture name="layer_030_png" x="2" y="904" width="32" height="116"/>
    <SubTexture name="layer_031_png" x="36" y="904" width="27" height="111"/>
    <SubTexture name="layer_032_png" x="126" y="2" width="79" height="259"/>
    <SubTexture name="layer_033_png" x="85" y="304" width="71" height="252"/>
    <SubTexture name="layer_034_png" x="213" y="497" width="226" height="58"/>
    <SubTexture name="layer_035_png" x="567" y="260" width="110" height="36"/>
    <SubTexture name="layer_036_png" x="751" y="929" width="50" height="21"/>
    <SubTexture name="layer_037_png" x="956" y="402" width="19" height="49"/>
    <SubTexture name="layer_038_png" x="807" y="461" width="37" height="84"/>
    <SubTexture name="layer_039_png" x="411" y="260" width="22" height="37"/>
    <SubTexture name="layer_040_png" x="325" y="261" width="84" height="37"/>
    <SubTexture name="layer_041_png" x="542" y="755" width="33" height="13"/>
    <SubTexture name="layer_042_png" x="46" y="594" width="67" height="9"/>
    <SubTexture name="layer_043_png" x="1007" y="252" width="15" height="62"/>
    <SubTexture name="layer_044_png" x="532" y="469" width="24" height="24"/>
    <SubTexture name="layer_045_png" x="36" y="1017" width="17" height="4"/>
    <SubTexture name="layer_046_png" x="626" y="469" width="5" height="23"/>
    <SubTexture name="layer_047_png" x="616" y="755" width="4" height="13"/>
    <SubTexture name="layer_048_png" x="910" y="282" width="87" height="47"/>
    <SubTexture name="layer_049_png" x="1006" y="754" width="14" height="72"/>
    <SubTexture name="layer_050_png" x="251" y="476" width="68" height="19"/>
    <SubTexture name="layer_051_png" x="135" y="263" width="95" height="39"/>
    <SubTexture name="layer_052_png" x="999" y="559" width="21" height="42"/>
    <SubTexture name="layer_053_png" x="268" y="262" width="55" height="38"/>
    <SubTexture name="layer_054_png" x="582" y="469" width="21" height="23"/>
    <SubTexture name="layer_055_png" x="657" y="469" width="20" height="22"/>
    <SubTexture name="layer_056_png" x="789" y="493" width="16" height="29"/>
    <SubTexture name="layer_057_png" x="462" y="757" width="20" height="11"/>
    <SubTexture name="layer_058_png" x="933" y="510" width="29" height="27"/>
    <SubTexture name="layer_059_png" x="41" y="301" width="4" height="1"/>
    <SubTexture name="layer_060_png" x="125" y="887" width="2" height="7"/>
    <SubTexture name="layer_061_png" x="424" y="476" width="47" height="17"/>
    <SubTexture name="layer_062_png" x="473" y="469" width="57" height="24"/>
    <SubTexture name="layer_063_png" x="989" y="603" width="27" height="42"/>
    <SubTexture name="layer_064_png" x="855" y="252" width="20" height="43"/>
    <SubTexture name="layer_065_png" x="628" y="955" width="30" height="67"/>
    <SubTexture name="layer_066_png" x="913" y="510" width="18" height="28"/>
    <SubTexture name="layer_067_png" x="809" y="596" width="19" height="27"/>
    <SubTexture name="layer_068_png" x="889" y="144" width="19" height="29"/>
    <SubTexture name="layer_069_png" x="605" y="469" width="19" height="23"/>
    <SubTexture name="layer_070_png" x="394" y="557" width="45" height="25"/>
    <SubTexture name="layer_071_png" x="867" y="675" width="72" height="65"/>
    <SubTexture name="layer_072_png" x="82" y="269" width="51" height="33"/>
    <SubTexture name="layer_073_png" x="889" y="90" width="19" height="52"/>
    <SubTexture name="layer_074_png" x="973" y="230" width="46" height="20"/>
    <SubTexture name="layer_075_png" x="367" y="476" width="55" height="17"/>
    <SubTexture name="layer_076_png" x="435" y="260" width="17" height="37"/>
    <SubTexture name="layer_077_png" x="664" y="846" width="11" height="15"/>
    <SubTexture name="layer_078_png" x="651" y="846" width="11" height="16"/>
    <SubTexture name="layer_079_png" x="577" y="755" width="18" height="13"/>
    <SubTexture name="layer_080_png" x="597" y="755" width="17" height="13"/>
</TextureAtlas>
