<?xml version="1.0" encoding="UTF-8"?>
<!-- Created with TexturePacker http://www.codeandweb.com/texturepacker-->
<!-- $TexturePacker:SmartUpdate:53fc9e6256af0f35f2786efce22a6f47:2d7d72d06882c3ad63141378cbeac3b4:033ffc82223d5ec222e81a317bf5c4a1$ -->
<TextureAtlas imagePath="2458_dragon_bee_b_3_HD_tweened_dxt5_map.dds" scale="0.5185546875">
    <SubTexture name="SPAM_RearrangedBitmap1101841976" x="358" y="352" width="35" height="46" frameX="-3" frameY="-2" frameWidth="43" frameHeight="52"/>
    <SubTexture name="SPAM_RearrangedBitmap3672508151" x="234" y="344" width="36" height="34" frameX="-3" frameY="-3" frameWidth="44" frameHeight="42"/>
    <SubTexture name="SPAM_RearrangedBitmap3701877959" x="300" y="151" width="122" height="46" frameX="-9" frameY="-9" frameWidth="138" frameHeight="86"/>
    <SubTexture name="SPAM_RearrangedBitmap4456335529" x="407" y="400" width="30" height="42" frameX="-3" frameY="-2" frameWidth="38" frameHeight="48"/>
    <SubTexture name="SPAM_RearrangedBitmap4807071897" x="272" y="358" width="84" height="35" frameX="-1" frameY="-3" frameWidth="88" frameHeight="45"/>
    <SubTexture name="SPAM_RearrangedBitmap5516101102" x="220" y="475" width="34" height="35" frameX="-3" frameY="-3" frameWidth="42" frameHeight="43"/>
    <SubTexture name="SPAM_RearrangedBitmap5603749268" x="220" y="429" width="30" height="44" frameX="-3" frameY="-2" frameWidth="38" frameHeight="50"/>
    <SubTexture name="SPAM_RearrangedBitmap618447795" x="424" y="151" width="84" height="47" frameX="-3" frameY="-9" frameWidth="96" frameHeight="91"/>
    <SubTexture name="SPAM_RearrangedBitmap7366958215" x="272" y="273" width="72" height="83" frameX="-4" frameY="-11" frameWidth="84" frameHeight="113"/>
    <SubTexture name="SPAM_RearrangedBitmap8116173854" x="81" y="183" width="105" height="81" frameX="-9" frameY="-12" frameWidth="123" frameHeight="113"/>
    <SubTexture name="SPAM_RearrangedBitmap9943812345" x="279" y="470" width="33" height="38" frameX="-2" frameY="-2" frameWidth="41" frameHeight="44"/>
    <SubTexture name="layer_001_png" x="384" y="200" width="98" height="33"/>
    <SubTexture name="layer_002_png" x="203" y="163" width="93" height="27"/>
    <SubTexture name="layer_003_png" x="303" y="2" width="188" height="51"/>
    <SubTexture name="layer_004_png" x="303" y="55" width="183" height="46"/>
    <SubTexture name="layer_005_png" x="300" y="103" width="161" height="46"/>
    <SubTexture name="layer_006_png" x="274" y="199" width="108" height="35"/>
    <SubTexture name="layer_007_png" x="463" y="103" width="16" height="46"/>
    <SubTexture name="layer_008_png" x="450" y="361" width="42" height="43"/>
    <SubTexture name="layer_009_png" x="495" y="337" width="15" height="25"/>
    <SubTexture name="layer_010_png" x="495" y="305" width="15" height="30"/>
    <SubTexture name="layer_011_png" x="473" y="480" width="10" height="14"/>
    <SubTexture name="layer_012_png" x="498" y="477" width="10" height="15"/>
    <SubTexture name="layer_013_png" x="485" y="494" width="10" height="16"/>
    <SubTexture name="layer_014_png" x="472" y="496" width="11" height="14"/>
    <SubTexture name="layer_015_png" x="488" y="55" width="22" height="65"/>
    <SubTexture name="layer_016_png" x="467" y="235" width="15" height="18"/>
    <SubTexture name="layer_017_png" x="329" y="420" width="24" height="15"/>
    <SubTexture name="layer_018_png" x="494" y="394" width="16" height="21"/>
    <SubTexture name="layer_019_png" x="467" y="255" width="22" height="16"/>
    <SubTexture name="layer_020_png" x="439" y="406" width="49" height="31"/>
    <SubTexture name="layer_021_png" x="346" y="273" width="52" height="77"/>
    <SubTexture name="layer_022_png" x="73" y="266" width="98" height="96"/>
    <SubTexture name="layer_023_png" x="81" y="60" width="120" height="121"/>
    <SubTexture name="layer_024_png" x="203" y="60" width="95" height="101"/>
    <SubTexture name="layer_025_png" x="208" y="380" width="52" height="47"/>
    <SubTexture name="layer_026_png" x="177" y="433" width="41" height="47"/>
    <SubTexture name="layer_027_png" x="73" y="364" width="79" height="78"/>
    <SubTexture name="layer_028_png" x="188" y="192" width="84" height="67"/>
    <SubTexture name="layer_029_png" x="170" y="381" width="36" height="50"/>
    <SubTexture name="layer_030_png" x="173" y="266" width="31" height="113"/>
    <SubTexture name="layer_031_png" x="206" y="261" width="26" height="108"/>
    <SubTexture name="layer_032_png" x="2" y="2" width="77" height="252"/>
    <SubTexture name="layer_033_png" x="2" y="256" width="69" height="245"/>
    <SubTexture name="layer_034_png" x="81" y="2" width="220" height="56"/>
    <SubTexture name="layer_035_png" x="274" y="236" width="107" height="35"/>
    <SubTexture name="layer_036_png" x="439" y="439" width="48" height="21"/>
    <SubTexture name="layer_037_png" x="314" y="462" width="18" height="47"/>
    <SubTexture name="layer_038_png" x="234" y="261" width="36" height="81"/>
    <SubTexture name="layer_039_png" x="489" y="439" width="21" height="36"/>
    <SubTexture name="layer_040_png" x="384" y="235" width="81" height="36"/>
    <SubTexture name="layer_041_png" x="403" y="444" width="32" height="13"/>
    <SubTexture name="layer_042_png" x="262" y="416" width="65" height="8"/>
    <SubTexture name="layer_043_png" x="495" y="243" width="15" height="60"/>
    <SubTexture name="layer_044_png" x="330" y="395" width="23" height="23"/>
    <SubTexture name="layer_045_png" x="381" y="506" width="16" height="4"/>
    <SubTexture name="layer_046_png" x="501" y="122" width="5" height="22"/>
    <SubTexture name="layer_047_png" x="262" y="380" width="4" height="13"/>
    <SubTexture name="layer_048_png" x="400" y="273" width="85" height="46"/>
    <SubTexture name="layer_049_png" x="154" y="364" width="14" height="70"/>
    <SubTexture name="layer_050_png" x="262" y="395" width="66" height="19"/>
    <SubTexture name="layer_051_png" x="400" y="321" width="93" height="38"/>
    <SubTexture name="layer_052_png" x="256" y="470" width="21" height="40"/>
    <SubTexture name="layer_053_png" x="395" y="361" width="53" height="37"/>
    <SubTexture name="layer_054_png" x="197" y="482" width="21" height="23"/>
    <SubTexture name="layer_055_png" x="401" y="487" width="19" height="21"/>
    <SubTexture name="layer_056_png" x="494" y="364" width="16" height="28"/>
    <SubTexture name="layer_057_png" x="490" y="417" width="20" height="11"/>
    <SubTexture name="layer_058_png" x="401" y="459" width="28" height="26"/>
    <SubTexture name="layer_059_png" x="431" y="459" width="4" height="1"/>
    <SubTexture name="layer_060_png" x="490" y="406" width="2" height="7"/>
    <SubTexture name="layer_061_png" x="355" y="434" width="46" height="16"/>
    <SubTexture name="layer_062_png" x="262" y="426" width="55" height="23"/>
    <SubTexture name="layer_063_png" x="484" y="200" width="26" height="41"/>
    <SubTexture name="layer_064_png" x="431" y="462" width="19" height="42"/>
    <SubTexture name="layer_065_png" x="145" y="444" width="30" height="65"/>
    <SubTexture name="layer_066_png" x="481" y="122" width="18" height="27"/>
    <SubTexture name="layer_067_png" x="381" y="478" width="18" height="26"/>
    <SubTexture name="layer_068_png" x="177" y="482" width="18" height="28"/>
    <SubTexture name="layer_069_png" x="452" y="462" width="19" height="22"/>
    <SubTexture name="layer_070_png" x="355" y="452" width="44" height="24"/>
    <SubTexture name="layer_071_png" x="73" y="444" width="70" height="63"/>
    <SubTexture name="layer_072_png" x="355" y="400" width="50" height="32"/>
    <SubTexture name="layer_073_png" x="334" y="437" width="19" height="51"/>
    <SubTexture name="layer_074_png" x="334" y="490" width="45" height="20"/>
    <SubTexture name="layer_075_png" x="252" y="451" width="53" height="17"/>
    <SubTexture name="layer_076_png" x="493" y="2" width="17" height="36"/>
    <SubTexture name="layer_077_png" x="485" y="477" width="11" height="15"/>
    <SubTexture name="layer_078_png" x="473" y="462" width="10" height="16"/>
    <SubTexture name="layer_079_png" x="452" y="486" width="18" height="12"/>
    <SubTexture name="layer_080_png" x="493" y="40" width="16" height="13"/>
</TextureAtlas>
