<?xml version="1.0" encoding="UTF-8"?>
<!-- Created with TexturePacker http://www.codeandweb.com/texturepacker-->
<!-- $TexturePacker:SmartUpdate:b94a7c07d48e7caba9449e8d4a78d3bc:cb0394b2a57e1a750497cd319808d6f1:def2540c9bf10ac6109eeac24e9711d9$ -->
<TextureAtlas imagePath="1321_dragon_easter_2_HD_tweened_dxt5_map.dds" scale="1.0283203125">
    <SubTexture name="SPAM_RearrangedBitmap101465877" x="185" y="121" width="27" height="29"/>
    <SubTexture name="SPAM_RearrangedBitmap1644426770" x="218" y="206" width="17" height="33"/>
    <SubTexture name="SPAM_RearrangedBitmap1817687916" x="35" y="227" width="21" height="21"/>
    <SubTexture name="SPAM_RearrangedBitmap2224299924" x="199" y="77" width="18" height="37"/>
    <SubTexture name="SPAM_RearrangedBitmap2254443403" x="47" y="63" width="20" height="56"/>
    <SubTexture name="SPAM_RearrangedBitmap2542424683" x="204" y="240" width="10" height="12"/>
    <SubTexture name="SPAM_RearrangedBitmap2858406946" x="240" y="140" width="11" height="18"/>
    <SubTexture name="SPAM_RearrangedBitmap3075358096" x="240" y="127" width="14" height="11"/>
    <SubTexture name="SPAM_RearrangedBitmap3135387328" x="180" y="152" width="28" height="18"/>
    <SubTexture name="SPAM_RearrangedBitmap3169798223" x="186" y="206" width="4" height="7"/>
    <SubTexture name="SPAM_RearrangedBitmap3345554134" x="69" y="119" width="57" height="15"/>
    <SubTexture name="SPAM_RearrangedBitmap3701877959" x="186" y="172" width="43" height="32"/>
    <SubTexture name="SPAM_RearrangedBitmap3794880535" x="165" y="216" width="25" height="38"/>
    <SubTexture name="SPAM_RearrangedBitmap4041788806" x="216" y="241" width="9" height="11"/>
    <SubTexture name="SPAM_RearrangedBitmap4195946268" x="132" y="121" width="51" height="28"/>
    <SubTexture name="SPAM_RearrangedBitmap4404793913" x="213" y="2" width="41" height="45"/>
    <SubTexture name="SPAM_RearrangedBitmap4757443929" x="35" y="151" width="51" height="42"/>
    <SubTexture name="SPAM_RearrangedBitmap4807071897" x="85" y="2" width="58" height="60"/>
    <SubTexture name="SPAM_RearrangedBitmap4818015480" x="214" y="127" width="24" height="34"/>
    <SubTexture name="SPAM_RearrangedBitmap4857089301" x="2" y="151" width="31" height="77"/>
    <SubTexture name="SPAM_RearrangedBitmap4930492904" x="145" y="2" width="66" height="51"/>
    <SubTexture name="SPAM_RearrangedBitmap5034862617" x="47" y="121" width="19" height="19"/>
    <SubTexture name="SPAM_RearrangedBitmap5170154071" x="2" y="230" width="28" height="18"/>
    <SubTexture name="SPAM_RearrangedBitmap5300803008" x="2" y="2" width="81" height="59"/>
    <SubTexture name="SPAM_RearrangedBitmap5371677498" x="132" y="219" width="31" height="33"/>
    <SubTexture name="SPAM_RearrangedBitmap5402668388" x="192" y="206" width="24" height="32"/>
    <SubTexture name="SPAM_RearrangedBitmap5586642213" x="35" y="195" width="54" height="30"/>
    <SubTexture name="SPAM_RearrangedBitmap5862675927" x="237" y="196" width="17" height="18"/>
    <SubTexture name="SPAM_RearrangedBitmap5947550568" x="127" y="176" width="34" height="41"/>
    <SubTexture name="SPAM_RearrangedBitmap6166390137" x="121" y="64" width="21" height="53"/>
    <SubTexture name="SPAM_RearrangedBitmap6174674327" x="58" y="227" width="10" height="12"/>
    <SubTexture name="SPAM_RearrangedBitmap618447795" x="237" y="216" width="16" height="17"/>
    <SubTexture name="SPAM_RearrangedBitmap7054459868" x="2" y="63" width="43" height="86"/>
    <SubTexture name="SPAM_RearrangedBitmap7168624658" x="69" y="64" width="50" height="53"/>
    <SubTexture name="SPAM_RearrangedBitmap7366958215" x="70" y="227" width="9" height="11"/>
    <SubTexture name="SPAM_RearrangedBitmap7592890683" x="132" y="151" width="46" height="21"/>
    <SubTexture name="SPAM_RearrangedBitmap7873744272" x="219" y="88" width="32" height="37"/>
    <SubTexture name="SPAM_RearrangedBitmap7958808049" x="88" y="136" width="42" height="38"/>
    <SubTexture name="SPAM_RearrangedBitmap8116173854" x="163" y="174" width="21" height="40"/>
    <SubTexture name="SPAM_RearrangedBitmap8293605860" x="91" y="219" width="39" height="35"/>
    <SubTexture name="SPAM_RearrangedBitmap8426723769" x="219" y="49" width="32" height="37"/>
    <SubTexture name="SPAM_RearrangedBitmap8675219422" x="91" y="176" width="34" height="41"/>
    <SubTexture name="SPAM_RearrangedBitmap9346440113" x="145" y="55" width="61" height="20"/>
    <SubTexture name="SPAM_RearrangedBitmap9487388886" x="208" y="55" width="9" height="11"/>
    <SubTexture name="SPAM_RearrangedBitmap9515918734" x="144" y="77" width="53" height="42"/>
    <SubTexture name="SPAM_RearrangedBitmap9794510304" x="192" y="240" width="10" height="12"/>
    <SubTexture name="SPAM_RearrangedBitmap9909991126" x="231" y="163" width="23" height="31"/>
</TextureAtlas>
