<?xml version="1.0" encoding="UTF-8"?>
<!-- Created with TexturePacker http://www.codeandweb.com/texturepacker-->
<!-- $TexturePacker:SmartUpdate:3da80f3118e23c4d2829e332bd6058ef:2149ffb029177f779fee8c93b686c209:79403ff4ef2d1a2f769eade3038185da$ -->
<TextureAtlas imagePath="1321_dragon_easter_2_HD_tweened_dxt5.dds" scale="1.9921875">
    <SubTexture name="SPAM_RearrangedBitmap101465877" x="241" y="259" width="53" height="57"/>
    <SubTexture name="SPAM_RearrangedBitmap1644426770" x="197" y="103" width="33" height="65"/>
    <SubTexture name="SPAM_RearrangedBitmap1817687916" x="415" y="164" width="41" height="41"/>
    <SubTexture name="SPAM_RearrangedBitmap2224299924" x="462" y="229" width="35" height="71"/>
    <SubTexture name="SPAM_RearrangedBitmap2254443403" x="117" y="319" width="39" height="109"/>
    <SubTexture name="SPAM_RearrangedBitmap2542424683" x="220" y="288" width="19" height="23"/>
    <SubTexture name="SPAM_RearrangedBitmap2858406946" x="462" y="302" width="21" height="35"/>
    <SubTexture name="SPAM_RearrangedBitmap3075358096" x="257" y="399" width="27" height="21"/>
    <SubTexture name="SPAM_RearrangedBitmap3135387328" x="345" y="428" width="55" height="35"/>
    <SubTexture name="SPAM_RearrangedBitmap3169798223" x="224" y="259" width="7" height="13"/>
    <SubTexture name="SPAM_RearrangedBitmap3345554134" x="65" y="288" width="111" height="29"/>
    <SubTexture name="SPAM_RearrangedBitmap3701877959" x="232" y="103" width="83" height="63"/>
    <SubTexture name="SPAM_RearrangedBitmap3794880535" x="364" y="167" width="49" height="73"/>
    <SubTexture name="SPAM_RearrangedBitmap4041788806" x="324" y="399" width="17" height="21"/>
    <SubTexture name="SPAM_RearrangedBitmap4195946268" x="296" y="259" width="99" height="55"/>
    <SubTexture name="SPAM_RearrangedBitmap4404793913" x="224" y="170" width="79" height="87"/>
    <SubTexture name="SPAM_RearrangedBitmap4757443929" x="261" y="2" width="99" height="81"/>
    <SubTexture name="SPAM_RearrangedBitmap4807071897" x="2" y="322" width="113" height="117"/>
    <SubTexture name="SPAM_RearrangedBitmap4818015480" x="79" y="441" width="47" height="67"/>
    <SubTexture name="SPAM_RearrangedBitmap4857089301" x="2" y="171" width="61" height="149"/>
    <SubTexture name="SPAM_RearrangedBitmap4930492904" x="130" y="2" width="129" height="99"/>
    <SubTexture name="SPAM_RearrangedBitmap5034862617" x="317" y="128" width="37" height="37"/>
    <SubTexture name="SPAM_RearrangedBitmap5170154071" x="345" y="391" width="55" height="35"/>
    <SubTexture name="SPAM_RearrangedBitmap5300803008" x="65" y="171" width="157" height="115"/>
    <SubTexture name="SPAM_RearrangedBitmap5371677498" x="134" y="103" width="61" height="65"/>
    <SubTexture name="SPAM_RearrangedBitmap5402668388" x="462" y="164" width="47" height="63"/>
    <SubTexture name="SPAM_RearrangedBitmap5586642213" x="397" y="2" width="105" height="59"/>
    <SubTexture name="SPAM_RearrangedBitmap5670693666_fx" x="317" y="85" width="43" height="41"/>
    <SubTexture name="SPAM_RearrangedBitmap5862675927" x="362" y="2" width="33" height="35"/>
    <SubTexture name="SPAM_RearrangedBitmap5947550568" x="257" y="318" width="67" height="79"/>
    <SubTexture name="SPAM_RearrangedBitmap6166390137" x="87" y="2" width="41" height="103"/>
    <SubTexture name="SPAM_RearrangedBitmap6174674327" x="199" y="288" width="19" height="23"/>
    <SubTexture name="SPAM_RearrangedBitmap618447795" x="362" y="39" width="31" height="33"/>
    <SubTexture name="SPAM_RearrangedBitmap7054459868" x="2" y="2" width="83" height="167"/>
    <SubTexture name="SPAM_RearrangedBitmap7168624658" x="158" y="319" width="97" height="103"/>
    <SubTexture name="SPAM_RearrangedBitmap7254942924" x="305" y="168" width="57" height="73"/>
    <SubTexture name="SPAM_RearrangedBitmap7366958215" x="305" y="399" width="17" height="21"/>
    <SubTexture name="SPAM_RearrangedBitmap7592890683" x="409" y="63" width="89" height="41"/>
    <SubTexture name="SPAM_RearrangedBitmap7873744272" x="409" y="339" width="63" height="71"/>
    <SubTexture name="SPAM_RearrangedBitmap7958808049" x="326" y="316" width="81" height="73"/>
    <SubTexture name="SPAM_RearrangedBitmap8116173854" x="302" y="422" width="41" height="77"/>
    <SubTexture name="SPAM_RearrangedBitmap8126970198_fx" x="356" y="128" width="23" height="37"/>
    <SubTexture name="SPAM_RearrangedBitmap8293605860" x="2" y="441" width="75" height="69"/>
    <SubTexture name="SPAM_RearrangedBitmap8426723769" x="397" y="242" width="63" height="71"/>
    <SubTexture name="SPAM_RearrangedBitmap8675219422" x="128" y="430" width="67" height="79"/>
    <SubTexture name="SPAM_RearrangedBitmap9346440113" x="381" y="123" width="119" height="39"/>
    <SubTexture name="SPAM_RearrangedBitmap9487388886" x="286" y="399" width="17" height="21"/>
    <SubTexture name="SPAM_RearrangedBitmap9515918734" x="197" y="424" width="103" height="81"/>
    <SubTexture name="SPAM_RearrangedBitmap9708525171_fx" x="362" y="74" width="43" height="47"/>
    <SubTexture name="SPAM_RearrangedBitmap9794510304" x="178" y="288" width="19" height="23"/>
    <SubTexture name="SPAM_RearrangedBitmap9909991126" x="87" y="107" width="45" height="61"/>
</TextureAtlas>
