<?xml version="1.0" encoding="UTF-8"?>
<!-- Created with TexturePacker http://www.codeandweb.com/texturepacker-->
<!-- $TexturePacker:SmartUpdate:5c32f896501bff66d9e6ab122b6d7b30:066c3a781606a31e4b42589722f0378e:0d34057da6b3a8c6ceb659ab62fd2ae8$ -->
<TextureAtlas imagePath="2146_dragon_whimsical_3_HD_tweened_dxt5_map.dds" scale="0.708251953125">
    <SubTexture name="layer_001_png" x="252" y="455" width="19" height="49"/>
    <SubTexture name="layer_002_png" x="325" y="466" width="55" height="28"/>
    <SubTexture name="layer_003_png" x="439" y="2" width="58" height="73"/>
    <SubTexture name="layer_004_png" x="2" y="316" width="50" height="177"/>
    <SubTexture name="layer_006_png" x="2" y="90" width="72" height="224"/>
    <SubTexture name="layer_007_png" x="478" y="330" width="29" height="70"/>
    <SubTexture name="layer_008_png" x="187" y="413" width="77" height="40"/>
    <SubTexture name="layer_009_png" x="347" y="222" width="78" height="94"/>
    <SubTexture name="layer_010_png" x="76" y="90" width="77" height="211"/>
    <SubTexture name="layer_011_png" x="382" y="466" width="18" height="36"/>
    <SubTexture name="layer_012_png" x="54" y="475" width="25" height="23"/>
    <SubTexture name="layer_013_png" x="266" y="413" width="49" height="22"/>
    <SubTexture name="layer_014_png" x="209" y="455" width="41" height="50"/>
    <SubTexture name="layer_015_png" x="427" y="275" width="77" height="53"/>
    <SubTexture name="layer_016_png" x="187" y="390" width="87" height="21"/>
    <SubTexture name="layer_017_png" x="145" y="312" width="40" height="101"/>
    <SubTexture name="layer_018_png" x="187" y="318" width="131" height="70"/>
    <SubTexture name="layer_019_png" x="224" y="216" width="121" height="100"/>
    <SubTexture name="layer_020_png" x="224" y="100" width="150" height="114"/>
    <SubTexture name="layer_021_png" x="427" y="220" width="83" height="53"/>
    <SubTexture name="layer_022_png" x="416" y="168" width="80" height="50"/>
    <SubTexture name="layer_023_png" x="143" y="470" width="64" height="38"/>
    <SubTexture name="layer_024_png" x="478" y="402" width="24" height="43"/>
    <SubTexture name="layer_025_png" x="386" y="417" width="26" height="29"/>
    <SubTexture name="layer_026_png" x="276" y="390" width="36" height="21"/>
    <SubTexture name="layer_027_png" x="145" y="415" width="39" height="53"/>
    <SubTexture name="layer_028_png" x="99" y="452" width="42" height="58"/>
    <SubTexture name="layer_029_png" x="273" y="437" width="50" height="56"/>
    <SubTexture name="layer_030_png" x="54" y="316" width="43" height="157"/>
    <SubTexture name="layer_031_png" x="239" y="57" width="172" height="41"/>
    <SubTexture name="layer_032_png" x="99" y="303" width="44" height="147"/>
    <SubTexture name="layer_033_png" x="376" y="100" width="38" height="120"/>
    <SubTexture name="layer_034_png" x="386" y="448" width="46" height="16"/>
    <SubTexture name="layer_035_png" x="498" y="77" width="12" height="51"/>
    <SubTexture name="layer_036_png" x="317" y="417" width="55" height="16"/>
    <SubTexture name="layer_038_png" x="155" y="90" width="67" height="220"/>
    <SubTexture name="layer_039_png" x="414" y="330" width="34" height="101"/>
    <SubTexture name="layer_040_png" x="450" y="330" width="26" height="110"/>
    <SubTexture name="layer_041_png" x="320" y="318" width="92" height="97"/>
    <SubTexture name="layer_042_png" x="2" y="2" width="235" height="86"/>
    <SubTexture name="layer_043_png" x="416" y="77" width="80" height="89"/>
    <SubTexture name="layer_044_png" x="325" y="435" width="59" height="29"/>
    <SubTexture name="layer_045_png" x="402" y="466" width="18" height="39"/>
    <SubTexture name="layer_046_png" x="239" y="2" width="198" height="53"/>
</TextureAtlas>
