<?xml version="1.0" encoding="UTF-8"?>
<!-- Created with TexturePacker http://www.codeandweb.com/texturepacker-->
<!-- $TexturePacker:SmartUpdate:959c10c63fa4bd86f8e0f263c281a2fd:7a2dba93819e24463793949b2e3bcd74:24e20d052792821369eba8f5e4ac6d15$ -->
<TextureAtlas imagePath="2146_dragon_whimsical_3_HD_tweened_dxt5.dds" scale="1.31237792969">
    <SubTexture name="SPAM_RearrangedBitmap1101841976" x="963" y="159" width="23" height="33" frameX="-5" frameY="-7" frameWidth="41" frameHeight="53"/>
    <SubTexture name="SPAM_RearrangedBitmap2109201241" x="723" y="473" width="56" height="40" frameX="-10" frameY="-8" frameWidth="82" frameHeight="62"/>
    <SubTexture name="SPAM_RearrangedBitmap3277260825" x="543" y="710" width="139" height="179" frameX="-16" frameY="-13" frameWidth="175" frameHeight="211"/>
    <SubTexture name="SPAM_RearrangedBitmap3758818261" x="663" y="517" width="143" height="171" frameX="-17" frameY="-16" frameWidth="177" frameHeight="203"/>
    <SubTexture name="SPAM_RearrangedBitmap4077509624" x="137" y="557" width="32" height="23" frameX="-11" frameY="-4" frameWidth="52" frameHeight="35"/>
    <SubTexture name="SPAM_RearrangedBitmap5584909574" x="522" y="527" width="139" height="181" frameX="-17" frameY="-13" frameWidth="175" frameHeight="215"/>
    <SubTexture name="SPAM_RearrangedBitmap5670693666" x="933" y="439" width="85" height="66" frameX="-15" frameY="-15" frameWidth="119" frameHeight="98"/>
    <SubTexture name="SPAM_RearrangedBitmap595760024" x="963" y="103" width="29" height="54" frameX="-5" frameY="-7" frameWidth="43" frameHeight="68"/>
    <SubTexture name="SPAM_RearrangedBitmap6576889203" x="260" y="831" width="31" height="59" frameX="-5" frameY="-7" frameWidth="45" frameHeight="73"/>
    <SubTexture name="SPAM_RearrangedBitmap669860168" x="465" y="904" width="77" height="103" frameX="-16" frameY="-15" frameWidth="111" frameHeight="137"/>
    <SubTexture name="SPAM_RearrangedBitmap6983673924" x="930" y="103" width="31" height="145" frameX="-13" frameY="-12" frameWidth="57" frameHeight="171"/>
    <SubTexture name="SPAM_RearrangedBitmap7895575093" x="794" y="907" width="93" height="86" frameX="-15" frameY="-13" frameWidth="127" frameHeight="114"/>
    <SubTexture name="SPAM_RearrangedBitmap8126970198" x="808" y="552" width="99" height="78" frameX="-18" frameY="-18" frameWidth="137" frameHeight="112"/>
    <SubTexture name="SPAM_RearrangedBitmap9133181788" x="889" y="897" width="78" height="87" frameX="-18" frameY="-14" frameWidth="116" frameHeight="123"/>
    <SubTexture name="SPAM_RearrangedBitmap9708525171" x="679" y="907" width="113" height="83" frameX="-16" frameY="-16" frameWidth="149" frameHeight="115"/>
    <SubTexture name="SPAM_RearrangedBitmap9992403159" x="623" y="405" width="98" height="110" frameX="-10" frameY="-8" frameWidth="116" frameHeight="124"/>
    <SubTexture name="layer_001_png" x="964" y="2" width="35" height="91"/>
    <SubTexture name="layer_002_png" x="920" y="618" width="102" height="52"/>
    <SubTexture name="layer_003_png" x="129" y="876" width="108" height="136"/>
    <SubTexture name="layer_004_png" x="283" y="164" width="94" height="328"/>
    <SubTexture name="layer_006_png" x="2" y="164" width="133" height="416"/>
    <SubTexture name="layer_007_png" x="544" y="891" width="53" height="131"/>
    <SubTexture name="layer_008_png" x="684" y="790" width="144" height="74"/>
    <SubTexture name="layer_009_png" x="783" y="103" width="145" height="174"/>
    <SubTexture name="layer_010_png" x="137" y="164" width="144" height="391"/>
    <SubTexture name="layer_011_png" x="723" y="405" width="34" height="66"/>
    <SubTexture name="layer_012_png" x="211" y="831" width="47" height="43"/>
    <SubTexture name="layer_013_png" x="848" y="854" width="91" height="41"/>
    <SubTexture name="layer_014_png" x="829" y="687" width="76" height="93"/>
    <SubTexture name="layer_015_png" x="684" y="690" width="143" height="98"/>
    <SubTexture name="layer_016_png" x="684" y="866" width="162" height="39"/>
    <SubTexture name="layer_017_png" x="467" y="715" width="74" height="187"/>
    <SubTexture name="layer_018_png" x="379" y="394" width="242" height="131"/>
    <SubTexture name="layer_019_png" x="295" y="527" width="225" height="186"/>
    <SubTexture name="layer_020_png" x="379" y="180" width="279" height="212"/>
    <SubTexture name="layer_021_png" x="808" y="2" width="154" height="99"/>
    <SubTexture name="layer_022_png" x="239" y="898" width="149" height="94"/>
    <SubTexture name="layer_023_png" x="830" y="782" width="119" height="70"/>
    <SubTexture name="layer_024_png" x="907" y="687" width="44" height="80"/>
    <SubTexture name="layer_025_png" x="953" y="713" width="48" height="53"/>
    <SubTexture name="layer_026_png" x="953" y="672" width="68" height="39"/>
    <SubTexture name="layer_027_png" x="390" y="898" width="73" height="99"/>
    <SubTexture name="layer_028_png" x="599" y="891" width="78" height="107"/>
    <SubTexture name="layer_029_png" x="808" y="446" width="94" height="104"/>
    <SubTexture name="layer_030_png" x="129" y="582" width="80" height="292"/>
    <SubTexture name="layer_031_png" x="439" y="102" width="320" height="76"/>
    <SubTexture name="layer_032_png" x="211" y="557" width="82" height="272"/>
    <SubTexture name="layer_033_png" x="660" y="180" width="70" height="223"/>
    <SubTexture name="layer_034_png" x="283" y="494" width="86" height="30"/>
    <SubTexture name="layer_035_png" x="904" y="446" width="23" height="95"/>
    <SubTexture name="layer_036_png" x="679" y="992" width="102" height="30"/>
    <SubTexture name="layer_038_png" x="2" y="582" width="125" height="409"/>
    <SubTexture name="layer_039_png" x="933" y="250" width="64" height="187"/>
    <SubTexture name="layer_040_png" x="732" y="180" width="49" height="204"/>
    <SubTexture name="layer_041_png" x="295" y="715" width="170" height="181"/>
    <SubTexture name="layer_042_png" x="2" y="2" width="435" height="160"/>
    <SubTexture name="layer_043_png" x="783" y="279" width="148" height="165"/>
    <SubTexture name="layer_044_png" x="808" y="632" width="110" height="53"/>
    <SubTexture name="layer_045_png" x="909" y="543" width="34" height="73"/>
    <SubTexture name="layer_046_png" x="439" y="2" width="367" height="98"/>
</TextureAtlas>
