<?xml version="1.0" encoding="UTF-8"?>
<!-- Created with TexturePacker http://www.codeandweb.com/texturepacker-->
<!-- $TexturePacker:SmartUpdate:dbc0bf78eb8e7a9636b2319c80b9bfe7:7500cb28d7e1116f8b664066b2606694:2b738e9e8e4dd9b3e59e9bd5e3dfdfb3$ -->
<TextureAtlas imagePath="1160_dragon_gaia_c_3_HD_tweened_dxt5.dds" scale="1.146484375">
    <SubTexture name="SPAM_RearrangedBitmap1101841976" x="332" y="270" width="79" height="41"/>
    <SubTexture name="SPAM_RearrangedBitmap1542957562" x="255" y="177" width="75" height="138"/>
    <SubTexture name="SPAM_RearrangedBitmap1671734047" x="221" y="2" width="204" height="96"/>
    <SubTexture name="SPAM_RearrangedBitmap1894464784" x="2" y="489" width="45" height="21"/>
    <SubTexture name="SPAM_RearrangedBitmap2109201241" x="196" y="466" width="55" height="25"/>
    <SubTexture name="SPAM_RearrangedBitmap29130765" x="470" y="268" width="35" height="25"/>
    <SubTexture name="SPAM_RearrangedBitmap3277260825" x="342" y="477" width="45" height="18"/>
    <SubTexture name="SPAM_RearrangedBitmap3672508151" x="221" y="100" width="134" height="75"/>
    <SubTexture name="SPAM_RearrangedBitmap3758818261" x="215" y="384" width="33" height="20"/>
    <SubTexture name="SPAM_RearrangedBitmap4013989714" x="357" y="100" width="131" height="61"/>
    <SubTexture name="SPAM_RearrangedBitmap4077509624" x="427" y="2" width="60" height="95"/>
    <SubTexture name="SPAM_RearrangedBitmap4326876870" x="381" y="313" width="71" height="103" frameX="0" frameY="0" frameWidth="71" frameHeight="111"/>
    <SubTexture name="SPAM_RearrangedBitmap4456335529" x="215" y="361" width="33" height="21"/>
    <SubTexture name="SPAM_RearrangedBitmap4482183566" x="454" y="297" width="56" height="85"/>
    <SubTexture name="SPAM_RearrangedBitmap5265554453" x="332" y="177" width="103" height="91"/>
    <SubTexture name="SPAM_RearrangedBitmap5556315498" x="137" y="454" width="57" height="42"/>
    <SubTexture name="SPAM_RearrangedBitmap5584909574" x="111" y="361" width="102" height="91"/>
    <SubTexture name="SPAM_RearrangedBitmap5603749268" x="489" y="2" width="14" height="16"/>
    <SubTexture name="SPAM_RearrangedBitmap5670693666" x="253" y="466" width="40" height="41"/>
    <SubTexture name="SPAM_RearrangedBitmap595760024" x="2" y="414" width="74" height="73"/>
    <SubTexture name="SPAM_RearrangedBitmap6576889203" x="2" y="361" width="107" height="51"/>
    <SubTexture name="SPAM_RearrangedBitmap669860168" x="2" y="183" width="251" height="176"/>
    <SubTexture name="SPAM_RearrangedBitmap6983673924" x="440" y="441" width="57" height="57"/>
    <SubTexture name="SPAM_RearrangedBitmap7419318374" x="255" y="317" width="124" height="88"/>
    <SubTexture name="SPAM_RearrangedBitmap7895575093" x="381" y="418" width="57" height="57"/>
    <SubTexture name="SPAM_RearrangedBitmap8126970198" x="454" y="384" width="28" height="55"/>
    <SubTexture name="SPAM_RearrangedBitmap8405129396" x="215" y="407" width="104" height="57"/>
    <SubTexture name="SPAM_RearrangedBitmap8449238453" x="295" y="470" width="45" height="18"/>
    <SubTexture name="SPAM_RearrangedBitmap8653180432" x="78" y="454" width="57" height="48"/>
    <SubTexture name="SPAM_RearrangedBitmap9133181788" x="413" y="270" width="55" height="25"/>
    <SubTexture name="SPAM_RearrangedBitmap9649242495" x="2" y="2" width="217" height="179"/>
    <SubTexture name="SPAM_RearrangedBitmap9708525171" x="437" y="163" width="69" height="103" frameX="0" frameY="0" frameWidth="69" frameHeight="111"/>
    <SubTexture name="SPAM_RearrangedBitmap9943812345" x="78" y="414" width="30" height="20"/>
    <SubTexture name="SPAM_RearrangedBitmap9992403159" x="321" y="407" width="58" height="61"/>
</TextureAtlas>
