<?xml version="1.0" encoding="UTF-8"?>
<!-- Created with TexturePacker http://www.codeandweb.com/texturepacker-->
<!-- $TexturePacker:SmartUpdate:49f0e557e1bd7b21d6a511dc93b11ba1:f6e8e8193075ca1c787bf91b6a5b45ba:51523309b2fe69011c82b0071770366e$ -->
<TextureAtlas imagePath="1770_dragon_flora_1_HD_tweened_dxt5_map.dds" scale="1.2314453125">
    <SubTexture name="SPAM_RearrangedBitmap1542957562" x="194" y="101" width="30" height="41"/>
    <SubTexture name="SPAM_RearrangedBitmap1671734047" x="194" y="144" width="32" height="36"/>
    <SubTexture name="SPAM_RearrangedBitmap2109201241" x="232" y="58" width="12" height="30"/>
    <SubTexture name="SPAM_RearrangedBitmap29130765" x="171" y="58" width="59" height="41"/>
    <SubTexture name="SPAM_RearrangedBitmap3277260825" x="228" y="141" width="12" height="16"/>
    <SubTexture name="SPAM_RearrangedBitmap3758818261" x="118" y="88" width="13" height="14"/>
    <SubTexture name="SPAM_RearrangedBitmap4013989714" x="169" y="183" width="30" height="40"/>
    <SubTexture name="SPAM_RearrangedBitmap4077509624" x="137" y="183" width="30" height="40"/>
    <SubTexture name="SPAM_RearrangedBitmap4326876870" x="156" y="225" width="27" height="20"/>
    <SubTexture name="SPAM_RearrangedBitmap4482183566" x="226" y="121" width="27" height="18"/>
    <SubTexture name="SPAM_RearrangedBitmap5265554453" x="97" y="183" width="38" height="68"/>
    <SubTexture name="SPAM_RearrangedBitmap5556315498" x="147" y="101" width="45" height="49"/>
    <SubTexture name="SPAM_RearrangedBitmap5584909574" x="137" y="225" width="17" height="29"/>
    <SubTexture name="SPAM_RearrangedBitmap5670693666" x="2" y="2" width="98" height="100"/>
    <SubTexture name="SPAM_RearrangedBitmap595760024" x="214" y="220" width="29" height="18"/>
    <SubTexture name="SPAM_RearrangedBitmap6576889203" x="226" y="101" width="27" height="18"/>
    <SubTexture name="SPAM_RearrangedBitmap669860168" x="102" y="88" width="14" height="14"/>
    <SubTexture name="SPAM_RearrangedBitmap6983673924" x="156" y="247" width="40" height="7"/>
    <SubTexture name="SPAM_RearrangedBitmap7895575093" x="93" y="104" width="52" height="77"/>
    <SubTexture name="SPAM_RearrangedBitmap8126970198" x="171" y="2" width="78" height="54"/>
    <SubTexture name="SPAM_RearrangedBitmap8449238453" x="147" y="152" width="40" height="29"/>
    <SubTexture name="SPAM_RearrangedBitmap8653180432" x="185" y="225" width="27" height="18"/>
    <SubTexture name="SPAM_RearrangedBitmap9133181788" x="2" y="104" width="89" height="83"/>
    <SubTexture name="SPAM_RearrangedBitmap9649242495" x="201" y="182" width="33" height="36"/>
    <SubTexture name="SPAM_RearrangedBitmap9708525171" x="102" y="2" width="67" height="84"/>
    <SubTexture name="SPAM_RearrangedBitmap9992403159" x="2" y="189" width="93" height="51"/>
</TextureAtlas>
