<?xml version="1.0" encoding="UTF-8"?>
<!-- Created with TexturePacker http://www.codeandweb.com/texturepacker-->
<!-- $TexturePacker:SmartUpdate:a09e82d3caa5ddd3bb183ff32eb7da79:5f665e0d406ecb449aea83c11702fac4:99d8d32d69cbf87668ae8064bee7512b$ -->
<TextureAtlas imagePath="1715_dragon_doublepure_2_HD_tweened_dxt5_map.dds" scale="0.6181640625">
    <SubTexture name="layer_001_png" x="468" y="309" width="42" height="29"/>
    <SubTexture name="layer_002_png" x="468" y="340" width="34" height="55"/>
    <SubTexture name="layer_002_png_" x="160" y="272" width="94" height="85"/>
    <SubTexture name="layer_003_png" x="303" y="368" width="26" height="64"/>
    <SubTexture name="layer_003_png_" x="379" y="274" width="43" height="84"/>
    <SubTexture name="layer_004_png" x="2" y="210" width="89" height="159"/>
    <SubTexture name="layer_004_png_" x="311" y="451" width="51" height="28"/>
    <SubTexture name="layer_005_png" x="426" y="338" width="40" height="51"/>
    <SubTexture name="layer_005_png_" x="331" y="424" width="38" height="25"/>
    <SubTexture name="layer_006_png" x="371" y="407" width="62" height="37"/>
    <SubTexture name="layer_006_png_" x="222" y="491" width="21" height="12"/>
    <SubTexture name="layer_007_png" x="364" y="472" width="43" height="33"/>
    <SubTexture name="layer_007_png_" x="458" y="464" width="43" height="21"/>
    <SubTexture name="layer_008_png" x="435" y="407" width="33" height="46"/>
    <SubTexture name="layer_008_png_" x="311" y="481" width="49" height="21"/>
    <SubTexture name="layer_009_png" x="2" y="2" width="134" height="206"/>
    <SubTexture name="layer_009_png_" x="409" y="472" width="17" height="31"/>
    <SubTexture name="layer_010_png" x="2" y="371" width="111" height="119"/>
    <SubTexture name="layer_010_png_" x="256" y="272" width="53" height="94"/>
    <SubTexture name="layer_011_png" x="388" y="238" width="93" height="34"/>
    <SubTexture name="layer_011_png_" x="371" y="360" width="53" height="45"/>
    <SubTexture name="layer_012_png" x="176" y="359" width="67" height="114"/>
    <SubTexture name="layer_012_png_" x="487" y="60" width="20" height="37"/>
    <SubTexture name="layer_013_png" x="138" y="2" width="150" height="177"/>
    <SubTexture name="layer_013_png_" x="245" y="460" width="64" height="50"/>
    <SubTexture name="layer_014_png" x="290" y="2" width="115" height="128"/>
    <SubTexture name="layer_014_png_" x="483" y="238" width="27" height="35"/>
    <SubTexture name="layer_015_png" x="290" y="132" width="110" height="84"/>
    <SubTexture name="layer_015_png_" x="470" y="397" width="34" height="33"/>
    <SubTexture name="layer_016_png" x="468" y="275" width="42" height="32"/>
    <SubTexture name="layer_016_png_" x="52" y="492" width="40" height="15"/>
    <SubTexture name="layer_017_png" x="176" y="475" width="44" height="35"/>
    <SubTexture name="layer_017_png_" x="2" y="492" width="48" height="15"/>
    <SubTexture name="layer_018_png" x="115" y="359" width="59" height="129"/>
    <SubTexture name="layer_018_png_" x="303" y="434" width="21" height="11"/>
    <SubTexture name="layer_019_png" x="245" y="368" width="56" height="90"/>
    <SubTexture name="layer_019_png_" x="222" y="475" width="21" height="14"/>
    <SubTexture name="layer_020_png" x="407" y="2" width="78" height="160"/>
    <SubTexture name="layer_020_png_" x="426" y="391" width="22" height="14"/>
    <SubTexture name="layer_021_png" x="160" y="181" width="128" height="89"/>
    <SubTexture name="layer_021_png_" x="487" y="2" width="21" height="56"/>
    <SubTexture name="layer_022_png" x="470" y="432" width="32" height="30"/>
    <SubTexture name="layer_022_png_" x="487" y="99" width="15" height="36"/>
    <SubTexture name="layer_023_png" x="424" y="274" width="42" height="62"/>
    <SubTexture name="layer_023_png_" x="371" y="446" width="53" height="24"/>
    <SubTexture name="layer_024_png" x="428" y="455" width="28" height="31"/>
    <SubTexture name="layer_025_png" x="331" y="358" width="38" height="64"/>
    <SubTexture name="layer_048_png" x="93" y="210" width="65" height="142"/>
    <SubTexture name="layer_049_png" x="311" y="260" width="66" height="96"/>
    <SubTexture name="layer_050_png" x="402" y="164" width="108" height="72"/>
    <SubTexture name="layer_051_png" x="290" y="218" width="96" height="40"/>
</TextureAtlas>
