<?xml version="1.0" encoding="UTF-8"?>
<!-- Created with TexturePacker http://www.codeandweb.com/texturepacker-->
<!-- $TexturePacker:SmartUpdate:8e93d4cff5359be7e588f317446359e5:f1a5d591a5c8568160f35e6993ed856f:9528b29ce37f17843a849fd782ed776a$ -->
<TextureAtlas imagePath="1715_dragon_doublepure_2_HD_tweened_dxt5.dds" scale="1.109375">
    <SubTexture name="SPAM_RearrangedBitmap1006995913" x="960" y="381" width="37" height="162" frameX="0" frameY="0" frameWidth="41" frameHeight="166"/>
    <SubTexture name="SPAM_RearrangedBitmap1026128579" x="655" y="596" width="40" height="154" frameX="0" frameY="0" frameWidth="44" frameHeight="158"/>
    <SubTexture name="SPAM_RearrangedBitmap1101841976" x="874" y="384" width="46" height="178" frameX="-9" frameY="-11" frameWidth="68" frameHeight="206"/>
    <SubTexture name="SPAM_RearrangedBitmap1490119599" x="842" y="734" width="81" height="36" frameX="0" frameY="0" frameWidth="83" frameHeight="38"/>
    <SubTexture name="SPAM_RearrangedBitmap1542957562" x="828" y="889" width="44" height="53" frameX="-3" frameY="-2" frameWidth="54" frameHeight="61"/>
    <SubTexture name="SPAM_RearrangedBitmap1671734047" x="697" y="711" width="64" height="48" frameX="-5" frameY="-2" frameWidth="78" frameHeight="56"/>
    <SubTexture name="SPAM_RearrangedBitmap1894464784" x="397" y="987" width="37" height="33" frameX="-6" frameY="-4" frameWidth="55" frameHeight="45"/>
    <SubTexture name="SPAM_RearrangedBitmap2109201241" x="894" y="255" width="128" height="63" frameX="-1" frameY="0" frameWidth="134" frameHeight="67"/>
    <SubTexture name="SPAM_RearrangedBitmap29130765" x="2" y="951" width="110" height="71" frameX="0" frameY="0" frameWidth="114" frameHeight="75"/>
    <SubTexture name="SPAM_RearrangedBitmap2943053712" x="244" y="322" width="33" height="24" frameX="-8" frameY="-7" frameWidth="53" frameHeight="46"/>
    <SubTexture name="SPAM_RearrangedBitmap2989518749" x="931" y="889" width="63" height="44" frameX="-1" frameY="0" frameWidth="67" frameHeight="48"/>
    <SubTexture name="SPAM_RearrangedBitmap3277260825" x="677" y="761" width="76" height="72" frameX="-3" frameY="-2" frameWidth="86" frameHeight="80"/>
    <SubTexture name="SPAM_RearrangedBitmap3672508151" x="494" y="811" width="32" height="125" frameX="-8" frameY="-14" frameWidth="52" frameHeight="155"/>
    <SubTexture name="SPAM_RearrangedBitmap3758818261" x="961" y="663" width="56" height="54" frameX="-1" frameY="-4" frameWidth="66" frameHeight="64"/>
    <SubTexture name="SPAM_RearrangedBitmap3944694877" x="981" y="935" width="41" height="39" frameX="-5" frameY="-5" frameWidth="57" frameHeight="51"/>
    <SubTexture name="SPAM_RearrangedBitmap4013989714" x="682" y="889" width="76" height="69" frameX="-1" frameY="0" frameWidth="82" frameHeight="73"/>
    <SubTexture name="SPAM_RearrangedBitmap4077509624" x="763" y="700" width="77" height="70" frameX="-1" frameY="-1" frameWidth="83" frameHeight="76"/>
    <SubTexture name="SPAM_RearrangedBitmap4326876870" x="380" y="951" width="91" height="34" frameX="0" frameY="0" frameWidth="95" frameHeight="38"/>
    <SubTexture name="SPAM_RearrangedBitmap4456335529" x="599" y="596" width="54" height="181" frameX="-9" frameY="-10" frameWidth="76" frameHeight="207"/>
    <SubTexture name="SPAM_RearrangedBitmap4482183566" x="746" y="554" width="38" height="50" frameX="-2" frameY="-2" frameWidth="46" frameHeight="58"/>
    <SubTexture name="SPAM_RearrangedBitmap5265554453" x="239" y="909" width="110" height="66" frameX="-1" frameY="-1" frameWidth="116" frameHeight="72"/>
    <SubTexture name="SPAM_RearrangedBitmap5377896167" x="760" y="955" width="71" height="40" frameX="0" frameY="0" frameWidth="73" frameHeight="42"/>
    <SubTexture name="SPAM_RearrangedBitmap5516101102" x="764" y="374" width="53" height="178" frameX="-10" frameY="-12" frameWidth="75" frameHeight="206"/>
    <SubTexture name="SPAM_RearrangedBitmap5556315498" x="380" y="811" width="112" height="69" frameX="0" frameY="0" frameWidth="116" frameHeight="73"/>
    <SubTexture name="SPAM_RearrangedBitmap5584909574" x="760" y="881" width="66" height="72" frameX="-3" frameY="-2" frameWidth="76" frameHeight="80"/>
    <SubTexture name="SPAM_RearrangedBitmap5603749268" x="922" y="381" width="36" height="176" frameX="-8" frameY="-14" frameWidth="56" frameHeight="206"/>
    <SubTexture name="SPAM_RearrangedBitmap5670693666" x="634" y="1003" width="24" height="19"/>
    <SubTexture name="SPAM_RearrangedBitmap595760024" x="874" y="888" width="55" height="52" frameX="-1" frameY="0" frameWidth="61" frameHeight="56"/>
    <SubTexture name="SPAM_RearrangedBitmap6292116069" x="999" y="381" width="17" height="78"/>
    <SubTexture name="SPAM_RearrangedBitmap6576889203" x="884" y="831" width="71" height="55" frameX="-1" frameY="-1" frameWidth="77" frameHeight="61"/>
    <SubTexture name="SPAM_RearrangedBitmap669860168" x="594" y="931" width="81" height="70" frameX="-1" frameY="0" frameWidth="87" frameHeight="76"/>
    <SubTexture name="SPAM_RearrangedBitmap6771352062" x="599" y="893" width="81" height="36" frameX="0" frameY="0" frameWidth="83" frameHeight="38"/>
    <SubTexture name="SPAM_RearrangedBitmap6871806784" x="787" y="997" width="51" height="17"/>
    <SubTexture name="SPAM_RearrangedBitmap6983673924" x="894" y="320" width="127" height="59" frameX="-1" frameY="0" frameWidth="133" frameHeight="63"/>
    <SubTexture name="SPAM_RearrangedBitmap7419318374" x="757" y="997" width="28" height="25" frameX="-4" frameY="-5" frameWidth="42" frameHeight="37"/>
    <SubTexture name="SPAM_RearrangedBitmap7895575093" x="931" y="935" width="48" height="7"/>
    <SubTexture name="SPAM_RearrangedBitmap8126970198" x="746" y="700" width="13" height="9"/>
    <SubTexture name="SPAM_RearrangedBitmap8405129396" x="874" y="564" width="46" height="37" frameX="-8" frameY="-8" frameWidth="66" frameHeight="53"/>
    <SubTexture name="SPAM_RearrangedBitmap8449238453" x="252" y="844" width="126" height="63" frameX="0" frameY="-1" frameWidth="130" frameHeight="69"/>
    <SubTexture name="SPAM_RearrangedBitmap8653180432" x="829" y="772" width="53" height="64" frameX="-1" frameY="-1" frameWidth="61" frameHeight="72"/>
    <SubTexture name="SPAM_RearrangedBitmap8695154848" x="754" y="839" width="71" height="40" frameX="0" frameY="0" frameWidth="73" frameHeight="42"/>
    <SubTexture name="SPAM_RearrangedBitmap9133181788" x="820" y="603" width="69" height="63" frameX="-2" frameY="-2" frameWidth="77" frameHeight="71"/>
    <SubTexture name="SPAM_RearrangedBitmap9645380225" x="925" y="719" width="63" height="44" frameX="-1" frameY="0" frameWidth="67" frameHeight="48"/>
    <SubTexture name="SPAM_RearrangedBitmap9649242495" x="833" y="944" width="37" height="48" frameX="-3" frameY="-2" frameWidth="47" frameHeight="56"/>
    <SubTexture name="SPAM_RearrangedBitmap9708525171" x="874" y="942" width="39" height="8"/>
    <SubTexture name="SPAM_RearrangedBitmap9943812345" x="819" y="384" width="53" height="179" frameX="-9" frameY="-13" frameWidth="77" frameHeight="207"/>
    <SubTexture name="SPAM_RearrangedBitmap9992403159" x="755" y="772" width="72" height="65" frameX="-1" frameY="-1" frameWidth="78" frameHeight="71"/>
    <SubTexture name="layer_001_png" x="677" y="835" width="75" height="52"/>
    <SubTexture name="layer_002_png" x="830" y="283" width="62" height="99"/>
    <SubTexture name="layer_002_png_" x="514" y="366" width="169" height="153"/>
    <SubTexture name="layer_003_png" x="697" y="593" width="47" height="116"/>
    <SubTexture name="layer_003_png_" x="685" y="374" width="77" height="151"/>
    <SubTexture name="layer_004_png" x="2" y="374" width="159" height="286"/>
    <SubTexture name="layer_004_png_" x="144" y="895" width="93" height="51"/>
    <SubTexture name="layer_005_png" x="746" y="606" width="72" height="92"/>
    <SubTexture name="layer_005_png_" x="114" y="977" width="69" height="45"/>
    <SubTexture name="layer_006_png" x="380" y="882" width="112" height="67"/>
    <SubTexture name="layer_006_png_" x="840" y="994" width="38" height="22"/>
    <SubTexture name="layer_007_png" x="677" y="960" width="78" height="59"/>
    <SubTexture name="layer_007_png_" x="275" y="977" width="77" height="37"/>
    <SubTexture name="layer_008_png" x="494" y="938" width="59" height="84"/>
    <SubTexture name="layer_008_png_" x="185" y="977" width="88" height="38"/>
    <SubTexture name="layer_009_png" x="2" y="2" width="240" height="370"/>
    <SubTexture name="layer_009_png_" x="957" y="831" width="31" height="56"/>
    <SubTexture name="layer_010_png" x="725" y="2" width="199" height="215"/>
    <SubTexture name="layer_010_png_" x="926" y="2" width="95" height="169"/>
    <SubTexture name="layer_011_png" x="725" y="219" width="167" height="62"/>
    <SubTexture name="layer_011_png_" x="926" y="173" width="96" height="80"/>
    <SubTexture name="layer_012_png" x="252" y="636" width="122" height="206"/>
    <SubTexture name="layer_012_png_" x="922" y="559" width="36" height="66"/>
    <SubTexture name="layer_013_png" x="244" y="2" width="270" height="318"/>
    <SubTexture name="layer_013_png_" x="712" y="283" width="116" height="89"/>
    <SubTexture name="layer_014_png" x="516" y="2" width="207" height="230"/>
    <SubTexture name="layer_014_png_" x="842" y="668" width="48" height="64"/>
    <SubTexture name="layer_015_png" x="282" y="484" width="198" height="150"/>
    <SubTexture name="layer_015_png_" x="960" y="545" width="62" height="59"/>
    <SubTexture name="layer_016_png" x="884" y="772" width="75" height="57"/>
    <SubTexture name="layer_016_png_" x="163" y="632" width="72" height="27"/>
    <SubTexture name="layer_017_png" x="657" y="527" width="79" height="64"/>
    <SubTexture name="layer_017_png_" x="144" y="948" width="86" height="27"/>
    <SubTexture name="layer_018_png" x="144" y="662" width="106" height="231"/>
    <SubTexture name="layer_018_png_" x="594" y="1003" width="38" height="19"/>
    <SubTexture name="layer_019_png" x="497" y="596" width="100" height="161"/>
    <SubTexture name="layer_019_png_" x="436" y="987" width="37" height="26"/>
    <SubTexture name="layer_020_png" x="2" y="662" width="140" height="287"/>
    <SubTexture name="layer_020_png_" x="354" y="987" width="41" height="26"/>
    <SubTexture name="layer_021_png" x="282" y="322" width="230" height="160"/>
    <SubTexture name="layer_021_png_" x="555" y="922" width="37" height="100"/>
    <SubTexture name="layer_022_png" x="960" y="606" width="57" height="55"/>
    <SubTexture name="layer_022_png_" x="351" y="909" width="27" height="65"/>
    <SubTexture name="layer_023_png" x="599" y="779" width="76" height="112"/>
    <SubTexture name="layer_023_png_" x="497" y="759" width="95" height="44"/>
    <SubTexture name="layer_024_png" x="961" y="765" width="51" height="56"/>
    <SubTexture name="layer_025_png" x="528" y="805" width="69" height="115"/>
    <SubTexture name="layer_048_png" x="163" y="374" width="117" height="256"/>
    <SubTexture name="layer_049_png" x="376" y="636" width="119" height="173"/>
    <SubTexture name="layer_050_png" x="516" y="234" width="194" height="130"/>
    <SubTexture name="layer_051_png" x="482" y="521" width="173" height="73"/>
</TextureAtlas>
