<?xml version="1.0" encoding="UTF-8"?>
<!-- Created with TexturePacker http://www.codeandweb.com/texturepacker-->
<!-- $TexturePacker:SmartUpdate:2563a2ddbc11fb6a444284a53a3aa9c6:95c808908a5caaceb46310a64f940afb:f6054991b2c43f001cf84e0082073259$ -->
<TextureAtlas imagePath="1804_dragon_ra_1_HD_tweened_dxt5_map.dds" scale="0.851257324219">
    <SubTexture name="Bitmap_1" x="143" y="154" width="54" height="82" frameX="-14" frameY="-19" frameWidth="80" frameHeight="120"/>
    <SubTexture name="Bitmap_10_" x="385" y="186" width="56" height="76" frameX="-13" frameY="-26" frameWidth="82" frameHeight="120"/>
    <SubTexture name="Bitmap_11" x="101" y="275" width="55" height="73" frameX="-14" frameY="-24" frameWidth="83" frameHeight="115"/>
    <SubTexture name="Bitmap_12" x="199" y="105" width="61" height="73" frameX="-8" frameY="-26" frameWidth="81" frameHeight="119"/>
    <SubTexture name="Bitmap_13" x="262" y="107" width="61" height="72" frameX="-8" frameY="-25" frameWidth="81" frameHeight="116"/>
    <SubTexture name="Bitmap_14" x="80" y="154" width="61" height="81" frameX="-6" frameY="-25" frameWidth="77" frameHeight="125"/>
    <SubTexture name="Bitmap_15" x="58" y="360" width="54" height="81" frameX="-7" frameY="-26" frameWidth="74" frameHeight="125"/>
    <SubTexture name="Bitmap_16" x="2" y="395" width="54" height="83" frameX="-8" frameY="-25" frameWidth="74" frameHeight="125"/>
    <SubTexture name="Bitmap_3_" x="158" y="275" width="54" height="74" frameX="-13" frameY="-20" frameWidth="78" frameHeight="112"/>
    <SubTexture name="Bitmap_4_" x="95" y="443" width="55" height="65" frameX="-9" frameY="-26" frameWidth="77" frameHeight="109"/>
    <SubTexture name="Bitmap_5_" x="353" y="357" width="54" height="71" frameX="-9" frameY="-26" frameWidth="80" frameHeight="115"/>
    <SubTexture name="Bitmap_6_" x="362" y="430" width="55" height="72" frameX="-8" frameY="-27" frameWidth="79" frameHeight="118"/>
    <SubTexture name="Bitmap_7_" x="199" y="180" width="58" height="73" frameX="-6" frameY="-25" frameWidth="78" frameHeight="117"/>
    <SubTexture name="Bitmap_8_" x="385" y="264" width="56" height="73" frameX="-11" frameY="-26" frameWidth="80" frameHeight="119"/>
    <SubTexture name="Bitmap_9_" x="259" y="181" width="57" height="73" frameX="-12" frameY="-25" frameWidth="81" frameHeight="117"/>
    <SubTexture name="layer_001_png" x="495" y="387" width="9" height="51"/>
    <SubTexture name="layer_002_png" x="2" y="480" width="40" height="25"/>
    <SubTexture name="layer_003_png" x="458" y="333" width="7" height="62"/>
    <SubTexture name="layer_004_png" x="443" y="250" width="11" height="69"/>
    <SubTexture name="layer_005_png" x="276" y="91" width="92" height="14"/>
    <SubTexture name="layer_006_png" x="313" y="341" width="80" height="14"/>
    <SubTexture name="layer_007_png" x="476" y="167" width="25" height="12"/>
    <SubTexture name="layer_008_png" x="479" y="309" width="31" height="22"/>
    <SubTexture name="layer_009_png" x="472" y="285" width="35" height="22"/>
    <SubTexture name="layer_010_png" x="114" y="409" width="64" height="32"/>
    <SubTexture name="layer_011_png" x="313" y="305" width="68" height="34"/>
    <SubTexture name="layer_012_png" x="298" y="393" width="52" height="45"/>
    <SubTexture name="layer_013_png" x="456" y="315" width="20" height="16"/>
    <SubTexture name="layer_014_png" x="436" y="140" width="38" height="42"/>
    <SubTexture name="layer_015_png" x="360" y="140" width="74" height="44"/>
    <SubTexture name="layer_016_png" x="240" y="400" width="56" height="38"/>
    <SubTexture name="layer_017_png" x="281" y="289" width="30" height="51"/>
    <SubTexture name="layer_018_png" x="476" y="133" width="17" height="32"/>
    <SubTexture name="layer_019_png" x="267" y="501" width="35" height="8"/>
    <SubTexture name="layer_020_png" x="467" y="370" width="37" height="15"/>
    <SubTexture name="layer_021_png" x="495" y="133" width="9" height="32"/>
    <SubTexture name="layer_022_png" x="199" y="255" width="47" height="13"/>
    <SubTexture name="layer_023_png" x="479" y="387" width="14" height="59"/>
    <SubTexture name="layer_024_png" x="456" y="250" width="14" height="63"/>
    <SubTexture name="layer_025_png" x="315" y="499" width="13" height="11"/>
    <SubTexture name="layer_026_png" x="214" y="270" width="29" height="16"/>
    <SubTexture name="layer_027_png" x="482" y="31" width="28" height="19"/>
    <SubTexture name="layer_028_png" x="443" y="219" width="62" height="29"/>
    <SubTexture name="layer_029_png" x="180" y="408" width="58" height="33"/>
    <SubTexture name="layer_030_png" x="152" y="443" width="55" height="63"/>
    <SubTexture name="layer_031_png" x="80" y="237" width="45" height="27"/>
    <SubTexture name="layer_032_png" x="315" y="440" width="45" height="57"/>
    <SubTexture name="layer_033_png" x="156" y="351" width="62" height="55"/>
    <SubTexture name="layer_034_png" x="276" y="2" width="93" height="87"/>
    <SubTexture name="layer_035_png" x="182" y="2" width="92" height="101"/>
    <SubTexture name="layer_036_png" x="443" y="184" width="67" height="33"/>
    <SubTexture name="layer_037_png" x="127" y="238" width="70" height="35"/>
    <SubTexture name="layer_038_png" x="419" y="416" width="58" height="46"/>
    <SubTexture name="layer_039_png" x="481" y="448" width="24" height="21"/>
    <SubTexture name="layer_040_png" x="114" y="350" width="40" height="57"/>
    <SubTexture name="layer_041_png" x="325" y="107" width="33" height="65"/>
    <SubTexture name="layer_042_png" x="457" y="96" width="53" height="35"/>
    <SubTexture name="layer_043_png" x="220" y="344" width="58" height="54"/>
    <SubTexture name="layer_044_png" x="472" y="250" width="38" height="33"/>
    <SubTexture name="layer_045_png" x="267" y="440" width="46" height="59"/>
    <SubTexture name="layer_046_png" x="79" y="2" width="101" height="103"/>
    <SubTexture name="layer_047_png" x="2" y="269" width="51" height="124"/>
    <SubTexture name="layer_048_png" x="467" y="333" width="39" height="35"/>
    <SubTexture name="layer_049_png" x="2" y="2" width="75" height="151"/>
    <SubTexture name="layer_050_png" x="58" y="443" width="35" height="67"/>
    <SubTexture name="layer_051_png" x="79" y="107" width="89" height="45"/>
    <SubTexture name="layer_052_png" x="409" y="339" width="47" height="75"/>
    <SubTexture name="layer_053_png" x="55" y="269" width="44" height="89"/>
    <SubTexture name="layer_054_png" x="419" y="464" width="60" height="37"/>
    <SubTexture name="layer_055_png" x="371" y="2" width="109" height="56"/>
    <SubTexture name="layer_056_png" x="280" y="357" width="71" height="34"/>
    <SubTexture name="layer_057_png" x="462" y="60" width="25" height="34"/>
    <SubTexture name="layer_058_png" x="170" y="107" width="27" height="35"/>
    <SubTexture name="layer_059_png" x="2" y="155" width="76" height="112"/>
    <SubTexture name="layer_060_png" x="482" y="2" width="28" height="27"/>
    <SubTexture name="layer_061_png" x="209" y="443" width="56" height="62"/>
    <SubTexture name="layer_062_png" x="371" y="60" width="89" height="34"/>
    <SubTexture name="layer_063_png" x="214" y="289" width="65" height="53"/>
    <SubTexture name="layer_064_png" x="318" y="250" width="65" height="53"/>
    <SubTexture name="layer_065_png" x="318" y="186" width="65" height="62"/>
    <SubTexture name="layer_066_png" x="267" y="256" width="49" height="31"/>
    <SubTexture name="layer_067_png" x="370" y="96" width="85" height="42"/>
</TextureAtlas>
