<?xml version="1.0" encoding="UTF-8"?>
<!-- Created with TexturePacker http://www.codeandweb.com/texturepacker-->
<!-- $TexturePacker:SmartUpdate:2b0d9c8c3dbf3591e610b49dab3b404f:82f21efecd3f7dd825be00fd922ccfc8:65642e801538eb1d37847fc0fe0891a7$ -->
<TextureAtlas imagePath="1804_dragon_ra_1_HD_tweened_dxt5.dds" scale="1.71875">
    <SubTexture name="Bitmap_1" x="156" y="2" width="111" height="164" frameX="-26" frameY="-40" frameWidth="161" frameHeight="242"/>
    <SubTexture name="Bitmap_10_" x="269" y="2" width="112" height="156" frameX="-28" frameY="-50" frameWidth="166" frameHeight="242"/>
    <SubTexture name="Bitmap_11" x="394" y="294" width="114" height="149" frameX="-27" frameY="-48" frameWidth="168" frameHeight="233"/>
    <SubTexture name="Bitmap_12" x="557" y="514" width="125" height="146" frameX="-16" frameY="-53" frameWidth="165" frameHeight="240"/>
    <SubTexture name="Bitmap_13" x="495" y="2" width="127" height="147" frameX="-14" frameY="-50" frameWidth="165" frameHeight="235"/>
    <SubTexture name="Bitmap_14" x="434" y="788" width="122" height="164" frameX="-14" frameY="-52" frameWidth="156" frameHeight="254"/>
    <SubTexture name="Bitmap_15" x="321" y="788" width="111" height="166" frameX="-14" frameY="-52" frameWidth="151" frameHeight="254"/>
    <SubTexture name="Bitmap_16" x="208" y="788" width="111" height="170" frameX="-16" frameY="-50" frameWidth="151" frameHeight="254"/>
    <SubTexture name="Bitmap_3_" x="383" y="2" width="110" height="150" frameX="-26" frameY="-40" frameWidth="158" frameHeight="226"/>
    <SubTexture name="Bitmap_4_" x="230" y="168" width="110" height="133" frameX="-20" frameY="-52" frameWidth="156" frameHeight="221"/>
    <SubTexture name="Bitmap_5_" x="739" y="2" width="109" height="143" frameX="-18" frameY="-54" frameWidth="161" frameHeight="233"/>
    <SubTexture name="Bitmap_6_" x="624" y="2" width="113" height="146" frameX="-14" frameY="-54" frameWidth="159" frameHeight="238"/>
    <SubTexture name="Bitmap_7_" x="625" y="280" width="116" height="145" frameX="-13" frameY="-54" frameWidth="158" frameHeight="237"/>
    <SubTexture name="Bitmap_8_" x="510" y="284" width="113" height="146" frameX="-24" frameY="-55" frameWidth="163" frameHeight="240"/>
    <SubTexture name="Bitmap_9_" x="440" y="514" width="115" height="147" frameX="-26" frameY="-52" frameWidth="165" frameHeight="237"/>
    <SubTexture name="layer_001_png" x="994" y="120" width="18" height="104"/>
    <SubTexture name="layer_002_png" x="730" y="493" width="82" height="51"/>
    <SubTexture name="layer_003_png" x="696" y="150" width="15" height="127"/>
    <SubTexture name="layer_004_png" x="342" y="160" width="24" height="140"/>
    <SubTexture name="layer_005_png" x="440" y="663" width="187" height="29"/>
    <SubTexture name="layer_006_png" x="850" y="89" width="161" height="29"/>
    <SubTexture name="layer_007_png" x="755" y="921" width="51" height="25"/>
    <SubTexture name="layer_008_png" x="632" y="905" width="63" height="46"/>
    <SubTexture name="layer_009_png" x="558" y="905" width="72" height="46"/>
    <SubTexture name="layer_010_png" x="337" y="956" width="130" height="65"/>
    <SubTexture name="layer_011_png" x="847" y="194" width="137" height="70"/>
    <SubTexture name="layer_012_png" x="493" y="694" width="106" height="92"/>
    <SubTexture name="layer_013_png" x="981" y="293" width="41" height="32"/>
    <SubTexture name="layer_014_png" x="601" y="694" width="77" height="85"/>
    <SubTexture name="layer_015_png" x="158" y="697" width="151" height="89"/>
    <SubTexture name="layer_016_png" x="584" y="432" width="113" height="77"/>
    <SubTexture name="layer_017_png" x="959" y="448" width="61" height="104"/>
    <SubTexture name="layer_018_png" x="986" y="226" width="36" height="65"/>
    <SubTexture name="layer_019_png" x="31" y="998" width="72" height="17"/>
    <SubTexture name="layer_020_png" x="629" y="662" width="75" height="30"/>
    <SubTexture name="layer_021_png" x="680" y="694" width="18" height="65"/>
    <SubTexture name="layer_022_png" x="743" y="342" width="96" height="27"/>
    <SubTexture name="layer_023_png" x="699" y="427" width="29" height="120"/>
    <SubTexture name="layer_024_png" x="550" y="151" width="29" height="128"/>
    <SubTexture name="layer_025_png" x="2" y="998" width="27" height="24"/>
    <SubTexture name="layer_026_png" x="755" y="887" width="60" height="32"/>
    <SubTexture name="layer_027_png" x="697" y="898" width="56" height="39"/>
    <SubTexture name="layer_028_png" x="208" y="960" width="127" height="60"/>
    <SubTexture name="layer_029_png" x="668" y="953" width="118" height="67"/>
    <SubTexture name="layer_030_png" x="437" y="154" width="111" height="128"/>
    <SubTexture name="layer_031_png" x="296" y="457" width="91" height="55"/>
    <SubTexture name="layer_032_png" x="558" y="788" width="91" height="115"/>
    <SubTexture name="layer_033_png" x="684" y="549" width="125" height="111"/>
    <SubTexture name="layer_034_png" x="249" y="515" width="189" height="177"/>
    <SubTexture name="layer_035_png" x="107" y="309" width="187" height="204"/>
    <SubTexture name="layer_036_png" x="447" y="445" width="135" height="67"/>
    <SubTexture name="layer_037_png" x="850" y="120" width="142" height="72"/>
    <SubTexture name="layer_038_png" x="839" y="448" width="118" height="94"/>
    <SubTexture name="layer_039_png" x="107" y="515" width="49" height="42"/>
    <SubTexture name="layer_040_png" x="651" y="781" width="80" height="115"/>
    <SubTexture name="layer_041_png" x="368" y="160" width="67" height="132"/>
    <SubTexture name="layer_042_png" x="788" y="948" width="108" height="72"/>
    <SubTexture name="layer_043_png" x="811" y="546" width="118" height="110"/>
    <SubTexture name="layer_044_png" x="931" y="628" width="77" height="67"/>
    <SubTexture name="layer_045_png" x="743" y="371" width="94" height="120"/>
    <SubTexture name="layer_046_png" x="2" y="789" width="204" height="207"/>
    <SubTexture name="layer_047_png" x="2" y="309" width="103" height="250"/>
    <SubTexture name="layer_048_png" x="931" y="554" width="79" height="72"/>
    <SubTexture name="layer_049_png" x="2" y="2" width="152" height="305"/>
    <SubTexture name="layer_050_png" x="156" y="168" width="72" height="135"/>
    <SubTexture name="layer_051_png" x="311" y="694" width="180" height="92"/>
    <SubTexture name="layer_052_png" x="296" y="303" width="96" height="152"/>
    <SubTexture name="layer_053_png" x="158" y="515" width="89" height="180"/>
    <SubTexture name="layer_054_png" x="898" y="777" width="122" height="75"/>
    <SubTexture name="layer_055_png" x="706" y="662" width="221" height="113"/>
    <SubTexture name="layer_056_png" x="469" y="954" width="144" height="68"/>
    <SubTexture name="layer_057_png" x="615" y="953" width="51" height="68"/>
    <SubTexture name="layer_058_png" x="929" y="697" width="55" height="72"/>
    <SubTexture name="layer_059_png" x="2" y="561" width="154" height="226"/>
    <SubTexture name="layer_060_png" x="389" y="457" width="56" height="55"/>
    <SubTexture name="layer_061_png" x="581" y="151" width="113" height="127"/>
    <SubTexture name="layer_062_png" x="839" y="376" width="180" height="70"/>
    <SubTexture name="layer_063_png" x="733" y="777" width="132" height="108"/>
    <SubTexture name="layer_064_png" x="847" y="266" width="132" height="108"/>
    <SubTexture name="layer_065_png" x="713" y="150" width="132" height="125"/>
    <SubTexture name="layer_066_png" x="743" y="277" width="99" height="63"/>
    <SubTexture name="layer_067_png" x="850" y="2" width="171" height="85"/>
</TextureAtlas>
