<?xml version="1.0" encoding="UTF-8"?>
<!-- Created with TexturePacker http://www.codeandweb.com/texturepacker-->
<!-- $TexturePacker:SmartUpdate:26c6f6c357dd3faf180d9c1fb51918af:0963a841befa4a9b57a4440f306c3d61:5aa805a8489733068e57210324bab6b9$ -->
<TextureAtlas imagePath="1745_dragon_yggdrasil_3_HD_tweened_dxt5.dds" scale="0.62109375">
    <SubTexture name="SPAM_RearrangedBitmap1006995913" x="687" y="641" width="61" height="46"/>
    <SubTexture name="SPAM_RearrangedBitmap101465877" x="752" y="201" width="29" height="39"/>
    <SubTexture name="SPAM_RearrangedBitmap1019869967" x="1001" y="620" width="17" height="46"/>
    <SubTexture name="SPAM_RearrangedBitmap1026128579" x="846" y="671" width="18" height="37"/>
    <SubTexture name="SPAM_RearrangedBitmap1038339948" x="921" y="251" width="29" height="63"/>
    <SubTexture name="SPAM_RearrangedBitmap105543398" x="995" y="791" width="11" height="25"/>
    <SubTexture name="SPAM_RearrangedBitmap106676656" x="848" y="808" width="12" height="54"/>
    <SubTexture name="SPAM_RearrangedBitmap1101841976" x="599" y="824" width="63" height="55"/>
    <SubTexture name="SPAM_RearrangedBitmap1108492420" x="803" y="941" width="22" height="34" frameX="-7" frameY="0" frameWidth="32" frameHeight="34"/>
    <SubTexture name="SPAM_RearrangedBitmap1149157092" x="762" y="883" width="29" height="63"/>
    <SubTexture name="SPAM_RearrangedBitmap1180757473" x="990" y="991" width="6" height="26"/>
    <SubTexture name="SPAM_RearrangedBitmap118501969" x="851" y="752" width="12" height="54"/>
    <SubTexture name="SPAM_RearrangedBitmap1236123907" x="982" y="620" width="17" height="46"/>
    <SubTexture name="SPAM_RearrangedBitmap1236621671_fx" x="900" y="239" width="8" height="9" frameX="0" frameY="-1" frameWidth="10" frameHeight="13"/>
    <SubTexture name="SPAM_RearrangedBitmap1238806224" x="889" y="752" width="6" height="43" frameX="0" frameY="0" frameWidth="6" frameHeight="45"/>
    <SubTexture name="SPAM_RearrangedBitmap125046168" x="778" y="302" width="79" height="15"/>
    <SubTexture name="SPAM_RearrangedBitmap1261284172" x="905" y="961" width="27" height="9"/>
    <SubTexture name="SPAM_RearrangedBitmap1311986477" x="778" y="285" width="79" height="15"/>
    <SubTexture name="SPAM_RearrangedBitmap1367523273" x="916" y="671" width="24" height="34" frameX="-5" frameY="0" frameWidth="32" frameHeight="34"/>
    <SubTexture name="SPAM_RearrangedBitmap137864230" x="987" y="967" width="14" height="22"/>
    <SubTexture name="SPAM_RearrangedBitmap1383920362" x="592" y="881" width="58" height="58" frameX="-28" frameY="-17" frameWidth="100" frameHeight="90"/>
    <SubTexture name="SPAM_RearrangedBitmap1407683602" x="984" y="572" width="17" height="46"/>
    <SubTexture name="SPAM_RearrangedBitmap1460491262" x="779" y="948" width="22" height="34" frameX="-7" frameY="0" frameWidth="32" frameHeight="34"/>
    <SubTexture name="SPAM_RearrangedBitmap1468123905" x="100" y="677" width="1" height="1" frameX="0" frameY="0" frameWidth="29" frameHeight="63"/>
    <SubTexture name="SPAM_RearrangedBitmap1480843407" x="977" y="498" width="32" height="37"/>
    <SubTexture name="SPAM_RearrangedBitmap1490119599" x="621" y="548" width="71" height="77"/>
    <SubTexture name="SPAM_RearrangedBitmap1501884734" x="778" y="268" width="79" height="15"/>
    <SubTexture name="SPAM_RearrangedBitmap1530063494" x="837" y="752" width="12" height="54"/>
    <SubTexture name="SPAM_RearrangedBitmap1542957562" x="847" y="384" width="30" height="42"/>
    <SubTexture name="SPAM_RearrangedBitmap1545607820" x="995" y="764" width="11" height="25"/>
    <SubTexture name="SPAM_RearrangedBitmap1549834912" x="453" y="235" width="104" height="82" frameX="0" frameY="-2" frameWidth="108" frameHeight="86"/>
    <SubTexture name="SPAM_RearrangedBitmap1615429807" x="898" y="852" width="6" height="41" frameX="0" frameY="-1" frameWidth="6" frameHeight="45"/>
    <SubTexture name="SPAM_RearrangedBitmap1617093912" x="912" y="381" width="29" height="63"/>
    <SubTexture name="SPAM_RearrangedBitmap1617730449" x="279" y="596" width="106" height="84" frameX="0" frameY="0" frameWidth="108" frameHeight="86"/>
    <SubTexture name="SPAM_RearrangedBitmap1644426770" x="548" y="566" width="71" height="52" frameX="0" frameY="-10" frameWidth="71" frameHeight="62"/>
    <SubTexture name="SPAM_RearrangedBitmap1662372357" x="900" y="972" width="9" height="28"/>
    <SubTexture name="SPAM_RearrangedBitmap1683177101" x="995" y="737" width="11" height="25"/>
    <SubTexture name="SPAM_RearrangedBitmap1694645145" x="1003" y="970" width="11" height="25"/>
    <SubTexture name="SPAM_RearrangedBitmap1719514798" x="100" y="677" width="1" height="1" frameX="0" frameY="0" frameWidth="14" frameHeight="22"/>
    <SubTexture name="SPAM_RearrangedBitmap1745188581" x="904" y="316" width="29" height="63"/>
    <SubTexture name="SPAM_RearrangedBitmap1760720046" x="279" y="510" width="106" height="84" frameX="0" frameY="0" frameWidth="108" frameHeight="86"/>
    <SubTexture name="SPAM_RearrangedBitmap1803399595" x="876" y="961" width="27" height="9"/>
    <SubTexture name="SPAM_RearrangedBitmap1817687916" x="824" y="729" width="26" height="21"/>
    <SubTexture name="SPAM_RearrangedBitmap1828603019" x="890" y="251" width="29" height="63"/>
    <SubTexture name="SPAM_RearrangedBitmap1851186121" x="912" y="381" width="29" height="63"/>
    <SubTexture name="SPAM_RearrangedBitmap1894464784" x="249" y="109" width="99" height="123"/>
    <SubTexture name="SPAM_RearrangedBitmap1912552541" x="778" y="251" width="79" height="15"/>
    <SubTexture name="SPAM_RearrangedBitmap1978481406" x="783" y="234" width="79" height="15"/>
    <SubTexture name="SPAM_RearrangedBitmap1999174357" x="943" y="489" width="32" height="37"/>
    <SubTexture name="SPAM_RearrangedBitmap2003602352" x="663" y="236" width="82" height="84" frameX="-3" frameY="-3" frameWidth="88" frameHeight="90"/>
    <SubTexture name="SPAM_RearrangedBitmap2010698444" x="887" y="707" width="6" height="43" frameX="0" frameY="0" frameWidth="6" frameHeight="45"/>
    <SubTexture name="SPAM_RearrangedBitmap2033936500" x="505" y="577" width="35" height="31" frameX="0" frameY="0" frameWidth="35" frameHeight="33"/>
    <SubTexture name="SPAM_RearrangedBitmap2036993849" x="905" y="539" width="24" height="34" frameX="-5" frameY="0" frameWidth="32" frameHeight="34"/>
    <SubTexture name="SPAM_RearrangedBitmap2045722976" x="856" y="1008" width="27" height="9"/>
    <SubTexture name="SPAM_RearrangedBitmap2047459279" x="878" y="477" width="32" height="37"/>
    <SubTexture name="SPAM_RearrangedBitmap2063955205" x="881" y="752" width="6" height="43" frameX="0" frameY="0" frameWidth="6" frameHeight="45"/>
    <SubTexture name="SPAM_RearrangedBitmap2111798062" x="750" y="641" width="25" height="51"/>
    <SubTexture name="SPAM_RearrangedBitmap2149157386" x="100" y="677" width="1" height="1" frameX="0" frameY="0" frameWidth="6" frameHeight="45"/>
    <SubTexture name="SPAM_RearrangedBitmap2201518147" x="126" y="288" width="139" height="138" frameX="-23" frameY="-24" frameWidth="187" frameHeight="188"/>
    <SubTexture name="SPAM_RearrangedBitmap221535751" x="971" y="967" width="14" height="22"/>
    <SubTexture name="SPAM_RearrangedBitmap2217877906" x="812" y="671" width="32" height="37"/>
    <SubTexture name="SPAM_RearrangedBitmap2224299924" x="826" y="426" width="19" height="26"/>
    <SubTexture name="SPAM_RearrangedBitmap2229528892" x="907" y="520" width="29" height="17"/>
    <SubTexture name="SPAM_RearrangedBitmap2254443403" x="652" y="895" width="44" height="40"/>
    <SubTexture name="SPAM_RearrangedBitmap2276743883" x="1008" y="946" width="14" height="22"/>
    <SubTexture name="SPAM_RearrangedBitmap2294188753" x="783" y="217" width="79" height="15"/>
    <SubTexture name="SPAM_RearrangedBitmap2315939914" x="879" y="707" width="6" height="43" frameX="0" frameY="0" frameWidth="6" frameHeight="45"/>
    <SubTexture name="SPAM_RearrangedBitmap2322504995" x="812" y="977" width="6" height="43" frameX="0" frameY="0" frameWidth="6" frameHeight="45"/>
    <SubTexture name="SPAM_RearrangedBitmap2326439336" x="965" y="572" width="17" height="46"/>
    <SubTexture name="SPAM_RearrangedBitmap2329431621" x="100" y="677" width="1" height="1" frameX="0" frameY="0" frameWidth="79" frameHeight="15"/>
    <SubTexture name="SPAM_RearrangedBitmap236202564" x="843" y="967" width="27" height="9"/>
    <SubTexture name="SPAM_RearrangedBitmap2396956791" x="873" y="316" width="29" height="63"/>
    <SubTexture name="SPAM_RearrangedBitmap2416055844" x="890" y="853" width="6" height="43" frameX="0" frameY="0" frameWidth="6" frameHeight="45"/>
    <SubTexture name="SPAM_RearrangedBitmap2420317300" x="958" y="966" width="11" height="25"/>
    <SubTexture name="SPAM_RearrangedBitmap2427778940" x="873" y="316" width="29" height="63"/>
    <SubTexture name="SPAM_RearrangedBitmap2441778868" x="963" y="623" width="17" height="46"/>
    <SubTexture name="SPAM_RearrangedBitmap245946150" x="944" y="623" width="17" height="46"/>
    <SubTexture name="SPAM_RearrangedBitmap2479460045" x="859" y="251" width="29" height="63"/>
    <SubTexture name="SPAM_RearrangedBitmap2523104154" x="908" y="920" width="27" height="9"/>
    <SubTexture name="SPAM_RearrangedBitmap2535241227" x="982" y="991" width="6" height="26"/>
    <SubTexture name="SPAM_RearrangedBitmap2542424683" x="613" y="729" width="75" height="34"/>
    <SubTexture name="SPAM_RearrangedBitmap2547508502" x="201" y="822" width="14" height="29" frameX="-2" frameY="-1" frameWidth="16" frameHeight="31"/>
    <SubTexture name="SPAM_RearrangedBitmap2588530855" x="951" y="795" width="16" height="31"/>
    <SubTexture name="SPAM_RearrangedBitmap2592616336" x="963" y="939" width="11" height="25"/>
    <SubTexture name="SPAM_RearrangedBitmap2598305085" x="275" y="424" width="106" height="84" frameX="0" frameY="0" frameWidth="108" frameHeight="86"/>
    <SubTexture name="SPAM_RearrangedBitmap2644396739" x="100" y="677" width="1" height="1" frameX="0" frameY="0" frameWidth="32" frameHeight="37"/>
    <SubTexture name="SPAM_RearrangedBitmap2712465977" x="815" y="632" width="32" height="37"/>
    <SubTexture name="SPAM_RearrangedBitmap2795646592" x="882" y="853" width="6" height="43" frameX="0" frameY="0" frameWidth="6" frameHeight="45"/>
    <SubTexture name="SPAM_RearrangedBitmap2806048463" x="1009" y="919" width="11" height="25"/>
    <SubTexture name="SPAM_RearrangedBitmap2809677231" x="974" y="991" width="6" height="26"/>
    <SubTexture name="SPAM_RearrangedBitmap2828850740" x="889" y="808" width="6" height="43" frameX="0" frameY="0" frameWidth="6" frameHeight="45"/>
    <SubTexture name="SPAM_RearrangedBitmap2858406946" x="728" y="178" width="22" height="53"/>
    <SubTexture name="SPAM_RearrangedBitmap2887173982" x="992" y="943" width="14" height="22"/>
    <SubTexture name="SPAM_RearrangedBitmap2887910065" x="933" y="795" width="16" height="31"/>
    <SubTexture name="SPAM_RearrangedBitmap2890277447" x="915" y="795" width="16" height="31"/>
    <SubTexture name="SPAM_RearrangedBitmap2894856901" x="990" y="459" width="32" height="37"/>
    <SubTexture name="SPAM_RearrangedBitmap2896721936" x="966" y="993" width="6" height="26"/>
    <SubTexture name="SPAM_RearrangedBitmap2905740567" x="908" y="909" width="27" height="9"/>
    <SubTexture name="SPAM_RearrangedBitmap2916731039" x="943" y="450" width="32" height="37"/>
    <SubTexture name="SPAM_RearrangedBitmap2943053712" x="599" y="824" width="63" height="55"/>
    <SubTexture name="SPAM_RearrangedBitmap2989018858" x="946" y="575" width="17" height="46"/>
    <SubTexture name="SPAM_RearrangedBitmap3043517517" x="911" y="898" width="27" height="9"/>
    <SubTexture name="SPAM_RearrangedBitmap305330416" x="812" y="710" width="34" height="17" frameX="-27" frameY="-32" frameWidth="90" frameHeight="67"/>
    <SubTexture name="SPAM_RearrangedBitmap3074928153" x="100" y="677" width="1" height="1" frameX="0" frameY="0" frameWidth="29" frameHeight="63"/>
    <SubTexture name="SPAM_RearrangedBitmap3075358096" x="977" y="450" width="11" height="43"/>
    <SubTexture name="SPAM_RearrangedBitmap3120623659" x="755" y="948" width="22" height="34" frameX="-7" frameY="0" frameWidth="32" frameHeight="34"/>
    <SubTexture name="SPAM_RearrangedBitmap3135387328" x="849" y="575" width="19" height="46"/>
    <SubTexture name="SPAM_RearrangedBitmap3164438159" x="889" y="972" width="9" height="28"/>
    <SubTexture name="SPAM_RearrangedBitmap3179203357" x="879" y="920" width="27" height="9"/>
    <SubTexture name="SPAM_RearrangedBitmap3182449329" x="783" y="200" width="79" height="15"/>
    <SubTexture name="SPAM_RearrangedBitmap3187657910" x="773" y="528" width="29" height="63"/>
    <SubTexture name="SPAM_RearrangedBitmap3189200849" x="879" y="909" width="27" height="9"/>
    <SubTexture name="SPAM_RearrangedBitmap3192204169" x="976" y="943" width="14" height="22"/>
    <SubTexture name="SPAM_RearrangedBitmap3197077178" x="882" y="898" width="27" height="9"/>
    <SubTexture name="SPAM_RearrangedBitmap320424178" x="878" y="972" width="9" height="28"/>
    <SubTexture name="SPAM_RearrangedBitmap3226766453" x="881" y="808" width="6" height="43" frameX="0" frameY="0" frameWidth="6" frameHeight="45"/>
    <SubTexture name="SPAM_RearrangedBitmap3246541034" x="873" y="752" width="6" height="43" frameX="0" frameY="0" frameWidth="6" frameHeight="45"/>
    <SubTexture name="SPAM_RearrangedBitmap3266007296" x="731" y="948" width="22" height="34" frameX="-7" frameY="0" frameWidth="32" frameHeight="34"/>
    <SubTexture name="SPAM_RearrangedBitmap3277260825" x="783" y="688" width="27" height="39"/>
    <SubTexture name="SPAM_RearrangedBitmap3303700506" x="979" y="881" width="27" height="9"/>
    <SubTexture name="SPAM_RearrangedBitmap3345554134" x="1008" y="246" width="14" height="41"/>
    <SubTexture name="SPAM_RearrangedBitmap3350685062" x="100" y="677" width="1" height="1" frameX="0" frameY="0" frameWidth="27" frameHeight="9"/>
    <SubTexture name="SPAM_RearrangedBitmap3354074969" x="835" y="867" width="12" height="54"/>
    <SubTexture name="SPAM_RearrangedBitmap336129165" x="100" y="677" width="1" height="1" frameX="0" frameY="0" frameWidth="32" frameHeight="37"/>
    <SubTexture name="SPAM_RearrangedBitmap3365686014" x="990" y="420" width="32" height="37"/>
    <SubTexture name="SPAM_RearrangedBitmap3379191892" x="812" y="671" width="32" height="37"/>
    <SubTexture name="SPAM_RearrangedBitmap3381000756" x="897" y="795" width="16" height="31"/>
    <SubTexture name="SPAM_RearrangedBitmap3422167223" x="890" y="251" width="29" height="63"/>
    <SubTexture name="SPAM_RearrangedBitmap3436543386" x="921" y="251" width="29" height="63"/>
    <SubTexture name="SPAM_RearrangedBitmap3438165101" x="993" y="919" width="14" height="22"/>
    <SubTexture name="SPAM_RearrangedBitmap3448183456" x="926" y="187" width="79" height="15"/>
    <SubTexture name="SPAM_RearrangedBitmap3474547464" x="865" y="752" width="6" height="43" frameX="0" frameY="0" frameWidth="6" frameHeight="45"/>
    <SubTexture name="SPAM_RearrangedBitmap3517621487" x="920" y="931" width="9" height="28"/>
    <SubTexture name="SPAM_RearrangedBitmap3534188593" x="925" y="623" width="17" height="46"/>
    <SubTexture name="SPAM_RearrangedBitmap3546201851" x="834" y="811" width="12" height="54"/>
    <SubTexture name="SPAM_RearrangedBitmap3563658032" x="906" y="887" width="27" height="9"/>
    <SubTexture name="SPAM_RearrangedBitmap3570676754" x="909" y="931" width="9" height="28"/>
    <SubTexture name="SPAM_RearrangedBitmap3585467479" x="990" y="892" width="11" height="25"/>
    <SubTexture name="SPAM_RearrangedBitmap3672508151" x="476" y="134" width="81" height="99"/>
    <SubTexture name="SPAM_RearrangedBitmap3701877959" x="879" y="443" width="31" height="32"/>
    <SubTexture name="SPAM_RearrangedBitmap3729228942" x="977" y="892" width="11" height="25"/>
    <SubTexture name="SPAM_RearrangedBitmap373750402" x="823" y="755" width="12" height="54"/>
    <SubTexture name="SPAM_RearrangedBitmap3748446158" x="659" y="322" width="88" height="90" frameX="-4" frameY="-4" frameWidth="96" frameHeight="98"/>
    <SubTexture name="SPAM_RearrangedBitmap3758818261" x="804" y="528" width="31" height="41"/>
    <SubTexture name="SPAM_RearrangedBitmap3770312377" x="898" y="931" width="9" height="28"/>
    <SubTexture name="SPAM_RearrangedBitmap3794880535" x="985" y="378" width="30" height="40"/>
    <SubTexture name="SPAM_RearrangedBitmap3819371051" x="927" y="575" width="17" height="46"/>
    <SubTexture name="SPAM_RearrangedBitmap3840579628" x="958" y="993" width="6" height="26"/>
    <SubTexture name="SPAM_RearrangedBitmap3856971270" x="908" y="575" width="17" height="46"/>
    <SubTexture name="SPAM_RearrangedBitmap3944694877" x="476" y="134" width="81" height="99"/>
    <SubTexture name="SPAM_RearrangedBitmap4015424313" x="433" y="604" width="4" height="4" frameX="0" frameY="0" frameWidth="6" frameHeight="6"/>
    <SubTexture name="SPAM_RearrangedBitmap4021824478" x="993" y="821" width="6" height="26"/>
    <SubTexture name="SPAM_RearrangedBitmap4041788806" x="444" y="873" width="72" height="85"/>
    <SubTexture name="SPAM_RearrangedBitmap4044042786" x="969" y="751" width="16" height="31"/>
    <SubTexture name="SPAM_RearrangedBitmap4127728423" x="765" y="463" width="29" height="63"/>
    <SubTexture name="SPAM_RearrangedBitmap4139246856" x="951" y="751" width="16" height="31"/>
    <SubTexture name="SPAM_RearrangedBitmap4180589013" x="866" y="671" width="24" height="34" frameX="-5" frameY="0" frameWidth="32" frameHeight="34"/>
    <SubTexture name="SPAM_RearrangedBitmap4195946268" x="811" y="384" width="34" height="40"/>
    <SubTexture name="SPAM_RearrangedBitmap4201274871" x="777" y="649" width="32" height="37"/>
    <SubTexture name="SPAM_RearrangedBitmap4303498134" x="926" y="170" width="79" height="15"/>
    <SubTexture name="SPAM_RearrangedBitmap4324980200" x="933" y="751" width="16" height="31"/>
    <SubTexture name="SPAM_RearrangedBitmap4329940275" x="955" y="784" width="27" height="9"/>
    <SubTexture name="SPAM_RearrangedBitmap4343062691" x="659" y="973" width="22" height="34" frameX="-7" frameY="0" frameWidth="32" frameHeight="34"/>
    <SubTexture name="SPAM_RearrangedBitmap4390946100" x="457" y="394" width="86" height="87" frameX="-3" frameY="-4" frameWidth="92" frameHeight="95"/>
    <SubTexture name="SPAM_RearrangedBitmap4404793913" x="444" y="786" width="72" height="85"/>
    <SubTexture name="SPAM_RearrangedBitmap4439738354" x="915" y="751" width="16" height="31"/>
    <SubTexture name="SPAM_RearrangedBitmap4448921351" x="1003" y="895" width="14" height="22"/>
    <SubTexture name="SPAM_RearrangedBitmap4454454777" x="987" y="793" width="6" height="26"/>
    <SubTexture name="SPAM_RearrangedBitmap445541575" x="987" y="765" width="6" height="26"/>
    <SubTexture name="SPAM_RearrangedBitmap4456335529" x="445" y="986" width="17" height="36"/>
    <SubTexture name="SPAM_RearrangedBitmap4472943094" x="821" y="867" width="12" height="54"/>
    <SubTexture name="SPAM_RearrangedBitmap4482183566" x="796" y="461" width="31" height="42"/>
    <SubTexture name="SPAM_RearrangedBitmap4485138479" x="897" y="751" width="16" height="31"/>
    <SubTexture name="SPAM_RearrangedBitmap4488280891" x="977" y="919" width="14" height="22"/>
    <SubTexture name="SPAM_RearrangedBitmap4509435763" x="859" y="251" width="29" height="63"/>
    <SubTexture name="SPAM_RearrangedBitmap4545981985" x="952" y="204" width="29" height="51"/>
    <SubTexture name="SPAM_RearrangedBitmap4547144317" x="926" y="784" width="27" height="9"/>
    <SubTexture name="SPAM_RearrangedBitmap4566884559" x="100" y="677" width="1" height="1" frameX="0" frameY="0" frameWidth="16" frameHeight="31"/>
    <SubTexture name="SPAM_RearrangedBitmap4588576241" x="842" y="319" width="29" height="63"/>
    <SubTexture name="SPAM_RearrangedBitmap4593516163" x="879" y="539" width="24" height="34" frameX="-5" frameY="0" frameWidth="32" frameHeight="34"/>
    <SubTexture name="SPAM_RearrangedBitmap4603623988" x="967" y="707" width="16" height="31"/>
    <SubTexture name="SPAM_RearrangedBitmap4630058569" x="887" y="931" width="9" height="28"/>
    <SubTexture name="SPAM_RearrangedBitmap4651131762" x="906" y="623" width="17" height="46"/>
    <SubTexture name="SPAM_RearrangedBitmap4668537632" x="943" y="450" width="32" height="37"/>
    <SubTexture name="SPAM_RearrangedBitmap4706444006" x="100" y="677" width="1" height="1" frameX="0" frameY="0" frameWidth="9" frameHeight="28"/>
    <SubTexture name="SPAM_RearrangedBitmap4706836926" x="811" y="319" width="29" height="63"/>
    <SubTexture name="SPAM_RearrangedBitmap4724820647" x="780" y="361" width="29" height="63"/>
    <SubTexture name="SPAM_RearrangedBitmap4750249464" x="156" y="625" width="106" height="84" frameX="0" frameY="0" frameWidth="108" frameHeight="86"/>
    <SubTexture name="SPAM_RearrangedBitmap4757443929" x="985" y="289" width="37" height="33"/>
    <SubTexture name="SPAM_RearrangedBitmap4781520922" x="887" y="623" width="17" height="46"/>
    <SubTexture name="SPAM_RearrangedBitmap4807071897" x="751" y="733" width="37" height="21" frameX="0" frameY="0" frameWidth="37" frameHeight="27"/>
    <SubTexture name="SPAM_RearrangedBitmap4818015480" x="765" y="528" width="6" height="10"/>
    <SubTexture name="SPAM_RearrangedBitmap4828590558" x="926" y="153" width="79" height="15"/>
    <SubTexture name="SPAM_RearrangedBitmap4832341694" x="947" y="937" width="14" height="22"/>
    <SubTexture name="SPAM_RearrangedBitmap4838103846" x="100" y="677" width="1" height="1" frameX="0" frameY="0" frameWidth="6" frameHeight="26"/>
    <SubTexture name="SPAM_RearrangedBitmap4857089301" x="468" y="577" width="35" height="31" frameX="-4" frameY="-3" frameWidth="45" frameHeight="39"/>
    <SubTexture name="SPAM_RearrangedBitmap4875768812" x="100" y="677" width="1" height="1" frameX="0" frameY="0" frameWidth="32" frameHeight="34"/>
    <SubTexture name="SPAM_RearrangedBitmap4919148414" x="990" y="420" width="32" height="37"/>
    <SubTexture name="SPAM_RearrangedBitmap4930492904" x="162" y="822" width="37" height="30" frameX="0" frameY="0" frameWidth="37" frameHeight="32"/>
    <SubTexture name="SPAM_RearrangedBitmap4943691033" x="876" y="931" width="9" height="28"/>
    <SubTexture name="SPAM_RearrangedBitmap4950982043_fx" x="1007" y="714" width="15" height="11" frameX="0" frameY="-5" frameWidth="17" frameHeight="19"/>
    <SubTexture name="SPAM_RearrangedBitmap495337597" x="849" y="864" width="12" height="52" frameX="0" frameY="-2" frameWidth="12" frameHeight="54"/>
    <SubTexture name="SPAM_RearrangedBitmap497046656" x="940" y="885" width="14" height="22"/>
    <SubTexture name="SPAM_RearrangedBitmap4974376582" x="987" y="737" width="6" height="26"/>
    <SubTexture name="SPAM_RearrangedBitmap4978594165" x="867" y="978" width="9" height="28"/>
    <SubTexture name="SPAM_RearrangedBitmap498613696" x="100" y="677" width="1" height="1" frameX="0" frameY="0" frameWidth="27" frameHeight="9"/>
    <SubTexture name="SPAM_RearrangedBitmap4996912126" x="853" y="539" width="24" height="34" frameX="-5" frameY="0" frameWidth="32" frameHeight="34"/>
    <SubTexture name="SPAM_RearrangedBitmap5002211898" x="956" y="882" width="11" height="25"/>
    <SubTexture name="SPAM_RearrangedBitmap5004552715" x="749" y="370" width="29" height="63"/>
    <SubTexture name="SPAM_RearrangedBitmap5024410704" x="949" y="707" width="16" height="31"/>
    <SubTexture name="SPAM_RearrangedBitmap5026288318" x="598" y="393" width="59" height="57" frameX="0" frameY="-1" frameWidth="61" frameHeight="59"/>
    <SubTexture name="SPAM_RearrangedBitmap5034862617" x="690" y="689" width="57" height="42"/>
    <SubTexture name="SPAM_RearrangedBitmap5076510266_fx" x="848" y="710" width="14" height="17" frameX="0" frameY="-1" frameWidth="16" frameHeight="21"/>
    <SubTexture name="SPAM_RearrangedBitmap5077812788" x="731" y="883" width="29" height="63"/>
    <SubTexture name="SPAM_RearrangedBitmap5110896007" x="953" y="740" width="27" height="9"/>
    <SubTexture name="SPAM_RearrangedBitmap5119093472" x="926" y="136" width="79" height="15"/>
    <SubTexture name="SPAM_RearrangedBitmap5155990106" x="691" y="945" width="22" height="34" frameX="-7" frameY="0" frameWidth="32" frameHeight="34"/>
    <SubTexture name="SPAM_RearrangedBitmap5156223970" x="879" y="920" width="27" height="9"/>
    <SubTexture name="SPAM_RearrangedBitmap5170154071" x="386" y="939" width="51" height="19"/>
    <SubTexture name="SPAM_RearrangedBitmap5250482002" x="773" y="528" width="29" height="63"/>
    <SubTexture name="SPAM_RearrangedBitmap5300803008" x="217" y="956" width="40" height="52"/>
    <SubTexture name="SPAM_RearrangedBitmap5316617938" x="856" y="978" width="9" height="28"/>
    <SubTexture name="SPAM_RearrangedBitmap5334840833" x="865" y="937" width="9" height="28"/>
    <SubTexture name="SPAM_RearrangedBitmap5365343859" x="659" y="937" width="22" height="34" frameX="-7" frameY="0" frameWidth="32" frameHeight="34"/>
    <SubTexture name="SPAM_RearrangedBitmap5371677498" x="787" y="426" width="37" height="33"/>
    <SubTexture name="SPAM_RearrangedBitmap5377896167" x="217" y="956" width="40" height="52"/>
    <SubTexture name="SPAM_RearrangedBitmap5394932525" x="937" y="972" width="11" height="25"/>
    <SubTexture name="SPAM_RearrangedBitmap5402668388" x="864" y="197" width="44" height="40"/>
    <SubTexture name="SPAM_RearrangedBitmap5421676013" x="1016" y="970" width="6" height="26"/>
    <SubTexture name="SPAM_RearrangedBitmap5477352691" x="747" y="242" width="29" height="63"/>
    <SubTexture name="SPAM_RearrangedBitmap5499611585" x="820" y="811" width="12" height="54"/>
    <SubTexture name="SPAM_RearrangedBitmap5516101102" x="292" y="973" width="47" height="45"/>
    <SubTexture name="SPAM_RearrangedBitmap5533272844" x="931" y="937" width="14" height="22"/>
    <SubTexture name="SPAM_RearrangedBitmap554104639" x="762" y="883" width="29" height="63"/>
    <SubTexture name="SPAM_RearrangedBitmap5579956540" x="931" y="707" width="16" height="31"/>
    <SubTexture name="SPAM_RearrangedBitmap5584909574" x="623" y="941" width="26" height="39"/>
    <SubTexture name="SPAM_RearrangedBitmap5586642213" x="864" y="239" width="34" height="10" frameX="0" frameY="0" frameWidth="34" frameHeight="32"/>
    <SubTexture name="SPAM_RearrangedBitmap5603749268" x="292" y="973" width="47" height="45"/>
    <SubTexture name="SPAM_RearrangedBitmap5611000929" x="932" y="119" width="79" height="15"/>
    <SubTexture name="SPAM_RearrangedBitmap5670693666" x="352" y="923" width="32" height="38"/>
    <SubTexture name="SPAM_RearrangedBitmap5703928312" x="856" y="978" width="9" height="28"/>
    <SubTexture name="SPAM_RearrangedBitmap5705975954" x="783" y="217" width="79" height="15"/>
    <SubTexture name="SPAM_RearrangedBitmap5707037580" x="924" y="972" width="11" height="25"/>
    <SubTexture name="SPAM_RearrangedBitmap5753226691" x="895" y="132" width="29" height="63"/>
    <SubTexture name="SPAM_RearrangedBitmap5754691051" x="854" y="937" width="9" height="28"/>
    <SubTexture name="SPAM_RearrangedBitmap5756909316" x="889" y="575" width="17" height="46"/>
    <SubTexture name="SPAM_RearrangedBitmap5768576347" x="969" y="911" width="6" height="26"/>
    <SubTexture name="SPAM_RearrangedBitmap582592485" x="864" y="132" width="29" height="63"/>
    <SubTexture name="SPAM_RearrangedBitmap5845857301" x="911" y="972" width="11" height="25"/>
    <SubTexture name="SPAM_RearrangedBitmap5862675927" x="621" y="463" width="71" height="83"/>
    <SubTexture name="SPAM_RearrangedBitmap5865976571" x="1008" y="871" width="14" height="22"/>
    <SubTexture name="SPAM_RearrangedBitmap5912043007" x="752" y="136" width="29" height="63"/>
    <SubTexture name="SPAM_RearrangedBitmap5929498467" x="992" y="854" width="11" height="25"/>
    <SubTexture name="SPAM_RearrangedBitmap5947550568" x="659" y="414" width="88" height="47"/>
    <SubTexture name="SPAM_RearrangedBitmap602144722" x="897" y="784" width="27" height="9"/>
    <SubTexture name="SPAM_RearrangedBitmap6035470979" x="835" y="941" width="6" height="43" frameX="0" frameY="0" frameWidth="6" frameHeight="45"/>
    <SubTexture name="SPAM_RearrangedBitmap6037489148" x="969" y="883" width="6" height="26"/>
    <SubTexture name="SPAM_RearrangedBitmap6038135435" x="783" y="183" width="79" height="15"/>
    <SubTexture name="SPAM_RearrangedBitmap6062008400" x="100" y="677" width="1" height="1" frameX="0" frameY="0" frameWidth="9" frameHeight="28"/>
    <SubTexture name="SPAM_RearrangedBitmap6101184655" x="807" y="867" width="12" height="54"/>
    <SubTexture name="SPAM_RearrangedBitmap610248079" x="731" y="756" width="29" height="63"/>
    <SubTexture name="SPAM_RearrangedBitmap6153395486" x="695" y="818" width="29" height="63"/>
    <SubTexture name="SPAM_RearrangedBitmap6166390137" x="548" y="481" width="71" height="83"/>
    <SubTexture name="SPAM_RearrangedBitmap6172581944" x="806" y="811" width="12" height="54"/>
    <SubTexture name="SPAM_RearrangedBitmap6174674327" x="2" y="995" width="74" height="27"/>
    <SubTexture name="SPAM_RearrangedBitmap618447795" x="518" y="786" width="41" height="81"/>
    <SubTexture name="SPAM_RearrangedBitmap6244272971" x="259" y="973" width="31" height="49"/>
    <SubTexture name="SPAM_RearrangedBitmap6264816657" x="868" y="623" width="17" height="46"/>
    <SubTexture name="SPAM_RearrangedBitmap6280574229" x="913" y="707" width="16" height="31"/>
    <SubTexture name="SPAM_RearrangedBitmap6289065828" x="843" y="937" width="9" height="28"/>
    <SubTexture name="SPAM_RearrangedBitmap629762887" x="827" y="941" width="6" height="43" frameX="0" frameY="0" frameWidth="6" frameHeight="45"/>
    <SubTexture name="SPAM_RearrangedBitmap6324286025" x="979" y="854" width="11" height="25"/>
    <SubTexture name="SPAM_RearrangedBitmap6327636733" x="990" y="668" width="22" height="34" frameX="-7" frameY="0" frameWidth="32" frameHeight="34"/>
    <SubTexture name="SPAM_RearrangedBitmap6337131813" x="1008" y="847" width="14" height="22"/>
    <SubTexture name="SPAM_RearrangedBitmap6348509622" x="777" y="649" width="32" height="37"/>
    <SubTexture name="SPAM_RearrangedBitmap6365838089" x="100" y="677" width="1" height="1" frameX="0" frameY="0" frameWidth="16" frameHeight="31"/>
    <SubTexture name="SPAM_RearrangedBitmap6424638320" x="780" y="361" width="29" height="63"/>
    <SubTexture name="SPAM_RearrangedBitmap6446958610" x="958" y="855" width="11" height="25"/>
    <SubTexture name="SPAM_RearrangedBitmap6467730338" x="842" y="319" width="29" height="63"/>
    <SubTexture name="SPAM_RearrangedBitmap6499860077" x="990" y="459" width="32" height="37"/>
    <SubTexture name="SPAM_RearrangedBitmap6542347359" x="878" y="477" width="32" height="37"/>
    <SubTexture name="SPAM_RearrangedBitmap6571412823" x="694" y="545" width="77" height="77" frameX="-2" frameY="-2" frameWidth="81" frameHeight="81"/>
    <SubTexture name="SPAM_RearrangedBitmap6574557297" x="961" y="909" width="6" height="26"/>
    <SubTexture name="SPAM_RearrangedBitmap6608502562" x="747" y="242" width="29" height="63"/>
    <SubTexture name="SPAM_RearrangedBitmap6646850657" x="895" y="707" width="16" height="31"/>
    <SubTexture name="SPAM_RearrangedBitmap667918079" x="977" y="498" width="32" height="37"/>
    <SubTexture name="SPAM_RearrangedBitmap6679575662" x="815" y="593" width="32" height="37"/>
    <SubTexture name="SPAM_RearrangedBitmap6695481756" x="622" y="982" width="24" height="34" frameX="-5" frameY="0" frameWidth="32" frameHeight="34"/>
    <SubTexture name="SPAM_RearrangedBitmap669860168" x="506" y="984" width="27" height="38"/>
    <SubTexture name="SPAM_RearrangedBitmap6742038177" x="809" y="755" width="12" height="54"/>
    <SubTexture name="SPAM_RearrangedBitmap6746078148" x="845" y="528" width="6" height="41" frameX="0" frameY="-1" frameWidth="6" frameHeight="45"/>
    <SubTexture name="SPAM_RearrangedBitmap6756285486" x="695" y="818" width="29" height="63"/>
    <SubTexture name="SPAM_RearrangedBitmap6764154072" x="864" y="132" width="29" height="63"/>
    <SubTexture name="SPAM_RearrangedBitmap6771352062" x="262" y="821" width="83" height="101"/>
    <SubTexture name="SPAM_RearrangedBitmap6778760708" x="795" y="755" width="12" height="54"/>
    <SubTexture name="SPAM_RearrangedBitmap6787953271" x="924" y="740" width="27" height="9"/>
    <SubTexture name="SPAM_RearrangedBitmap6801531251" x="559" y="236" width="102" height="82" frameX="-1" frameY="-1" frameWidth="108" frameHeight="86"/>
    <SubTexture name="SPAM_RearrangedBitmap6815229420" x="904" y="316" width="29" height="63"/>
    <SubTexture name="SPAM_RearrangedBitmap6821412335" x="374" y="963" width="12" height="54"/>
    <SubTexture name="SPAM_RearrangedBitmap6834351987" x="939" y="855" width="9" height="28"/>
    <SubTexture name="SPAM_RearrangedBitmap6897000376" x="972" y="826" width="11" height="25"/>
    <SubTexture name="SPAM_RearrangedBitmap6925417776" x="100" y="677" width="1" height="1" frameX="0" frameY="0" frameWidth="79" frameHeight="15"/>
    <SubTexture name="SPAM_RearrangedBitmap6925725749" x="870" y="575" width="17" height="46"/>
    <SubTexture name="SPAM_RearrangedBitmap6950126629" x="749" y="370" width="29" height="63"/>
    <SubTexture name="SPAM_RearrangedBitmap6978975878" x="783" y="166" width="79" height="15"/>
    <SubTexture name="SPAM_RearrangedBitmap6987219181" x="838" y="986" width="16" height="31"/>
    <SubTexture name="SPAM_RearrangedBitmap7008948032" x="664" y="830" width="29" height="63"/>
    <SubTexture name="SPAM_RearrangedBitmap7011600544" x="953" y="909" width="6" height="26"/>
    <SubTexture name="SPAM_RearrangedBitmap7032981811" x="765" y="463" width="29" height="63"/>
    <SubTexture name="SPAM_RearrangedBitmap7053779602" x="895" y="740" width="27" height="9"/>
    <SubTexture name="SPAM_RearrangedBitmap7054459868" x="983" y="204" width="23" height="46"/>
    <SubTexture name="SPAM_RearrangedBitmap707889534" x="849" y="623" width="17" height="46"/>
    <SubTexture name="SPAM_RearrangedBitmap7080496132" x="664" y="830" width="29" height="63"/>
    <SubTexture name="SPAM_RearrangedBitmap7094815260" x="100" y="677" width="1" height="1" frameX="0" frameY="0" frameWidth="17" frameHeight="46"/>
    <SubTexture name="SPAM_RearrangedBitmap7096829721" x="820" y="986" width="16" height="31"/>
    <SubTexture name="SPAM_RearrangedBitmap7098713788" x="945" y="909" width="6" height="26"/>
    <SubTexture name="SPAM_RearrangedBitmap7168624658" x="464" y="986" width="6" height="28"/>
    <SubTexture name="SPAM_RearrangedBitmap7170352206" x="1008" y="823" width="14" height="22"/>
    <SubTexture name="SPAM_RearrangedBitmap7172438546" x="807" y="923" width="29" height="16"/>
    <SubTexture name="SPAM_RearrangedBitmap7254942924" x="599" y="765" width="63" height="57"/>
    <SubTexture name="SPAM_RearrangedBitmap7273886782" x="895" y="132" width="29" height="63"/>
    <SubTexture name="SPAM_RearrangedBitmap7308739479" x="749" y="694" width="32" height="37"/>
    <SubTexture name="SPAM_RearrangedBitmap7366958215" x="383" y="395" width="72" height="94"/>
    <SubTexture name="SPAM_RearrangedBitmap7390258717" x="943" y="489" width="32" height="37"/>
    <SubTexture name="SPAM_RearrangedBitmap7392535368" x="940" y="2" width="82" height="98" frameX="-3" frameY="-19" frameWidth="92" frameHeight="120"/>
    <SubTexture name="SPAM_RearrangedBitmap7394050760" x="723" y="945" width="6" height="43" frameX="0" frameY="0" frameWidth="6" frameHeight="45"/>
    <SubTexture name="SPAM_RearrangedBitmap7410775021" x="569" y="945" width="24" height="34" frameX="-5" frameY="0" frameWidth="32" frameHeight="34"/>
    <SubTexture name="SPAM_RearrangedBitmap7419318374" x="162" y="711" width="94" height="109"/>
    <SubTexture name="SPAM_RearrangedBitmap7420241162" x="752" y="136" width="29" height="63"/>
    <SubTexture name="SPAM_RearrangedBitmap7420626293" x="966" y="671" width="22" height="34" frameX="-7" frameY="0" frameWidth="32" frameHeight="34"/>
    <SubTexture name="SPAM_RearrangedBitmap7476439429" x="783" y="149" width="79" height="15"/>
    <SubTexture name="SPAM_RearrangedBitmap7478437480" x="100" y="677" width="1" height="1" frameX="0" frameY="0" frameWidth="12" frameHeight="54"/>
    <SubTexture name="SPAM_RearrangedBitmap7493426102" x="987" y="793" width="6" height="26"/>
    <SubTexture name="SPAM_RearrangedBitmap7500380772" x="100" y="677" width="1" height="1" frameX="0" frameY="0" frameWidth="11" frameHeight="25"/>
    <SubTexture name="SPAM_RearrangedBitmap7505429200" x="942" y="671" width="22" height="34" frameX="-7" frameY="0" frameWidth="32" frameHeight="34"/>
    <SubTexture name="SPAM_RearrangedBitmap7511609461" x="931" y="539" width="22" height="34" frameX="-7" frameY="0" frameWidth="32" frameHeight="34"/>
    <SubTexture name="SPAM_RearrangedBitmap751259758" x="863" y="856" width="17" height="46"/>
    <SubTexture name="SPAM_RearrangedBitmap755906014" x="928" y="857" width="9" height="28"/>
    <SubTexture name="SPAM_RearrangedBitmap7592890683" x="267" y="367" width="114" height="55"/>
    <SubTexture name="SPAM_RearrangedBitmap7619974866" x="959" y="828" width="11" height="25"/>
    <SubTexture name="SPAM_RearrangedBitmap7634283833" x="794" y="984" width="16" height="31"/>
    <SubTexture name="SPAM_RearrangedBitmap7649396557" x="664" y="765" width="29" height="63"/>
    <SubTexture name="SPAM_RearrangedBitmap7695994397" x="100" y="677" width="1" height="1" frameX="0" frameY="0" frameWidth="11" frameHeight="25"/>
    <SubTexture name="SPAM_RearrangedBitmap7710027682" x="969" y="795" width="16" height="29" frameX="0" frameY="-1" frameWidth="16" frameHeight="31"/>
    <SubTexture name="SPAM_RearrangedBitmap7732003526" x="360" y="963" width="12" height="54"/>
    <SubTexture name="SPAM_RearrangedBitmap7805970997" x="971" y="378" width="12" height="54"/>
    <SubTexture name="SPAM_RearrangedBitmap7813779684" x="982" y="620" width="17" height="46"/>
    <SubTexture name="SPAM_RearrangedBitmap7873744272" x="262" y="924" width="88" height="47"/>
    <SubTexture name="SPAM_RearrangedBitmap7888207718" x="950" y="972" width="6" height="26"/>
    <SubTexture name="SPAM_RearrangedBitmap7895575093" x="847" y="428" width="30" height="37"/>
    <SubTexture name="SPAM_RearrangedBitmap7942975765" x="783" y="132" width="79" height="15"/>
    <SubTexture name="SPAM_RearrangedBitmap7949009186" x="870" y="575" width="17" height="46"/>
    <SubTexture name="SPAM_RearrangedBitmap7958808049" x="513" y="610" width="24" height="8"/>
    <SubTexture name="SPAM_RearrangedBitmap7974785807" x="937" y="909" width="6" height="26"/>
    <SubTexture name="SPAM_RearrangedBitmap7987175985" x="715" y="945" width="6" height="43" frameX="0" frameY="0" frameWidth="6" frameHeight="45"/>
    <SubTexture name="SPAM_RearrangedBitmap8006408967" x="811" y="319" width="29" height="63"/>
    <SubTexture name="SPAM_RearrangedBitmap8024220779" x="717" y="1008" width="27" height="9"/>
    <SubTexture name="SPAM_RearrangedBitmap8073975734" x="851" y="115" width="79" height="15"/>
    <SubTexture name="SPAM_RearrangedBitmap8100345608" x="892" y="671" width="22" height="34" frameX="-7" frameY="0" frameWidth="32" frameHeight="34"/>
    <SubTexture name="SPAM_RearrangedBitmap8114151581" x="1008" y="799" width="14" height="22"/>
    <SubTexture name="SPAM_RearrangedBitmap8116173854" x="913" y="828" width="15" height="27"/>
    <SubTexture name="SPAM_RearrangedBitmap8126970198" x="473" y="984" width="31" height="38"/>
    <SubTexture name="SPAM_RearrangedBitmap8171052536" x="1008" y="775" width="14" height="22"/>
    <SubTexture name="SPAM_RearrangedBitmap8190105622" x="1008" y="751" width="14" height="22"/>
    <SubTexture name="SPAM_RearrangedBitmap8259335710" x="731" y="883" width="29" height="63"/>
    <SubTexture name="SPAM_RearrangedBitmap8293605860" x="566" y="981" width="28" height="39"/>
    <SubTexture name="SPAM_RearrangedBitmap8337717865" x="100" y="677" width="1" height="1" frameX="0" frameY="0" frameWidth="29" frameHeight="63"/>
    <SubTexture name="SPAM_RearrangedBitmap837532866" x="930" y="828" width="11" height="25"/>
    <SubTexture name="SPAM_RearrangedBitmap8396160013" x="1011" y="552" width="11" height="25"/>
    <SubTexture name="SPAM_RearrangedBitmap8405129396" x="2" y="677" width="96" height="177"/>
    <SubTexture name="SPAM_RearrangedBitmap8426723769" x="613" y="693" width="75" height="34"/>
    <SubTexture name="SPAM_RearrangedBitmap8470463167" x="664" y="765" width="29" height="63"/>
    <SubTexture name="SPAM_RearrangedBitmap847251123" x="971" y="855" width="6" height="26"/>
    <SubTexture name="SPAM_RearrangedBitmap847788598" x="513" y="691" width="72" height="69" frameX="0" frameY="-2" frameWidth="74" frameHeight="73"/>
    <SubTexture name="SPAM_RearrangedBitmap849312520" x="917" y="857" width="9" height="28"/>
    <SubTexture name="SPAM_RearrangedBitmap8500513380" x="100" y="677" width="1" height="1" frameX="0" frameY="0" frameWidth="6" frameHeight="45"/>
    <SubTexture name="SPAM_RearrangedBitmap8503127355" x="957" y="378" width="12" height="54"/>
    <SubTexture name="SPAM_RearrangedBitmap8538889240" x="927" y="575" width="17" height="46"/>
    <SubTexture name="SPAM_RearrangedBitmap8551379558" x="1008" y="727" width="14" height="22"/>
    <SubTexture name="SPAM_RearrangedBitmap8557575047" x="862" y="808" width="17" height="46"/>
    <SubTexture name="SPAM_RearrangedBitmap8574763135" x="906" y="857" width="9" height="28"/>
    <SubTexture name="SPAM_RearrangedBitmap857822801" x="100" y="677" width="1" height="1" frameX="0" frameY="0" frameWidth="6" frameHeight="26"/>
    <SubTexture name="SPAM_RearrangedBitmap8579828367" x="731" y="756" width="29" height="63"/>
    <SubTexture name="SPAM_RearrangedBitmap8596129132" x="1011" y="525" width="11" height="25"/>
    <SubTexture name="SPAM_RearrangedBitmap8653180432" x="762" y="756" width="31" height="42"/>
    <SubTexture name="SPAM_RearrangedBitmap8675219422" x="436" y="960" width="35" height="24"/>
    <SubTexture name="SPAM_RearrangedBitmap8689030893" x="815" y="632" width="32" height="37"/>
    <SubTexture name="SPAM_RearrangedBitmap8695154848" x="752" y="201" width="29" height="39"/>
    <SubTexture name="SPAM_RearrangedBitmap8708950879" x="865" y="797" width="27" height="9"/>
    <SubTexture name="SPAM_RearrangedBitmap8747431384" x="854" y="503" width="22" height="34" frameX="-7" frameY="0" frameWidth="32" frameHeight="34"/>
    <SubTexture name="SPAM_RearrangedBitmap8760908211" x="996" y="704" width="9" height="28"/>
    <SubTexture name="SPAM_RearrangedBitmap8797390341" x="100" y="677" width="1" height="1" frameX="0" frameY="0" frameWidth="29" frameHeight="63"/>
    <SubTexture name="SPAM_RearrangedBitmap8919288738" x="984" y="252" width="22" height="34" frameX="-7" frameY="0" frameWidth="32" frameHeight="34"/>
    <SubTexture name="SPAM_RearrangedBitmap8921524531" x="776" y="984" width="16" height="31"/>
    <SubTexture name="SPAM_RearrangedBitmap8936739605" x="863" y="904" width="14" height="22"/>
    <SubTexture name="SPAM_RearrangedBitmap9119867658" x="100" y="677" width="1" height="1" frameX="0" frameY="0" frameWidth="12" frameHeight="54"/>
    <SubTexture name="SPAM_RearrangedBitmap9133181788" x="912" y="446" width="29" height="37"/>
    <SubTexture name="SPAM_RearrangedBitmap916413907" x="100" y="677" width="1" height="1" frameX="0" frameY="0" frameWidth="14" frameHeight="22"/>
    <SubTexture name="SPAM_RearrangedBitmap9168292774" x="770" y="115" width="79" height="15"/>
    <SubTexture name="SPAM_RearrangedBitmap9171525910" x="985" y="826" width="6" height="26"/>
    <SubTexture name="SPAM_RearrangedBitmap9209705073" x="985" y="707" width="9" height="28"/>
    <SubTexture name="SPAM_RearrangedBitmap9231633605" x="815" y="593" width="32" height="37"/>
    <SubTexture name="SPAM_RearrangedBitmap9344341644" x="749" y="694" width="32" height="37"/>
    <SubTexture name="SPAM_RearrangedBitmap9346440113" x="772" y="319" width="37" height="40"/>
    <SubTexture name="SPAM_RearrangedBitmap938328173" x="683" y="937" width="6" height="43" frameX="0" frameY="0" frameWidth="6" frameHeight="45"/>
    <SubTexture name="SPAM_RearrangedBitmap9391007474" x="793" y="877" width="12" height="54"/>
    <SubTexture name="SPAM_RearrangedBitmap939327459" x="758" y="984" width="16" height="31"/>
    <SubTexture name="SPAM_RearrangedBitmap9443806021_fx" x="430" y="786" width="12" height="19" frameX="-2" frameY="0" frameWidth="16" frameHeight="21"/>
    <SubTexture name="SPAM_RearrangedBitmap9447372085" x="943" y="828" width="14" height="22"/>
    <SubTexture name="SPAM_RearrangedBitmap9461552806" x="910" y="197" width="12" height="52" frameX="0" frameY="-2" frameWidth="12" frameHeight="54"/>
    <SubTexture name="SPAM_RearrangedBitmap9487388886" x="513" y="620" width="72" height="69"/>
    <SubTexture name="SPAM_RearrangedBitmap9497835560" x="897" y="828" width="14" height="22"/>
    <SubTexture name="SPAM_RearrangedBitmap9515918734" x="953" y="302" width="30" height="40"/>
    <SubTexture name="SPAM_RearrangedBitmap9572506122" x="651" y="941" width="6" height="43" frameX="0" frameY="0" frameWidth="6" frameHeight="45"/>
    <SubTexture name="SPAM_RearrangedBitmap9584522681" x="694" y="624" width="79" height="15"/>
    <SubTexture name="SPAM_RearrangedBitmap9589103538" x="829" y="454" width="16" height="31"/>
    <SubTexture name="SPAM_RearrangedBitmap9627712336" x="430" y="703" width="81" height="81" frameX="-14" frameY="-14" frameWidth="99" frameHeight="99"/>
    <SubTexture name="SPAM_RearrangedBitmap9633963307" x="406" y="702" width="22" height="34" frameX="-7" frameY="0" frameWidth="32" frameHeight="34"/>
    <SubTexture name="SPAM_RearrangedBitmap9636403033" x="926" y="153" width="79" height="15"/>
    <SubTexture name="SPAM_RearrangedBitmap9649242495" x="952" y="257" width="30" height="43"/>
    <SubTexture name="SPAM_RearrangedBitmap9651420954" x="950" y="852" width="6" height="26"/>
    <SubTexture name="SPAM_RearrangedBitmap9694309459" x="792" y="821" width="12" height="54"/>
    <SubTexture name="SPAM_RearrangedBitmap9696154694" x="648" y="986" width="9" height="28"/>
    <SubTexture name="SPAM_RearrangedBitmap9701484398" x="558" y="981" width="6" height="41" frameX="0" frameY="-1" frameWidth="6" frameHeight="45"/>
    <SubTexture name="SPAM_RearrangedBitmap9708525171" x="559" y="195" width="31" height="39"/>
    <SubTexture name="SPAM_RearrangedBitmap9708872344" x="837" y="528" width="6" height="41" frameX="0" frameY="-1" frameWidth="6" frameHeight="45"/>
    <SubTexture name="SPAM_RearrangedBitmap9739292575" x="341" y="973" width="17" height="46"/>
    <SubTexture name="SPAM_RearrangedBitmap9748712567" x="1003" y="537" width="6" height="43" frameX="0" frameY="0" frameWidth="6" frameHeight="45"/>
    <SubTexture name="SPAM_RearrangedBitmap9758530224" x="100" y="677" width="1" height="1" frameX="0" frameY="0" frameWidth="32" frameHeight="34"/>
    <SubTexture name="SPAM_RearrangedBitmap9778228021_fx" x="795" y="811" width="9" height="8"/>
    <SubTexture name="SPAM_RearrangedBitmap9794510304" x="713" y="990" width="27" height="16"/>
    <SubTexture name="SPAM_RearrangedBitmap9809449141" x="1011" y="498" width="11" height="25"/>
    <SubTexture name="SPAM_RearrangedBitmap9852804810" x="683" y="982" width="6" height="26"/>
    <SubTexture name="SPAM_RearrangedBitmap9893897798" x="742" y="984" width="14" height="22"/>
    <SubTexture name="SPAM_RearrangedBitmap9899254788" x="621" y="452" width="27" height="9"/>
    <SubTexture name="SPAM_RearrangedBitmap9909991126" x="378" y="702" width="26" height="35"/>
    <SubTexture name="SPAM_RearrangedBitmap9929625303" x="943" y="378" width="12" height="54"/>
    <SubTexture name="SPAM_RearrangedBitmap9943812345" x="445" y="986" width="17" height="36"/>
    <SubTexture name="SPAM_RearrangedBitmap9955661606" x="100" y="677" width="1" height="1" frameX="0" frameY="0" frameWidth="17" frameHeight="46"/>
    <SubTexture name="SPAM_RearrangedBitmap9968522906" x="938" y="102" width="79" height="15"/>
    <SubTexture name="SPAM_RearrangedBitmap9998837646" x="264" y="625" width="12" height="54"/>
    <SubTexture name="mapa_de_bits_3" x="559" y="320" width="98" height="71" frameX="-2" frameY="0" frameWidth="108" frameHeight="85"/>
    <SubTexture name="part_010_png" x="387" y="491" width="50" height="111"/>
    <SubTexture name="part_011_png" x="518" y="869" width="39" height="76"/>
    <SubTexture name="part_012_png" x="158" y="553" width="119" height="70"/>
    <SubTexture name="part_013_png" x="691" y="981" width="20" height="25"/>
    <SubTexture name="part_014_png" x="832" y="503" width="20" height="23"/>
    <SubTexture name="part_015_png" x="598" y="452" width="21" height="26"/>
    <SubTexture name="part_016_png" x="878" y="516" width="27" height="21"/>
    <SubTexture name="part_017_png" x="762" y="800" width="31" height="19"/>
    <SubTexture name="part_018_png" x="852" y="729" width="25" height="21"/>
    <SubTexture name="part_019_png" x="100" y="721" width="60" height="131"/>
    <SubTexture name="part_020_png" x="953" y="344" width="25" height="32"/>
    <SubTexture name="part_021_png" x="980" y="351" width="33" height="25"/>
    <SubTexture name="part_022_png" x="977" y="537" width="24" height="33"/>
    <SubTexture name="part_023_png" x="777" y="621" width="36" height="26"/>
    <SubTexture name="part_024_png" x="796" y="505" width="34" height="21"/>
    <SubTexture name="part_025_png" x="790" y="729" width="32" height="24"/>
    <SubTexture name="part_026_png" x="545" y="394" width="51" height="85"/>
    <SubTexture name="part_027_png" x="258" y="739" width="103" height="80"/>
    <SubTexture name="part_028_png" x="587" y="711" width="24" height="46"/>
    <SubTexture name="part_029_png" x="388" y="960" width="46" height="24"/>
    <SubTexture name="part_030_png" x="804" y="571" width="40" height="20"/>
    <SubTexture name="part_031_png" x="535" y="981" width="21" height="40"/>
    <SubTexture name="part_032_png" x="1014" y="668" width="8" height="44"/>
    <SubTexture name="part_033_png" x="561" y="786" width="19" height="88"/>
    <SubTexture name="part_034_png" x="360" y="1019" width="49" height="3"/>
    <SubTexture name="part_035_png" x="103" y="585" width="51" height="134"/>
    <SubTexture name="part_036_png" x="439" y="491" width="27" height="117"/>
    <SubTexture name="part_037_png" x="603" y="2" width="185" height="96"/>
    <SubTexture name="part_038_png" x="1008" y="186" width="14" height="58"/>
    <SubTexture name="part_039_png" x="759" y="821" width="31" height="60"/>
    <SubTexture name="part_040_png" x="879" y="381" width="31" height="60"/>
    <SubTexture name="part_041_png" x="698" y="883" width="31" height="60"/>
    <SubTexture name="part_042_png" x="726" y="821" width="31" height="60"/>
    <SubTexture name="part_043_png" x="126" y="109" width="121" height="177"/>
    <SubTexture name="part_044_png" x="2" y="856" width="149" height="137"/>
    <SubTexture name="part_045_png" x="153" y="854" width="62" height="137"/>
    <SubTexture name="part_046_png" x="158" y="428" width="115" height="123"/>
    <SubTexture name="part_047_png" x="559" y="876" width="31" height="67"/>
    <SubTexture name="part_048_png" x="386" y="916" width="56" height="21"/>
    <SubTexture name="part_049_png" x="468" y="483" width="78" height="92"/>
    <SubTexture name="part_050_png" x="690" y="733" width="59" height="21"/>
    <SubTexture name="part_051_png" x="433" y="610" width="78" height="91"/>
    <SubTexture name="part_052_png" x="749" y="307" width="21" height="61"/>
    <SubTexture name="part_053_png" x="363" y="739" width="65" height="80"/>
    <SubTexture name="part_054_png" x="453" y="319" width="104" height="73"/>
    <SubTexture name="part_055_png" x="695" y="756" width="34" height="60"/>
    <SubTexture name="part_056_png" x="385" y="352" width="66" height="41"/>
    <SubTexture name="part_057_png" x="385" y="228" width="66" height="122"/>
    <SubTexture name="part_058_png" x="387" y="604" width="44" height="96"/>
    <SubTexture name="part_059_png" x="985" y="324" width="37" height="25"/>
    <SubTexture name="part_060_png" x="773" y="593" width="40" height="26"/>
    <SubTexture name="part_061_png" x="164" y="993" width="39" height="29"/>
    <SubTexture name="part_062_png" x="78" y="995" width="42" height="27"/>
    <SubTexture name="part_063_png" x="847" y="467" width="29" height="34"/>
    <SubTexture name="part_064_png" x="749" y="435" width="36" height="26"/>
    <SubTexture name="part_065_png" x="362" y="48" width="195" height="84"/>
    <SubTexture name="part_066_png" x="217" y="822" width="43" height="132"/>
    <SubTexture name="part_067_png" x="267" y="234" width="75" height="131"/>
    <SubTexture name="part_068_png" x="513" y="762" width="75" height="22"/>
    <SubTexture name="part_069_png" x="344" y="234" width="39" height="126"/>
    <SubTexture name="part_070_png" x="2" y="430" width="99" height="245"/>
    <SubTexture name="part_071_png" x="582" y="786" width="15" height="88"/>
    <SubTexture name="part_072_png" x="103" y="430" width="53" height="153"/>
    <SubTexture name="part_073_png" x="790" y="74" width="146" height="39"/>
    <SubTexture name="part_074_png" x="362" y="2" width="239" height="44"/>
    <SubTexture name="part_075_png" x="2" y="109" width="122" height="319"/>
    <SubTexture name="part_076_png" x="597" y="100" width="171" height="34"/>
    <SubTexture name="part_077_png" x="2" y="2" width="358" height="105"/>
    <SubTexture name="part_078_png" x="790" y="2" width="148" height="70"/>
    <SubTexture name="part_079_png" x="347" y="821" width="37" height="100"/>
    <SubTexture name="part_080_png" x="388" y="986" width="27" height="31"/>
    <SubTexture name="part_081_png" x="595" y="941" width="26" height="37"/>
    <SubTexture name="part_082_png" x="519" y="947" width="32" height="32"/>
    <SubTexture name="part_083_png" x="122" y="995" width="40" height="27"/>
    <SubTexture name="part_084_png" x="912" y="485" width="29" height="33"/>
    <SubTexture name="part_085_png" x="417" y="986" width="26" height="36"/>
    <SubTexture name="part_086_png" x="264" y="682" width="112" height="55"/>
    <SubTexture name="part_087_png" x="350" y="134" width="124" height="92"/>
    <SubTexture name="part_088_png" x="694" y="463" width="69" height="80"/>
    <SubTexture name="part_108_png" x="386" y="821" width="56" height="93"/>
    <SubTexture name="part_109_png" x="553" y="947" width="14" height="32"/>
    <SubTexture name="part_110_png" x="613" y="627" width="72" height="64"/>
    <SubTexture name="part_111_png" x="924" y="204" width="26" height="45"/>
    <SubTexture name="part_112_png" x="597" y="48" width="4" height="17"/>
    <SubTexture name="part_113_png" x="275" y="510" width="2" height="14"/>
    <SubTexture name="part_114_png" x="793" y="933" width="8" height="13"/>
    <SubTexture name="part_115_png" x="648" y="1016" width="18" height="6"/>
    <SubTexture name="part_116_png" x="1017" y="376" width="5" height="19"/>
    <SubTexture name="part_117_png" x="770" y="100" width="13" height="13"/>
    <SubTexture name="part_118_png" x="934" y="961" width="19" height="9"/>
    <SubTexture name="part_119_png" x="1015" y="351" width="7" height="23"/>
    <SubTexture name="part_120_png" x="1003" y="582" width="14" height="34"/>
    <SubTexture name="part_121_png" x="1007" y="136" width="15" height="48"/>
    <SubTexture name="part_122_png" x="597" y="136" width="153" height="40"/>
    <SubTexture name="part_123_png" x="597" y="178" width="129" height="56"/>
    <SubTexture name="part_124_png" x="955" y="528" width="20" height="37"/>
    <SubTexture name="part_125_png" x="691" y="1008" width="24" height="14"/>
    <SubTexture name="part_126_png" x="943" y="434" width="45" height="14"/>
    <SubTexture name="part_127_png" x="217" y="1010" width="36" height="11"/>
    <SubTexture name="part_128_png" x="935" y="316" width="16" height="60"/>
    <SubTexture name="part_129_png" x="746" y="1017" width="24" height="5"/>
    <SubTexture name="part_130_png" x="473" y="960" width="44" height="22"/>
    <SubTexture name="part_131_png" x="559" y="48" width="36" height="145"/>
    <SubTexture name="part_132_png" x="596" y="980" width="24" height="38"/>
    <SubTexture name="part_133_png" x="587" y="620" width="24" height="89"/>
    <SubTexture name="part_134_png" x="249" y="234" width="16" height="49"/>
    <SubTexture name="part_135_png" x="205" y="993" width="10" height="27"/>
</TextureAtlas>
