<?xml version="1.0" encoding="UTF-8"?>
<!-- Created with TexturePacker http://www.codeandweb.com/texturepacker-->
<!-- $TexturePacker:SmartUpdate:a7d0084a8202f84494331c5d664c2501:bffe4a803adb769713127d3b37292769:970ffdbee0899c802337ef901dc0b316$ -->
<TextureAtlas imagePath="1745_dragon_yggdrasil_3_HD_tweened_dxt5_map.dds" scale="0.362396240234">
    <SubTexture name="SPAM_RearrangedBitmap1019869967" x="329" y="373" width="10" height="27"/>
    <SubTexture name="SPAM_RearrangedBitmap1038339948" x="465" y="269" width="17" height="37"/>
    <SubTexture name="SPAM_RearrangedBitmap105543398" x="498" y="475" width="6" height="14"/>
    <SubTexture name="SPAM_RearrangedBitmap106676656" x="217" y="387" width="7" height="31"/>
    <SubTexture name="SPAM_RearrangedBitmap1108492420" x="434" y="402" width="14" height="20" frameX="-3" frameY="0" frameWidth="18" frameHeight="20"/>
    <SubTexture name="SPAM_RearrangedBitmap1149157092" x="446" y="308" width="17" height="37"/>
    <SubTexture name="SPAM_RearrangedBitmap1180757473" x="474" y="489" width="3" height="15"/>
    <SubTexture name="SPAM_RearrangedBitmap118501969" x="217" y="354" width="7" height="31"/>
    <SubTexture name="SPAM_RearrangedBitmap1236123907" x="317" y="380" width="10" height="27"/>
    <SubTexture name="SPAM_RearrangedBitmap1238806224" x="236" y="477" width="3" height="26"/>
    <SubTexture name="SPAM_RearrangedBitmap125046168" x="389" y="330" width="46" height="9"/>
    <SubTexture name="SPAM_RearrangedBitmap1261284172" x="481" y="435" width="15" height="5"/>
    <SubTexture name="SPAM_RearrangedBitmap1311986477" x="389" y="319" width="46" height="9"/>
    <SubTexture name="SPAM_RearrangedBitmap1367523273" x="418" y="404" width="14" height="20" frameX="-3" frameY="0" frameWidth="18" frameHeight="20"/>
    <SubTexture name="SPAM_RearrangedBitmap137864230" x="400" y="463" width="8" height="13"/>
    <SubTexture name="SPAM_RearrangedBitmap1407683602" x="317" y="438" width="10" height="27"/>
    <SubTexture name="SPAM_RearrangedBitmap1460491262" x="402" y="404" width="14" height="20" frameX="-3" frameY="0" frameWidth="18" frameHeight="20"/>
    <SubTexture name="SPAM_RearrangedBitmap1468123905" x="294" y="363" width="1" height="1" frameX="0" frameY="0" frameWidth="17" frameHeight="37"/>
    <SubTexture name="SPAM_RearrangedBitmap1480843407" x="226" y="356" width="18" height="21"/>
    <SubTexture name="SPAM_RearrangedBitmap1501884734" x="322" y="339" width="46" height="9"/>
    <SubTexture name="SPAM_RearrangedBitmap1530063494" x="208" y="388" width="7" height="31"/>
    <SubTexture name="SPAM_RearrangedBitmap1542957562" x="453" y="242" width="17" height="25"/>
    <SubTexture name="SPAM_RearrangedBitmap1545607820" x="490" y="474" width="6" height="14"/>
    <SubTexture name="SPAM_RearrangedBitmap1615429807" x="432" y="426" width="3" height="24" frameX="0" frameY="-1" frameWidth="3" frameHeight="26"/>
    <SubTexture name="SPAM_RearrangedBitmap1617093912" x="446" y="269" width="17" height="37"/>
    <SubTexture name="SPAM_RearrangedBitmap1662372357" x="387" y="492" width="5" height="16"/>
    <SubTexture name="SPAM_RearrangedBitmap1683177101" x="482" y="473" width="6" height="14"/>
    <SubTexture name="SPAM_RearrangedBitmap1694645145" x="469" y="472" width="6" height="14"/>
    <SubTexture name="SPAM_RearrangedBitmap1719514798" x="294" y="363" width="1" height="1" frameX="0" frameY="0" frameWidth="8" frameHeight="13"/>
    <SubTexture name="SPAM_RearrangedBitmap1745188581" x="370" y="317" width="17" height="37"/>
    <SubTexture name="SPAM_RearrangedBitmap1803399595" x="481" y="428" width="15" height="5"/>
    <SubTexture name="SPAM_RearrangedBitmap1828603019" x="427" y="269" width="17" height="37"/>
    <SubTexture name="SPAM_RearrangedBitmap1851186121" x="446" y="269" width="17" height="37"/>
    <SubTexture name="SPAM_RearrangedBitmap1912552541" x="322" y="328" width="46" height="9"/>
    <SubTexture name="SPAM_RearrangedBitmap1978481406" x="322" y="317" width="46" height="9"/>
    <SubTexture name="SPAM_RearrangedBitmap1999174357" x="188" y="403" width="18" height="21"/>
    <SubTexture name="SPAM_RearrangedBitmap2010698444" x="231" y="477" width="3" height="26"/>
    <SubTexture name="SPAM_RearrangedBitmap2036993849" x="386" y="402" width="14" height="20" frameX="-3" frameY="0" frameWidth="18" frameHeight="20"/>
    <SubTexture name="SPAM_RearrangedBitmap2045722976" x="464" y="434" width="15" height="5"/>
    <SubTexture name="SPAM_RearrangedBitmap2047459279" x="389" y="357" width="18" height="21"/>
    <SubTexture name="SPAM_RearrangedBitmap2063955205" x="226" y="477" width="3" height="26"/>
    <SubTexture name="SPAM_RearrangedBitmap2149157386" x="294" y="363" width="1" height="1" frameX="0" frameY="0" frameWidth="3" frameHeight="26"/>
    <SubTexture name="SPAM_RearrangedBitmap221535751" x="390" y="460" width="8" height="13"/>
    <SubTexture name="SPAM_RearrangedBitmap2217877906" x="342" y="350" width="18" height="21"/>
    <SubTexture name="SPAM_RearrangedBitmap2276743883" x="380" y="457" width="8" height="13"/>
    <SubTexture name="SPAM_RearrangedBitmap2294188753" x="389" y="308" width="46" height="9"/>
    <SubTexture name="SPAM_RearrangedBitmap2315939914" x="221" y="477" width="3" height="26"/>
    <SubTexture name="SPAM_RearrangedBitmap2322504995" x="216" y="479" width="3" height="26"/>
    <SubTexture name="SPAM_RearrangedBitmap2326439336" x="316" y="409" width="10" height="27"/>
    <SubTexture name="SPAM_RearrangedBitmap2329431621" x="294" y="363" width="1" height="1" frameX="0" frameY="0" frameWidth="46" frameHeight="9"/>
    <SubTexture name="SPAM_RearrangedBitmap236202564" x="402" y="456" width="15" height="5"/>
    <SubTexture name="SPAM_RearrangedBitmap2396956791" x="408" y="269" width="17" height="37"/>
    <SubTexture name="SPAM_RearrangedBitmap2416055844" x="211" y="479" width="3" height="26"/>
    <SubTexture name="SPAM_RearrangedBitmap2420317300" x="454" y="474" width="6" height="14"/>
    <SubTexture name="SPAM_RearrangedBitmap2427778940" x="408" y="269" width="17" height="37"/>
    <SubTexture name="SPAM_RearrangedBitmap2441778868" x="305" y="438" width="10" height="27"/>
    <SubTexture name="SPAM_RearrangedBitmap245946150" x="293" y="438" width="10" height="27"/>
    <SubTexture name="SPAM_RearrangedBitmap2479460045" x="389" y="269" width="17" height="37"/>
    <SubTexture name="SPAM_RearrangedBitmap2523104154" x="464" y="427" width="15" height="5"/>
    <SubTexture name="SPAM_RearrangedBitmap2535241227" x="469" y="488" width="3" height="15"/>
    <SubTexture name="SPAM_RearrangedBitmap2547508502" x="273" y="407" width="9" height="16" frameX="0" frameY="0" frameWidth="9" frameHeight="18"/>
    <SubTexture name="SPAM_RearrangedBitmap2588530855" x="338" y="492" width="9" height="18"/>
    <SubTexture name="SPAM_RearrangedBitmap2592616336" x="446" y="474" width="6" height="14"/>
    <SubTexture name="SPAM_RearrangedBitmap2644396739" x="294" y="363" width="1" height="1" frameX="0" frameY="0" frameWidth="18" frameHeight="21"/>
    <SubTexture name="SPAM_RearrangedBitmap2712465977" x="322" y="350" width="18" height="21"/>
    <SubTexture name="SPAM_RearrangedBitmap2795646592" x="354" y="426" width="3" height="26"/>
    <SubTexture name="SPAM_RearrangedBitmap2806048463" x="426" y="473" width="6" height="14"/>
    <SubTexture name="SPAM_RearrangedBitmap2809677231" x="464" y="489" width="3" height="15"/>
    <SubTexture name="SPAM_RearrangedBitmap2828850740" x="349" y="437" width="3" height="26"/>
    <SubTexture name="SPAM_RearrangedBitmap2887173982" x="370" y="457" width="8" height="13"/>
    <SubTexture name="SPAM_RearrangedBitmap2887910065" x="345" y="465" width="9" height="18"/>
    <SubTexture name="SPAM_RearrangedBitmap2890277447" x="334" y="465" width="9" height="18"/>
    <SubTexture name="SPAM_RearrangedBitmap2894856901" x="297" y="343" width="18" height="21"/>
    <SubTexture name="SPAM_RearrangedBitmap2896721936" x="459" y="490" width="3" height="15"/>
    <SubTexture name="SPAM_RearrangedBitmap2905740567" x="351" y="485" width="15" height="5"/>
    <SubTexture name="SPAM_RearrangedBitmap2916731039" x="277" y="340" width="18" height="21"/>
    <SubTexture name="SPAM_RearrangedBitmap2989018858" x="304" y="409" width="10" height="27"/>
    <SubTexture name="SPAM_RearrangedBitmap3043517517" x="334" y="485" width="15" height="5"/>
    <SubTexture name="SPAM_RearrangedBitmap3074928153" x="294" y="363" width="1" height="1" frameX="0" frameY="0" frameWidth="17" frameHeight="37"/>
    <SubTexture name="SPAM_RearrangedBitmap3120623659" x="370" y="401" width="14" height="20" frameX="-3" frameY="0" frameWidth="18" frameHeight="20"/>
    <SubTexture name="SPAM_RearrangedBitmap3164438159" x="380" y="492" width="5" height="16"/>
    <SubTexture name="SPAM_RearrangedBitmap3179203357" x="238" y="505" width="15" height="5"/>
    <SubTexture name="SPAM_RearrangedBitmap3182449329" x="385" y="258" width="46" height="9"/>
    <SubTexture name="SPAM_RearrangedBitmap3187657910" x="370" y="278" width="17" height="37"/>
    <SubTexture name="SPAM_RearrangedBitmap3189200849" x="221" y="505" width="15" height="5"/>
    <SubTexture name="SPAM_RearrangedBitmap3192204169" x="498" y="460" width="8" height="13"/>
    <SubTexture name="SPAM_RearrangedBitmap3197077178" x="483" y="421" width="15" height="5"/>
    <SubTexture name="SPAM_RearrangedBitmap320424178" x="373" y="492" width="5" height="16"/>
    <SubTexture name="SPAM_RearrangedBitmap3226766453" x="344" y="437" width="3" height="26"/>
    <SubTexture name="SPAM_RearrangedBitmap3246541034" x="339" y="437" width="3" height="26"/>
    <SubTexture name="SPAM_RearrangedBitmap3266007296" x="483" y="392" width="14" height="20" frameX="-3" frameY="0" frameWidth="18" frameHeight="20"/>
    <SubTexture name="SPAM_RearrangedBitmap3277260825" x="479" y="233" width="15" height="22"/>
    <SubTexture name="SPAM_RearrangedBitmap3303700506" x="466" y="420" width="15" height="5"/>
    <SubTexture name="SPAM_RearrangedBitmap3350685062" x="294" y="363" width="1" height="1" frameX="0" frameY="0" frameWidth="15" frameHeight="5"/>
    <SubTexture name="SPAM_RearrangedBitmap3354074969" x="208" y="355" width="7" height="31"/>
    <SubTexture name="SPAM_RearrangedBitmap336129165" x="294" y="363" width="1" height="1" frameX="0" frameY="0" frameWidth="18" frameHeight="21"/>
    <SubTexture name="SPAM_RearrangedBitmap3365686014" x="257" y="339" width="18" height="21"/>
    <SubTexture name="SPAM_RearrangedBitmap3379191892" x="342" y="350" width="18" height="21"/>
    <SubTexture name="SPAM_RearrangedBitmap3381000756" x="323" y="474" width="9" height="18"/>
    <SubTexture name="SPAM_RearrangedBitmap3422167223" x="427" y="269" width="17" height="37"/>
    <SubTexture name="SPAM_RearrangedBitmap3436543386" x="465" y="269" width="17" height="37"/>
    <SubTexture name="SPAM_RearrangedBitmap3438165101" x="472" y="457" width="8" height="13"/>
    <SubTexture name="SPAM_RearrangedBitmap3448183456" x="385" y="247" width="46" height="9"/>
    <SubTexture name="SPAM_RearrangedBitmap3474547464" x="334" y="437" width="3" height="26"/>
    <SubTexture name="SPAM_RearrangedBitmap3517621487" x="462" y="471" width="5" height="16"/>
    <SubTexture name="SPAM_RearrangedBitmap3534188593" x="292" y="409" width="10" height="27"/>
    <SubTexture name="SPAM_RearrangedBitmap3546201851" x="200" y="459" width="7" height="31"/>
    <SubTexture name="SPAM_RearrangedBitmap3563658032" x="483" y="414" width="15" height="5"/>
    <SubTexture name="SPAM_RearrangedBitmap3570676754" x="434" y="472" width="5" height="16"/>
    <SubTexture name="SPAM_RearrangedBitmap3585467479" x="418" y="471" width="6" height="14"/>
    <SubTexture name="SPAM_RearrangedBitmap3729228942" x="410" y="463" width="6" height="14"/>
    <SubTexture name="SPAM_RearrangedBitmap373750402" x="200" y="426" width="7" height="31"/>
    <SubTexture name="SPAM_RearrangedBitmap3758818261" x="485" y="308" width="18" height="24"/>
    <SubTexture name="SPAM_RearrangedBitmap3770312377" x="363" y="455" width="5" height="16"/>
    <SubTexture name="SPAM_RearrangedBitmap3819371051" x="281" y="447" width="10" height="27"/>
    <SubTexture name="SPAM_RearrangedBitmap3840579628" x="454" y="490" width="3" height="15"/>
    <SubTexture name="SPAM_RearrangedBitmap3856971270" x="269" y="447" width="10" height="27"/>
    <SubTexture name="SPAM_RearrangedBitmap4021824478" x="449" y="490" width="3" height="15"/>
    <SubTexture name="SPAM_RearrangedBitmap4044042786" x="312" y="474" width="9" height="18"/>
    <SubTexture name="SPAM_RearrangedBitmap4127728423" x="356" y="239" width="17" height="37"/>
    <SubTexture name="SPAM_RearrangedBitmap4139246856" x="301" y="474" width="9" height="18"/>
    <SubTexture name="SPAM_RearrangedBitmap4180589013" x="482" y="370" width="14" height="20" frameX="-3" frameY="0" frameWidth="18" frameHeight="20"/>
    <SubTexture name="SPAM_RearrangedBitmap4201274871" x="165" y="330" width="18" height="21"/>
    <SubTexture name="SPAM_RearrangedBitmap4303498134" x="385" y="236" width="46" height="9"/>
    <SubTexture name="SPAM_RearrangedBitmap4324980200" x="290" y="476" width="9" height="18"/>
    <SubTexture name="SPAM_RearrangedBitmap4329940275" x="310" y="467" width="15" height="5"/>
    <SubTexture name="SPAM_RearrangedBitmap4343062691" x="466" y="370" width="14" height="20" frameX="-3" frameY="0" frameWidth="18" frameHeight="20"/>
    <SubTexture name="SPAM_RearrangedBitmap4439738354" x="279" y="476" width="9" height="18"/>
    <SubTexture name="SPAM_RearrangedBitmap4448921351" x="462" y="456" width="8" height="13"/>
    <SubTexture name="SPAM_RearrangedBitmap4454454777" x="444" y="490" width="3" height="15"/>
    <SubTexture name="SPAM_RearrangedBitmap445541575" x="439" y="490" width="3" height="15"/>
    <SubTexture name="SPAM_RearrangedBitmap4472943094" x="191" y="459" width="7" height="31"/>
    <SubTexture name="SPAM_RearrangedBitmap4482183566" x="433" y="242" width="18" height="25"/>
    <SubTexture name="SPAM_RearrangedBitmap4485138479" x="268" y="476" width="9" height="18"/>
    <SubTexture name="SPAM_RearrangedBitmap4488280891" x="419" y="456" width="8" height="13"/>
    <SubTexture name="SPAM_RearrangedBitmap4509435763" x="389" y="269" width="17" height="37"/>
    <SubTexture name="SPAM_RearrangedBitmap4547144317" x="293" y="467" width="15" height="5"/>
    <SubTexture name="SPAM_RearrangedBitmap4566884559" x="294" y="363" width="1" height="1" frameX="0" frameY="0" frameWidth="9" frameHeight="18"/>
    <SubTexture name="SPAM_RearrangedBitmap4588576241" x="351" y="278" width="17" height="37"/>
    <SubTexture name="SPAM_RearrangedBitmap4593516163" x="450" y="380" width="14" height="20" frameX="-3" frameY="0" frameWidth="18" frameHeight="20"/>
    <SubTexture name="SPAM_RearrangedBitmap4603623988" x="257" y="476" width="9" height="18"/>
    <SubTexture name="SPAM_RearrangedBitmap4630058569" x="356" y="463" width="5" height="16"/>
    <SubTexture name="SPAM_RearrangedBitmap4651131762" x="257" y="447" width="10" height="27"/>
    <SubTexture name="SPAM_RearrangedBitmap4668537632" x="277" y="340" width="18" height="21"/>
    <SubTexture name="SPAM_RearrangedBitmap4706444006" x="294" y="363" width="1" height="1" frameX="0" frameY="0" frameWidth="5" frameHeight="16"/>
    <SubTexture name="SPAM_RearrangedBitmap4706836926" x="332" y="278" width="17" height="37"/>
    <SubTexture name="SPAM_RearrangedBitmap4724820647" x="302" y="277" width="17" height="37"/>
    <SubTexture name="SPAM_RearrangedBitmap4781520922" x="245" y="447" width="10" height="27"/>
    <SubTexture name="SPAM_RearrangedBitmap4828590558" x="235" y="328" width="46" height="9"/>
    <SubTexture name="SPAM_RearrangedBitmap4832341694" x="498" y="445" width="8" height="13"/>
    <SubTexture name="SPAM_RearrangedBitmap4838103846" x="294" y="363" width="1" height="1" frameX="0" frameY="0" frameWidth="3" frameHeight="15"/>
    <SubTexture name="SPAM_RearrangedBitmap4875768812" x="294" y="363" width="1" height="1" frameX="0" frameY="0" frameWidth="19" frameHeight="20"/>
    <SubTexture name="SPAM_RearrangedBitmap4919148414" x="257" y="339" width="18" height="21"/>
    <SubTexture name="SPAM_RearrangedBitmap4943691033" x="455" y="456" width="5" height="16"/>
    <SubTexture name="SPAM_RearrangedBitmap495337597" x="191" y="426" width="7" height="31"/>
    <SubTexture name="SPAM_RearrangedBitmap497046656" x="480" y="442" width="8" height="13"/>
    <SubTexture name="SPAM_RearrangedBitmap4974376582" x="434" y="490" width="3" height="15"/>
    <SubTexture name="SPAM_RearrangedBitmap4978594165" x="434" y="454" width="5" height="16"/>
    <SubTexture name="SPAM_RearrangedBitmap498613696" x="294" y="363" width="1" height="1" frameX="0" frameY="0" frameWidth="15" frameHeight="5"/>
    <SubTexture name="SPAM_RearrangedBitmap4996912126" x="434" y="380" width="14" height="20" frameX="-3" frameY="0" frameWidth="18" frameHeight="20"/>
    <SubTexture name="SPAM_RearrangedBitmap5002211898" x="490" y="458" width="6" height="14"/>
    <SubTexture name="SPAM_RearrangedBitmap5004552715" x="440" y="198" width="17" height="37"/>
    <SubTexture name="SPAM_RearrangedBitmap5024410704" x="246" y="476" width="9" height="18"/>
    <SubTexture name="SPAM_RearrangedBitmap5077812788" x="136" y="469" width="17" height="37"/>
    <SubTexture name="SPAM_RearrangedBitmap5110896007" x="466" y="413" width="15" height="5"/>
    <SubTexture name="SPAM_RearrangedBitmap5119093472" x="187" y="327" width="46" height="9"/>
    <SubTexture name="SPAM_RearrangedBitmap5155990106" x="418" y="382" width="14" height="20" frameX="-3" frameY="0" frameWidth="18" frameHeight="20"/>
    <SubTexture name="SPAM_RearrangedBitmap5156223970" x="238" y="505" width="15" height="5"/>
    <SubTexture name="SPAM_RearrangedBitmap5250482002" x="370" y="278" width="17" height="37"/>
    <SubTexture name="SPAM_RearrangedBitmap5316617938" x="455" y="438" width="5" height="16"/>
    <SubTexture name="SPAM_RearrangedBitmap5334840833" x="447" y="424" width="5" height="16"/>
    <SubTexture name="SPAM_RearrangedBitmap5365343859" x="402" y="382" width="14" height="20" frameX="-3" frameY="0" frameWidth="18" frameHeight="20"/>
    <SubTexture name="SPAM_RearrangedBitmap5377896167" x="312" y="245" width="23" height="30"/>
    <SubTexture name="SPAM_RearrangedBitmap5394932525" x="482" y="457" width="6" height="14"/>
    <SubTexture name="SPAM_RearrangedBitmap5421676013" x="429" y="489" width="3" height="15"/>
    <SubTexture name="SPAM_RearrangedBitmap5477352691" x="133" y="393" width="17" height="37"/>
    <SubTexture name="SPAM_RearrangedBitmap5499611585" x="182" y="459" width="7" height="31"/>
    <SubTexture name="SPAM_RearrangedBitmap5533272844" x="462" y="441" width="8" height="13"/>
    <SubTexture name="SPAM_RearrangedBitmap554104639" x="446" y="308" width="17" height="37"/>
    <SubTexture name="SPAM_RearrangedBitmap5579956540" x="500" y="410" width="9" height="18"/>
    <SubTexture name="SPAM_RearrangedBitmap5584909574" x="443" y="115" width="15" height="23"/>
    <SubTexture name="SPAM_RearrangedBitmap5611000929" x="235" y="317" width="46" height="9"/>
    <SubTexture name="SPAM_RearrangedBitmap5670693666" x="188" y="379" width="18" height="22"/>
    <SubTexture name="SPAM_RearrangedBitmap5703928312" x="455" y="438" width="5" height="16"/>
    <SubTexture name="SPAM_RearrangedBitmap5705975954" x="389" y="308" width="46" height="9"/>
    <SubTexture name="SPAM_RearrangedBitmap5707037580" x="447" y="458" width="6" height="14"/>
    <SubTexture name="SPAM_RearrangedBitmap5753226691" x="117" y="469" width="17" height="37"/>
    <SubTexture name="SPAM_RearrangedBitmap5754691051" x="366" y="492" width="5" height="16"/>
    <SubTexture name="SPAM_RearrangedBitmap5756909316" x="233" y="448" width="10" height="27"/>
    <SubTexture name="SPAM_RearrangedBitmap5768576347" x="424" y="489" width="3" height="15"/>
    <SubTexture name="SPAM_RearrangedBitmap582592485" x="98" y="469" width="17" height="37"/>
    <SubTexture name="SPAM_RearrangedBitmap5845857301" x="490" y="442" width="6" height="14"/>
    <SubTexture name="SPAM_RearrangedBitmap5865976571" x="498" y="430" width="8" height="13"/>
    <SubTexture name="SPAM_RearrangedBitmap5912043007" x="114" y="393" width="17" height="37"/>
    <SubTexture name="SPAM_RearrangedBitmap5929498467" x="472" y="441" width="6" height="14"/>
    <SubTexture name="SPAM_RearrangedBitmap602144722" x="333" y="430" width="15" height="5"/>
    <SubTexture name="SPAM_RearrangedBitmap6035470979" x="354" y="398" width="3" height="26"/>
    <SubTexture name="SPAM_RearrangedBitmap6037489148" x="419" y="487" width="3" height="15"/>
    <SubTexture name="SPAM_RearrangedBitmap6038135435" x="187" y="316" width="46" height="9"/>
    <SubTexture name="SPAM_RearrangedBitmap6062008400" x="294" y="363" width="1" height="1" frameX="0" frameY="0" frameWidth="5" frameHeight="16"/>
    <SubTexture name="SPAM_RearrangedBitmap6101184655" x="182" y="426" width="7" height="31"/>
    <SubTexture name="SPAM_RearrangedBitmap610248079" x="95" y="393" width="17" height="37"/>
    <SubTexture name="SPAM_RearrangedBitmap6153395486" x="337" y="239" width="17" height="37"/>
    <SubTexture name="SPAM_RearrangedBitmap6172581944" x="179" y="393" width="7" height="31"/>
    <SubTexture name="SPAM_RearrangedBitmap6264816657" x="221" y="448" width="10" height="27"/>
    <SubTexture name="SPAM_RearrangedBitmap6280574229" x="381" y="437" width="9" height="18"/>
    <SubTexture name="SPAM_RearrangedBitmap6289065828" x="359" y="492" width="5" height="16"/>
    <SubTexture name="SPAM_RearrangedBitmap629762887" x="349" y="398" width="3" height="26"/>
    <SubTexture name="SPAM_RearrangedBitmap6324286025" x="447" y="442" width="6" height="14"/>
    <SubTexture name="SPAM_RearrangedBitmap6327636733" x="386" y="380" width="14" height="20" frameX="-3" frameY="0" frameWidth="18" frameHeight="20"/>
    <SubTexture name="SPAM_RearrangedBitmap6337131813" x="454" y="423" width="8" height="13"/>
    <SubTexture name="SPAM_RearrangedBitmap6348509622" x="165" y="330" width="18" height="21"/>
    <SubTexture name="SPAM_RearrangedBitmap6365838089" x="294" y="363" width="1" height="1" frameX="0" frameY="0" frameWidth="9" frameHeight="18"/>
    <SubTexture name="SPAM_RearrangedBitmap6424638320" x="302" y="277" width="17" height="37"/>
    <SubTexture name="SPAM_RearrangedBitmap6446958610" x="295" y="496" width="6" height="14"/>
    <SubTexture name="SPAM_RearrangedBitmap6467730338" x="351" y="278" width="17" height="37"/>
    <SubTexture name="SPAM_RearrangedBitmap6499860077" x="297" y="343" width="18" height="21"/>
    <SubTexture name="SPAM_RearrangedBitmap6542347359" x="389" y="357" width="18" height="21"/>
    <SubTexture name="SPAM_RearrangedBitmap6574557297" x="414" y="492" width="3" height="15"/>
    <SubTexture name="SPAM_RearrangedBitmap6608502562" x="133" y="393" width="17" height="37"/>
    <SubTexture name="SPAM_RearrangedBitmap6646850657" x="370" y="437" width="9" height="18"/>
    <SubTexture name="SPAM_RearrangedBitmap667918079" x="226" y="356" width="18" height="21"/>
    <SubTexture name="SPAM_RearrangedBitmap6679575662" x="470" y="347" width="18" height="21"/>
    <SubTexture name="SPAM_RearrangedBitmap6695481756" x="370" y="379" width="14" height="20" frameX="-3" frameY="0" frameWidth="18" frameHeight="20"/>
    <SubTexture name="SPAM_RearrangedBitmap669860168" x="257" y="362" width="16" height="22"/>
    <SubTexture name="SPAM_RearrangedBitmap6742038177" x="173" y="459" width="7" height="31"/>
    <SubTexture name="SPAM_RearrangedBitmap6746078148" x="241" y="477" width="3" height="24" frameX="0" frameY="0" frameWidth="3" frameHeight="26"/>
    <SubTexture name="SPAM_RearrangedBitmap6756285486" x="337" y="239" width="17" height="37"/>
    <SubTexture name="SPAM_RearrangedBitmap6764154072" x="98" y="469" width="17" height="37"/>
    <SubTexture name="SPAM_RearrangedBitmap6778760708" x="173" y="426" width="7" height="31"/>
    <SubTexture name="SPAM_RearrangedBitmap6787953271" x="466" y="406" width="15" height="5"/>
    <SubTexture name="SPAM_RearrangedBitmap6815229420" x="370" y="317" width="17" height="37"/>
    <SubTexture name="SPAM_RearrangedBitmap6821412335" x="170" y="393" width="7" height="31"/>
    <SubTexture name="SPAM_RearrangedBitmap6834351987" x="331" y="494" width="5" height="16"/>
    <SubTexture name="SPAM_RearrangedBitmap6897000376" x="287" y="496" width="6" height="14"/>
    <SubTexture name="SPAM_RearrangedBitmap6925417776" x="294" y="363" width="1" height="1" frameX="0" frameY="0" frameWidth="46" frameHeight="9"/>
    <SubTexture name="SPAM_RearrangedBitmap6925725749" x="209" y="450" width="10" height="27"/>
    <SubTexture name="SPAM_RearrangedBitmap6950126629" x="440" y="198" width="17" height="37"/>
    <SubTexture name="SPAM_RearrangedBitmap6978975878" x="392" y="225" width="46" height="9"/>
    <SubTexture name="SPAM_RearrangedBitmap6987219181" x="359" y="435" width="9" height="18"/>
    <SubTexture name="SPAM_RearrangedBitmap7008948032" x="79" y="470" width="17" height="37"/>
    <SubTexture name="SPAM_RearrangedBitmap7011600544" x="409" y="492" width="3" height="15"/>
    <SubTexture name="SPAM_RearrangedBitmap7032981811" x="356" y="239" width="17" height="37"/>
    <SubTexture name="SPAM_RearrangedBitmap7053779602" x="158" y="357" width="15" height="5"/>
    <SubTexture name="SPAM_RearrangedBitmap707889534" x="209" y="421" width="10" height="27"/>
    <SubTexture name="SPAM_RearrangedBitmap7080496132" x="79" y="470" width="17" height="37"/>
    <SubTexture name="SPAM_RearrangedBitmap7094815260" x="294" y="363" width="1" height="1" frameX="0" frameY="0" frameWidth="10" frameHeight="27"/>
    <SubTexture name="SPAM_RearrangedBitmap7096829721" x="359" y="415" width="9" height="18"/>
    <SubTexture name="SPAM_RearrangedBitmap7098713788" x="404" y="492" width="3" height="15"/>
    <SubTexture name="SPAM_RearrangedBitmap7170352206" x="437" y="439" width="8" height="13"/>
    <SubTexture name="SPAM_RearrangedBitmap7273886782" x="117" y="469" width="17" height="37"/>
    <SubTexture name="SPAM_RearrangedBitmap7308739479" x="283" y="317" width="18" height="21"/>
    <SubTexture name="SPAM_RearrangedBitmap7390258717" x="188" y="403" width="18" height="21"/>
    <SubTexture name="SPAM_RearrangedBitmap7394050760" x="344" y="398" width="3" height="26"/>
    <SubTexture name="SPAM_RearrangedBitmap7410775021" x="301" y="387" width="14" height="20" frameX="-3" frameY="0" frameWidth="18" frameHeight="20"/>
    <SubTexture name="SPAM_RearrangedBitmap7420241162" x="114" y="393" width="17" height="37"/>
    <SubTexture name="SPAM_RearrangedBitmap7420626293" x="355" y="373" width="13" height="20" frameX="-4" frameY="0" frameWidth="19" frameHeight="20"/>
    <SubTexture name="SPAM_RearrangedBitmap7476439429" x="392" y="214" width="46" height="9"/>
    <SubTexture name="SPAM_RearrangedBitmap7478437480" x="294" y="363" width="1" height="1" frameX="0" frameY="0" frameWidth="7" frameHeight="31"/>
    <SubTexture name="SPAM_RearrangedBitmap7493426102" x="444" y="490" width="3" height="15"/>
    <SubTexture name="SPAM_RearrangedBitmap7500380772" x="294" y="363" width="1" height="1" frameX="0" frameY="0" frameWidth="6" frameHeight="14"/>
    <SubTexture name="SPAM_RearrangedBitmap7505429200" x="243" y="425" width="15" height="20" frameX="-3" frameY="0" frameWidth="19" frameHeight="20"/>
    <SubTexture name="SPAM_RearrangedBitmap7511609461" x="285" y="387" width="14" height="20" frameX="-3" frameY="0" frameWidth="18" frameHeight="20"/>
    <SubTexture name="SPAM_RearrangedBitmap751259758" x="165" y="364" width="10" height="27"/>
    <SubTexture name="SPAM_RearrangedBitmap755906014" x="324" y="494" width="5" height="16"/>
    <SubTexture name="SPAM_RearrangedBitmap7619974866" x="279" y="496" width="6" height="14"/>
    <SubTexture name="SPAM_RearrangedBitmap7634283833" x="359" y="395" width="9" height="18"/>
    <SubTexture name="SPAM_RearrangedBitmap7649396557" x="293" y="199" width="17" height="37"/>
    <SubTexture name="SPAM_RearrangedBitmap7695994397" x="294" y="363" width="1" height="1" frameX="0" frameY="0" frameWidth="6" frameHeight="14"/>
    <SubTexture name="SPAM_RearrangedBitmap7710027682" x="262" y="407" width="9" height="16" frameX="0" frameY="0" frameWidth="9" frameHeight="18"/>
    <SubTexture name="SPAM_RearrangedBitmap7732003526" x="164" y="459" width="7" height="31"/>
    <SubTexture name="SPAM_RearrangedBitmap7805970997" x="164" y="426" width="7" height="31"/>
    <SubTexture name="SPAM_RearrangedBitmap7813779684" x="317" y="380" width="10" height="27"/>
    <SubTexture name="SPAM_RearrangedBitmap7888207718" x="399" y="492" width="3" height="15"/>
    <SubTexture name="SPAM_RearrangedBitmap7895575093" x="275" y="363" width="17" height="21"/>
    <SubTexture name="SPAM_RearrangedBitmap7942975765" x="392" y="203" width="46" height="9"/>
    <SubTexture name="SPAM_RearrangedBitmap7949009186" x="209" y="450" width="10" height="27"/>
    <SubTexture name="SPAM_RearrangedBitmap7974785807" x="394" y="492" width="3" height="15"/>
    <SubTexture name="SPAM_RearrangedBitmap7987175985" x="339" y="402" width="3" height="26"/>
    <SubTexture name="SPAM_RearrangedBitmap8006408967" x="332" y="278" width="17" height="37"/>
    <SubTexture name="SPAM_RearrangedBitmap8024220779" x="141" y="357" width="15" height="5"/>
    <SubTexture name="SPAM_RearrangedBitmap8073975734" x="93" y="382" width="46" height="9"/>
    <SubTexture name="SPAM_RearrangedBitmap8100345608" x="276" y="425" width="14" height="20" frameX="-3" frameY="0" frameWidth="18" frameHeight="20"/>
    <SubTexture name="SPAM_RearrangedBitmap8114151581" x="437" y="424" width="8" height="13"/>
    <SubTexture name="SPAM_RearrangedBitmap8126970198" x="188" y="355" width="18" height="22"/>
    <SubTexture name="SPAM_RearrangedBitmap8171052536" x="422" y="441" width="8" height="13"/>
    <SubTexture name="SPAM_RearrangedBitmap8190105622" x="412" y="441" width="8" height="13"/>
    <SubTexture name="SPAM_RearrangedBitmap8259335710" x="136" y="469" width="17" height="37"/>
    <SubTexture name="SPAM_RearrangedBitmap8337717865" x="294" y="363" width="1" height="1" frameX="0" frameY="0" frameWidth="17" frameHeight="37"/>
    <SubTexture name="SPAM_RearrangedBitmap837532866" x="271" y="496" width="6" height="14"/>
    <SubTexture name="SPAM_RearrangedBitmap8396160013" x="263" y="496" width="6" height="14"/>
    <SubTexture name="SPAM_RearrangedBitmap8470463167" x="293" y="199" width="17" height="37"/>
    <SubTexture name="SPAM_RearrangedBitmap847251123" x="506" y="475" width="3" height="15"/>
    <SubTexture name="SPAM_RearrangedBitmap849312520" x="317" y="494" width="5" height="16"/>
    <SubTexture name="SPAM_RearrangedBitmap8500513380" x="294" y="363" width="1" height="1" frameX="0" frameY="0" frameWidth="3" frameHeight="26"/>
    <SubTexture name="SPAM_RearrangedBitmap8503127355" x="155" y="459" width="7" height="31"/>
    <SubTexture name="SPAM_RearrangedBitmap8538889240" x="281" y="447" width="10" height="27"/>
    <SubTexture name="SPAM_RearrangedBitmap8551379558" x="402" y="441" width="8" height="13"/>
    <SubTexture name="SPAM_RearrangedBitmap8557575047" x="153" y="364" width="10" height="27"/>
    <SubTexture name="SPAM_RearrangedBitmap8574763135" x="310" y="494" width="5" height="16"/>
    <SubTexture name="SPAM_RearrangedBitmap857822801" x="294" y="363" width="1" height="1" frameX="0" frameY="0" frameWidth="3" frameHeight="15"/>
    <SubTexture name="SPAM_RearrangedBitmap8579828367" x="95" y="393" width="17" height="37"/>
    <SubTexture name="SPAM_RearrangedBitmap8596129132" x="255" y="496" width="6" height="14"/>
    <SubTexture name="SPAM_RearrangedBitmap8653180432" x="465" y="308" width="18" height="24"/>
    <SubTexture name="SPAM_RearrangedBitmap8689030893" x="322" y="350" width="18" height="21"/>
    <SubTexture name="SPAM_RearrangedBitmap8695154848" x="226" y="379" width="17" height="22"/>
    <SubTexture name="SPAM_RearrangedBitmap8708950879" x="359" y="232" width="15" height="5"/>
    <SubTexture name="SPAM_RearrangedBitmap8747431384" x="260" y="425" width="14" height="20" frameX="-3" frameY="0" frameWidth="18" frameHeight="20"/>
    <SubTexture name="SPAM_RearrangedBitmap8760908211" x="303" y="494" width="5" height="16"/>
    <SubTexture name="SPAM_RearrangedBitmap8797390341" x="294" y="363" width="1" height="1" frameX="0" frameY="0" frameWidth="17" frameHeight="37"/>
    <SubTexture name="SPAM_RearrangedBitmap8919288738" x="429" y="358" width="14" height="20" frameX="-3" frameY="0" frameWidth="18" frameHeight="20"/>
    <SubTexture name="SPAM_RearrangedBitmap8921524531" x="499" y="390" width="9" height="18"/>
    <SubTexture name="SPAM_RearrangedBitmap8936739605" x="392" y="445" width="8" height="13"/>
    <SubTexture name="SPAM_RearrangedBitmap9119867658" x="294" y="363" width="1" height="1" frameX="0" frameY="0" frameWidth="7" frameHeight="31"/>
    <SubTexture name="SPAM_RearrangedBitmap9133181788" x="370" y="356" width="17" height="21"/>
    <SubTexture name="SPAM_RearrangedBitmap916413907" x="294" y="363" width="1" height="1" frameX="0" frameY="0" frameWidth="8" frameHeight="13"/>
    <SubTexture name="SPAM_RearrangedBitmap9168292774" x="93" y="371" width="46" height="9"/>
    <SubTexture name="SPAM_RearrangedBitmap9171525910" x="477" y="472" width="3" height="15"/>
    <SubTexture name="SPAM_RearrangedBitmap9209705073" x="505" y="308" width="5" height="16"/>
    <SubTexture name="SPAM_RearrangedBitmap9231633605" x="470" y="347" width="18" height="21"/>
    <SubTexture name="SPAM_RearrangedBitmap9344341644" x="283" y="317" width="18" height="21"/>
    <SubTexture name="SPAM_RearrangedBitmap938328173" x="329" y="437" width="3" height="26"/>
    <SubTexture name="SPAM_RearrangedBitmap9391007474" x="155" y="426" width="7" height="31"/>
    <SubTexture name="SPAM_RearrangedBitmap939327459" x="200" y="492" width="9" height="18"/>
    <SubTexture name="SPAM_RearrangedBitmap9447372085" x="422" y="426" width="8" height="13"/>
    <SubTexture name="SPAM_RearrangedBitmap9461552806" x="161" y="393" width="7" height="31"/>
    <SubTexture name="SPAM_RearrangedBitmap9497835560" x="412" y="426" width="8" height="13"/>
    <SubTexture name="SPAM_RearrangedBitmap9572506122" x="328" y="409" width="3" height="26"/>
    <SubTexture name="SPAM_RearrangedBitmap9584522681" x="93" y="360" width="46" height="9"/>
    <SubTexture name="SPAM_RearrangedBitmap9589103538" x="189" y="492" width="9" height="18"/>
    <SubTexture name="SPAM_RearrangedBitmap9633963307" x="496" y="242" width="14" height="20" frameX="-3" frameY="0" frameWidth="18" frameHeight="20"/>
    <SubTexture name="SPAM_RearrangedBitmap9636403033" x="235" y="328" width="46" height="9"/>
    <SubTexture name="SPAM_RearrangedBitmap9649242495" x="303" y="316" width="17" height="25"/>
    <SubTexture name="SPAM_RearrangedBitmap9651420954" x="441" y="469" width="3" height="15"/>
    <SubTexture name="SPAM_RearrangedBitmap9694309459" x="152" y="393" width="7" height="31"/>
    <SubTexture name="SPAM_RearrangedBitmap9696154694" x="472" y="242" width="5" height="16"/>
    <SubTexture name="SPAM_RearrangedBitmap9701484398" x="317" y="343" width="3" height="24" frameX="0" frameY="0" frameWidth="3" frameHeight="26"/>
    <SubTexture name="SPAM_RearrangedBitmap9708525171" x="409" y="358" width="18" height="22"/>
    <SubTexture name="SPAM_RearrangedBitmap9708872344" x="221" y="420" width="3" height="26"/>
    <SubTexture name="SPAM_RearrangedBitmap9739292575" x="141" y="364" width="10" height="27"/>
    <SubTexture name="SPAM_RearrangedBitmap9748712567" x="349" y="30" width="3" height="26"/>
    <SubTexture name="SPAM_RearrangedBitmap9758530224" x="294" y="363" width="1" height="1" frameX="0" frameY="0" frameWidth="19" frameHeight="20"/>
    <SubTexture name="SPAM_RearrangedBitmap9809449141" x="284" y="409" width="6" height="14"/>
    <SubTexture name="SPAM_RearrangedBitmap9852804810" x="429" y="456" width="3" height="15"/>
    <SubTexture name="SPAM_RearrangedBitmap9893897798" x="402" y="426" width="8" height="13"/>
    <SubTexture name="SPAM_RearrangedBitmap9899254788" x="479" y="257" width="15" height="5"/>
    <SubTexture name="SPAM_RearrangedBitmap9929625303" x="490" y="334" width="7" height="31"/>
    <SubTexture name="SPAM_RearrangedBitmap9955661606" x="294" y="363" width="1" height="1" frameX="0" frameY="0" frameWidth="10" frameHeight="27"/>
    <SubTexture name="SPAM_RearrangedBitmap9968522906" x="94" y="334" width="46" height="9"/>
    <SubTexture name="SPAM_RearrangedBitmap9998837646" x="437" y="308" width="7" height="31"/>
    <SubTexture name="mapa_de_bits_3" x="234" y="145" width="59" height="42" frameX="0" frameY="0" frameWidth="63" frameHeight="50"/>
    <SubTexture name="part_010_png" x="204" y="249" width="29" height="65"/>
    <SubTexture name="part_011_png" x="312" y="199" width="22" height="44"/>
    <SubTexture name="part_012_png" x="281" y="81" width="69" height="41"/>
    <SubTexture name="part_013_png" x="460" y="115" width="11" height="14"/>
    <SubTexture name="part_014_png" x="499" y="358" width="11" height="13"/>
    <SubTexture name="part_015_png" x="498" y="373" width="12" height="15"/>
    <SubTexture name="part_016_png" x="466" y="392" width="15" height="12"/>
    <SubTexture name="part_017_png" x="193" y="65" width="18" height="11"/>
    <SubTexture name="part_018_png" x="370" y="423" width="14" height="12"/>
    <SubTexture name="part_019_png" x="473" y="57" width="35" height="76"/>
    <SubTexture name="part_020_png" x="173" y="492" width="14" height="18"/>
    <SubTexture name="part_021_png" x="245" y="386" width="19" height="14"/>
    <SubTexture name="part_022_png" x="450" y="402" width="14" height="19"/>
    <SubTexture name="part_023_png" x="234" y="339" width="21" height="15"/>
    <SubTexture name="part_024_png" x="370" y="216" width="20" height="12"/>
    <SubTexture name="part_025_png" x="445" y="364" width="19" height="14"/>
    <SubTexture name="part_026_png" x="61" y="344" width="30" height="49"/>
    <SubTexture name="part_027_png" x="231" y="189" width="60" height="47"/>
    <SubTexture name="part_028_png" x="496" y="189" width="14" height="27"/>
    <SubTexture name="part_029_png" x="389" y="341" width="27" height="14"/>
    <SubTexture name="part_030_png" x="465" y="334" width="23" height="11"/>
    <SubTexture name="part_031_png" x="341" y="373" width="12" height="23"/>
    <SubTexture name="part_032_png" x="333" y="402" width="4" height="26"/>
    <SubTexture name="part_033_png" x="337" y="124" width="11" height="51"/>
    <SubTexture name="part_034_png" x="98" y="508" width="28" height="2"/>
    <SubTexture name="part_035_png" x="132" y="252" width="30" height="78"/>
    <SubTexture name="part_036_png" x="187" y="243" width="15" height="68"/>
    <SubTexture name="part_037_png" x="354" y="2" width="108" height="56"/>
    <SubTexture name="part_038_png" x="375" y="242" width="8" height="34"/>
    <SubTexture name="part_039_png" x="459" y="205" width="18" height="35"/>
    <SubTexture name="part_040_png" x="135" y="432" width="18" height="35"/>
    <SubTexture name="part_041_png" x="115" y="432" width="18" height="35"/>
    <SubTexture name="part_042_png" x="95" y="432" width="18" height="35"/>
    <SubTexture name="part_043_png" x="75" y="65" width="70" height="103"/>
    <SubTexture name="part_044_png" x="75" y="170" width="87" height="80"/>
    <SubTexture name="part_045_png" x="94" y="252" width="36" height="80"/>
    <SubTexture name="part_046_png" x="2" y="398" width="67" height="72"/>
    <SubTexture name="part_047_png" x="329" y="30" width="18" height="39"/>
    <SubTexture name="part_048_png" x="462" y="191" width="32" height="12"/>
    <SubTexture name="part_049_png" x="426" y="60" width="45" height="53"/>
    <SubTexture name="part_050_png" x="392" y="189" width="34" height="12"/>
    <SubTexture name="part_051_png" x="464" y="2" width="46" height="53"/>
    <SubTexture name="part_052_png" x="298" y="238" width="12" height="35"/>
    <SubTexture name="part_053_png" x="394" y="140" width="38" height="47"/>
    <SubTexture name="part_054_png" x="235" y="238" width="61" height="43"/>
    <SubTexture name="part_055_png" x="370" y="179" width="20" height="35"/>
    <SubTexture name="part_056_png" x="295" y="173" width="38" height="24"/>
    <SubTexture name="part_057_png" x="164" y="170" width="38" height="71"/>
    <SubTexture name="part_058_png" x="434" y="140" width="26" height="56"/>
    <SubTexture name="part_059_png" x="210" y="338" width="22" height="14"/>
    <SubTexture name="part_060_png" x="185" y="338" width="23" height="15"/>
    <SubTexture name="part_061_png" x="484" y="289" width="22" height="17"/>
    <SubTexture name="part_062_png" x="418" y="341" width="25" height="15"/>
    <SubTexture name="part_063_png" x="226" y="403" width="17" height="20"/>
    <SubTexture name="part_064_png" x="142" y="332" width="21" height="15"/>
    <SubTexture name="part_065_png" x="213" y="30" width="114" height="49"/>
    <SubTexture name="part_066_png" x="204" y="170" width="25" height="77"/>
    <SubTexture name="part_067_png" x="147" y="65" width="44" height="76"/>
    <SubTexture name="part_068_png" x="93" y="345" width="44" height="13"/>
    <SubTexture name="part_069_png" x="71" y="395" width="22" height="73"/>
    <SubTexture name="part_070_png" x="2" y="253" width="57" height="143"/>
    <SubTexture name="part_071_png" x="359" y="179" width="9" height="51"/>
    <SubTexture name="part_072_png" x="61" y="253" width="31" height="89"/>
    <SubTexture name="part_073_png" x="147" y="145" width="85" height="23"/>
    <SubTexture name="part_074_png" x="213" y="2" width="139" height="26"/>
    <SubTexture name="part_075_png" x="2" y="65" width="71" height="186"/>
    <SubTexture name="part_076_png" x="193" y="124" width="100" height="19"/>
    <SubTexture name="part_077_png" x="2" y="2" width="209" height="61"/>
    <SubTexture name="part_078_png" x="193" y="81" width="86" height="41"/>
    <SubTexture name="part_079_png" x="336" y="179" width="21" height="58"/>
    <SubTexture name="part_080_png" x="155" y="492" width="16" height="18"/>
    <SubTexture name="part_081_png" x="226" y="425" width="15" height="21"/>
    <SubTexture name="part_082_png" x="294" y="366" width="18" height="19"/>
    <SubTexture name="part_083_png" x="445" y="347" width="23" height="15"/>
    <SubTexture name="part_084_png" x="266" y="386" width="17" height="19"/>
    <SubTexture name="part_085_png" x="245" y="402" width="15" height="21"/>
    <SubTexture name="part_086_png" x="235" y="283" width="65" height="32"/>
    <SubTexture name="part_087_png" x="352" y="60" width="72" height="53"/>
    <SubTexture name="part_088_png" x="295" y="124" width="40" height="47"/>
    <SubTexture name="part_108_png" x="462" y="135" width="32" height="54"/>
    <SubTexture name="part_109_png" x="349" y="492" width="8" height="18"/>
    <SubTexture name="part_110_png" x="350" y="140" width="42" height="37"/>
    <SubTexture name="part_111_png" x="479" y="205" width="15" height="26"/>
    <SubTexture name="part_112_png" x="508" y="289" width="2" height="10"/>
    <SubTexture name="part_113_png" x="231" y="170" width="1" height="8"/>
    <SubTexture name="part_114_png" x="428" y="189" width="4" height="7"/>
    <SubTexture name="part_115_png" x="428" y="198" width="10" height="3"/>
    <SubTexture name="part_116_png" x="386" y="424" width="3" height="11"/>
    <SubTexture name="part_117_png" x="246" y="496" width="7" height="7"/>
    <SubTexture name="part_118_png" x="314" y="373" width="11" height="5"/>
    <SubTexture name="part_119_png" x="441" y="454" width="4" height="13"/>
    <SubTexture name="part_120_png" x="392" y="424" width="8" height="19"/>
    <SubTexture name="part_121_png" x="246" y="356" width="9" height="28"/>
    <SubTexture name="part_122_png" x="352" y="115" width="89" height="23"/>
    <SubTexture name="part_123_png" x="2" y="472" width="75" height="32"/>
    <SubTexture name="part_124_png" x="499" y="334" width="11" height="22"/>
    <SubTexture name="part_125_png" x="329" y="71" width="14" height="8"/>
    <SubTexture name="part_126_png" x="484" y="279" width="26" height="8"/>
    <SubTexture name="part_127_png" x="139" y="349" width="21" height="6"/>
    <SubTexture name="part_128_png" x="321" y="277" width="9" height="35"/>
    <SubTexture name="part_129_png" x="433" y="237" width="14" height="3"/>
    <SubTexture name="part_130_png" x="484" y="264" width="26" height="13"/>
    <SubTexture name="part_131_png" x="164" y="243" width="21" height="85"/>
    <SubTexture name="part_132_png" x="496" y="218" width="14" height="22"/>
    <SubTexture name="part_133_png" x="496" y="135" width="14" height="52"/>
    <SubTexture name="part_134_png" x="177" y="363" width="9" height="28"/>
    <SubTexture name="part_135_png" x="362" y="350" width="6" height="16"/>
</TextureAtlas>
