<?xml version="1.0" encoding="UTF-8"?>
<!-- Created with TexturePacker http://www.codeandweb.com/texturepacker-->
<!-- $TexturePacker:SmartUpdate:7716c48dc83222d496465640391ebb8d:804271c87139b6a397cb2af07bf53921:0fb8ceaf7dffb9d03ad44c86818dfcd0$ -->
<TextureAtlas imagePath="1020_dragon_flame_skin2_3_HD_tweened_dxt5.dds" scale="0.84375">
    <SubTexture name="SPAM_RearrangedBitmap1236621671" x="251" y="108" width="249" height="95" frameX="-1" frameY="0" frameWidth="253" frameHeight="99"/>
    <SubTexture name="SPAM_RearrangedBitmap1530063494_fx" x="577" y="1004" width="19" height="18" frameX="-5" frameY="0" frameWidth="29" frameHeight="22"/>
    <SubTexture name="SPAM_RearrangedBitmap1542957562" x="250" y="908" width="99" height="114" frameX="-8" frameY="0" frameWidth="111" frameHeight="124"/>
    <SubTexture name="SPAM_RearrangedBitmap1644426770_fx" x="964" y="671" width="41" height="28" frameX="-2" frameY="-1" frameWidth="47" frameHeight="34"/>
    <SubTexture name="SPAM_RearrangedBitmap1791443364" x="250" y="271" width="248" height="89" frameX="0" frameY="0" frameWidth="250" frameHeight="93"/>
    <SubTexture name="SPAM_RearrangedBitmap2254443403_fx" x="823" y="902" width="32" height="27" frameX="0" frameY="0" frameWidth="36" frameHeight="31"/>
    <SubTexture name="SPAM_RearrangedBitmap2542424683_fx" x="954" y="904" width="30" height="30" frameX="-10" frameY="-10" frameWidth="54" frameHeight="54"/>
    <SubTexture name="SPAM_RearrangedBitmap2765236914" x="717" y="289" width="174" height="80" frameX="0" frameY="-1" frameWidth="178" frameHeight="84"/>
    <SubTexture name="SPAM_RearrangedBitmap2882289824_fx" x="966" y="843" width="35" height="20" frameX="-2" frameY="0" frameWidth="43" frameHeight="24"/>
    <SubTexture name="SPAM_RearrangedBitmap2950249609" x="590" y="542" width="142" height="35" frameX="0" frameY="0" frameWidth="146" frameHeight="37"/>
    <SubTexture name="SPAM_RearrangedBitmap2989518749" x="2" y="961" width="90" height="61" frameX="0" frameY="-1" frameWidth="94" frameHeight="65"/>
    <SubTexture name="SPAM_RearrangedBitmap3135387328_fx" x="994" y="364" width="24" height="15" frameX="-15" frameY="-15" frameWidth="62" frameHeight="47"/>
    <SubTexture name="SPAM_RearrangedBitmap3144694356_fx" x="962" y="763" width="35" height="20" frameX="-2" frameY="0" frameWidth="43" frameHeight="24"/>
    <SubTexture name="SPAM_RearrangedBitmap3277260825" x="440" y="465" width="148" height="97" frameX="-6" frameY="0" frameWidth="156" frameHeight="99"/>
    <SubTexture name="SPAM_RearrangedBitmap3701877959_fx" x="823" y="902" width="32" height="27" frameX="0" frameY="0" frameWidth="36" frameHeight="31"/>
    <SubTexture name="SPAM_RearrangedBitmap3758818261" x="74" y="686" width="113" height="105" frameX="-7" frameY="0" frameWidth="123" frameHeight="115"/>
    <SubTexture name="SPAM_RearrangedBitmap3996843562" x="766" y="2" width="246" height="103" frameX="0" frameY="0" frameWidth="248" frameHeight="105"/>
    <SubTexture name="SPAM_RearrangedBitmap4041788806_fx" x="676" y="824" width="37" height="29" frameX="-2" frameY="-1" frameWidth="43" frameHeight="35"/>
    <SubTexture name="SPAM_RearrangedBitmap4195946268_fx" x="820" y="988" width="28" height="26" frameX="0" frameY="0" frameWidth="32" frameHeight="30"/>
    <SubTexture name="SPAM_RearrangedBitmap4472943094_fx" x="914" y="965" width="19" height="16" frameX="-3" frameY="-2" frameWidth="27" frameHeight="22"/>
    <SubTexture name="SPAM_RearrangedBitmap4482183566" x="908" y="210" width="92" height="118" frameX="0" frameY="0" frameWidth="96" frameHeight="128"/>
    <SubTexture name="SPAM_RearrangedBitmap4757443929_fx" x="752" y="104" width="1" height="1" frameX="0" frameY="0" frameWidth="21" frameHeight="21"/>
    <SubTexture name="SPAM_RearrangedBitmap4807071897_fx" x="676" y="824" width="37" height="29" frameX="-2" frameY="-1" frameWidth="43" frameHeight="35"/>
    <SubTexture name="SPAM_RearrangedBitmap4818015480_fx" x="820" y="988" width="28" height="26" frameX="0" frameY="0" frameWidth="32" frameHeight="30"/>
    <SubTexture name="SPAM_RearrangedBitmap4930492904_fx" x="841" y="960" width="36" height="25" frameX="-2" frameY="-3" frameWidth="44" frameHeight="35"/>
    <SubTexture name="SPAM_RearrangedBitmap4950982043" x="194" y="362" width="246" height="96" frameX="0" frameY="0" frameWidth="248" frameHeight="98"/>
    <SubTexture name="SPAM_RearrangedBitmap495337597_fx" x="885" y="987" width="21" height="17" frameX="-1" frameY="0" frameWidth="27" frameHeight="21"/>
    <SubTexture name="SPAM_RearrangedBitmap5034862617_fx" x="841" y="931" width="37" height="27" frameX="-2" frameY="-1" frameWidth="43" frameHeight="33"/>
    <SubTexture name="SPAM_RearrangedBitmap5076510266" x="249" y="2" width="262" height="104" frameX="0" frameY="-1" frameWidth="264" frameHeight="108"/>
    <SubTexture name="SPAM_RearrangedBitmap5170154071_fx" x="966" y="815" width="35" height="26" frameX="-11" frameY="-11" frameWidth="59" frameHeight="54"/>
    <SubTexture name="SPAM_RearrangedBitmap5197288459" x="192" y="666" width="238" height="85" frameX="0" frameY="0" frameWidth="240" frameHeight="89"/>
    <SubTexture name="SPAM_RearrangedBitmap5285004386" x="727" y="210" width="179" height="77" frameX="-1" frameY="-1" frameWidth="183" frameHeight="81"/>
    <SubTexture name="SPAM_RearrangedBitmap5371677498_fx" x="743" y="982" width="19" height="15" frameX="0" frameY="-1" frameWidth="23" frameHeight="21"/>
    <SubTexture name="SPAM_RearrangedBitmap5402668388_fx" x="841" y="931" width="37" height="27" frameX="-2" frameY="-1" frameWidth="43" frameHeight="33"/>
    <SubTexture name="SPAM_RearrangedBitmap5499611585_fx" x="598" y="1004" width="21" height="17" frameX="-1" frameY="0" frameWidth="27" frameHeight="21"/>
    <SubTexture name="SPAM_RearrangedBitmap5584909574" x="620" y="385" width="138" height="103" frameX="-6" frameY="0" frameWidth="146" frameHeight="107"/>
    <SubTexture name="SPAM_RearrangedBitmap5586642213_fx" x="189" y="753" width="42" height="30" frameX="-2" frameY="0" frameWidth="48" frameHeight="34"/>
    <SubTexture name="SPAM_RearrangedBitmap5947550568_fx" x="979" y="185" width="34" height="23" frameX="-11" frameY="-12" frameWidth="60" frameHeight="51"/>
    <SubTexture name="SPAM_RearrangedBitmap6101184655_fx" x="885" y="1006" width="21" height="16" frameX="-1" frameY="-1" frameWidth="27" frameHeight="22"/>
    <SubTexture name="SPAM_RearrangedBitmap6172581944_fx" x="1002" y="299" width="19" height="17" frameX="-3" frameY="-1" frameWidth="27" frameHeight="23"/>
    <SubTexture name="SPAM_RearrangedBitmap6174674327" x="967" y="423" width="46" height="32" frameX="-11" frameY="-8" frameWidth="74" frameHeight="52"/>
    <SubTexture name="SPAM_RearrangedBitmap618447795_fx" x="752" y="104" width="1" height="1" frameX="0" frameY="0" frameWidth="21" frameHeight="21"/>
    <SubTexture name="SPAM_RearrangedBitmap6292116069" x="760" y="371" width="123" height="92" frameX="-1" frameY="0" frameWidth="127" frameHeight="96"/>
    <SubTexture name="SPAM_RearrangedBitmap6413044178_fx" x="880" y="943" width="34" height="20" frameX="-2" frameY="0" frameWidth="42" frameHeight="24"/>
    <SubTexture name="SPAM_RearrangedBitmap6511328016" x="2" y="136" width="247" height="113" frameX="0" frameY="-1" frameWidth="251" frameHeight="117"/>
    <SubTexture name="SPAM_RearrangedBitmap6601560834_fx" x="879" y="965" width="33" height="20" frameX="-2" frameY="0" frameWidth="41" frameHeight="24"/>
    <SubTexture name="SPAM_RearrangedBitmap660654836" x="823" y="746" width="86" height="50" frameX="0" frameY="0" frameWidth="90" frameHeight="52"/>
    <SubTexture name="SPAM_RearrangedBitmap6614714115" x="590" y="490" width="154" height="50" frameX="0" frameY="-1" frameWidth="158" frameHeight="54"/>
    <SubTexture name="SPAM_RearrangedBitmap663513224" x="192" y="555" width="231" height="109" frameX="-1" frameY="-1" frameWidth="235" frameHeight="113"/>
    <SubTexture name="SPAM_RearrangedBitmap6635639284_fx" x="966" y="741" width="37" height="20" frameX="-2" frameY="0" frameWidth="45" frameHeight="24"/>
    <SubTexture name="SPAM_RearrangedBitmap669860168" x="94" y="940" width="154" height="81" frameX="-2" frameY="0" frameWidth="160" frameHeight="83"/>
    <SubTexture name="SPAM_RearrangedBitmap6742038177_fx" x="1002" y="278" width="19" height="19" frameX="-3" frameY="0" frameWidth="27" frameHeight="23"/>
    <SubTexture name="SPAM_RearrangedBitmap6871806784" x="752" y="107" width="225" height="101" frameX="0" frameY="0" frameWidth="227" frameHeight="103"/>
    <SubTexture name="SPAM_RearrangedBitmap7049435845" x="513" y="104" width="237" height="79" frameX="0" frameY="0" frameWidth="239" frameHeight="81"/>
    <SubTexture name="SPAM_RearrangedBitmap7366958215_fx" x="841" y="960" width="36" height="25" frameX="-2" frameY="-3" frameWidth="44" frameHeight="35"/>
    <SubTexture name="SPAM_RearrangedBitmap7387235996" x="2" y="251" width="246" height="109" frameX="-1" frameY="0" frameWidth="250" frameHeight="111"/>
    <SubTexture name="SPAM_RearrangedBitmap7732003526_fx" x="1002" y="210" width="20" height="19" frameX="-5" frameY="0" frameWidth="30" frameHeight="23"/>
    <SubTexture name="SPAM_RearrangedBitmap7775137272_fx" x="916" y="943" width="31" height="20" frameX="-2" frameY="0" frameWidth="39" frameHeight="24"/>
    <SubTexture name="SPAM_RearrangedBitmap7873744272_fx" x="545" y="1004" width="30" height="18" frameX="-13" frameY="-13" frameWidth="62" frameHeight="48"/>
    <SubTexture name="SPAM_RearrangedBitmap7895575093" x="885" y="423" width="80" height="32" frameX="-2" frameY="0" frameWidth="86" frameHeight="34"/>
    <SubTexture name="SPAM_RearrangedBitmap7958808049_fx" x="964" y="671" width="41" height="28" frameX="-2" frameY="-1" frameWidth="47" frameHeight="34"/>
    <SubTexture name="SPAM_RearrangedBitmap8004335264_fx" x="954" y="936" width="34" height="20" frameX="-1" frameY="0" frameWidth="42" frameHeight="24"/>
    <SubTexture name="SPAM_RearrangedBitmap8116173854_fx" x="966" y="865" width="29" height="26" frameX="0" frameY="-1" frameWidth="33" frameHeight="32"/>
    <SubTexture name="SPAM_RearrangedBitmap8204493345_fx" x="850" y="987" width="33" height="20" frameX="-3" frameY="0" frameWidth="43" frameHeight="24"/>
    <SubTexture name="SPAM_RearrangedBitmap8293605860_fx" x="743" y="982" width="19" height="15" frameX="0" frameY="-1" frameWidth="23" frameHeight="21"/>
    <SubTexture name="SPAM_RearrangedBitmap8426723769_fx" x="966" y="785" width="35" height="28" frameX="-11" frameY="-11" frameWidth="59" frameHeight="56"/>
    <SubTexture name="SPAM_RearrangedBitmap8562457731" x="194" y="460" width="244" height="93" frameX="0" frameY="-1" frameWidth="246" frameHeight="97"/>
    <SubTexture name="SPAM_RearrangedBitmap8653180432" x="351" y="908" width="106" height="112" frameX="-8" frameY="0" frameWidth="118" frameHeight="122"/>
    <SubTexture name="SPAM_RearrangedBitmap8675219422_fx" x="986" y="330" width="36" height="32" frameX="-9" frameY="-10" frameWidth="58" frameHeight="56"/>
    <SubTexture name="SPAM_RearrangedBitmap8695154848" x="898" y="515" width="67" height="35" frameX="0" frameY="0" frameWidth="71" frameHeight="37"/>
    <SubTexture name="SPAM_RearrangedBitmap9119867658_fx" x="590" y="465" width="21" height="17" frameX="-1" frameY="-1" frameWidth="27" frameHeight="23"/>
    <SubTexture name="SPAM_RearrangedBitmap9133181788" x="760" y="465" width="136" height="53" frameX="-1" frameY="0" frameWidth="140" frameHeight="55"/>
    <SubTexture name="SPAM_RearrangedBitmap9280296696" x="552" y="680" width="115" height="63" frameX="-1" frameY="0" frameWidth="119" frameHeight="65"/>
    <SubTexture name="SPAM_RearrangedBitmap9346440113_fx" x="966" y="865" width="29" height="26" frameX="0" frameY="-1" frameWidth="33" frameHeight="32"/>
    <SubTexture name="SPAM_RearrangedBitmap9443806021" x="510" y="185" width="215" height="87" frameX="0" frameY="0" frameWidth="217" frameHeight="89"/>
    <SubTexture name="SPAM_RearrangedBitmap9487388886_fx" x="189" y="753" width="42" height="30" frameX="-2" frameY="0" frameWidth="48" frameHeight="34"/>
    <SubTexture name="SPAM_RearrangedBitmap9496328720" x="500" y="274" width="215" height="109" frameX="0" frameY="-1" frameWidth="217" frameHeight="113"/>
    <SubTexture name="SPAM_RearrangedBitmap9645380225" x="821" y="589" width="85" height="65" frameX="0" frameY="-1" frameWidth="89" frameHeight="69"/>
    <SubTexture name="SPAM_RearrangedBitmap9649242495" x="622" y="869" width="93" height="121" frameX="-1" frameY="0" frameWidth="97" frameHeight="131"/>
    <SubTexture name="SPAM_RearrangedBitmap9708525171" x="884" y="552" width="64" height="28" frameX="-1" frameY="0" frameWidth="68" frameHeight="30"/>
    <SubTexture name="SPAM_RearrangedBitmap9778228021" x="513" y="2" width="251" height="100" frameX="0" frameY="0" frameWidth="253" frameHeight="102"/>
    <SubTexture name="SPAM_RearrangedBitmap9794510304_fx" x="669" y="680" width="26" height="27" frameX="-13" frameY="-10" frameWidth="54" frameHeight="51"/>
    <SubTexture name="SPAM_RearrangedBitmap9929625303_fx" x="1002" y="231" width="20" height="17" frameX="-1" frameY="-1" frameWidth="26" frameHeight="23"/>
    <SubTexture name="layer_002_png" x="893" y="368" width="99" height="11"/>
    <SubTexture name="layer_003_png" x="235" y="898" width="94" height="8"/>
    <SubTexture name="layer_004_png" x="571" y="651" width="124" height="27"/>
    <SubTexture name="layer_005_png" x="235" y="885" width="124" height="11"/>
    <SubTexture name="layer_006_png" x="251" y="205" width="257" height="64"/>
    <SubTexture name="layer_007_png" x="743" y="824" width="23" height="156"/>
    <SubTexture name="layer_008_png" x="857" y="881" width="27" height="48"/>
    <SubTexture name="layer_009_png" x="527" y="745" width="48" height="131"/>
    <SubTexture name="layer_010_png" x="362" y="753" width="75" height="153"/>
    <SubTexture name="layer_011_png" x="697" y="589" width="122" height="70"/>
    <SubTexture name="layer_012_png" x="913" y="866" width="51" height="36"/>
    <SubTexture name="layer_013_png" x="909" y="701" width="55" height="42"/>
    <SubTexture name="layer_014_png" x="964" y="633" width="50" height="36"/>
    <SubTexture name="layer_015_png" x="622" y="992" width="87" height="22"/>
    <SubTexture name="layer_016_png" x="439" y="745" width="86" height="143"/>
    <SubTexture name="layer_017_png" x="577" y="745" width="97" height="122"/>
    <SubTexture name="layer_018_png" x="963" y="559" width="53" height="36"/>
    <SubTexture name="layer_019_png" x="967" y="515" width="55" height="42"/>
    <SubTexture name="layer_020_png" x="974" y="457" width="48" height="36"/>
    <SubTexture name="layer_021_png" x="432" y="662" width="118" height="81"/>
    <SubTexture name="layer_023_png" x="768" y="811" width="40" height="122"/>
    <SubTexture name="layer_024_png" x="832" y="656" width="75" height="88"/>
    <SubTexture name="layer_025_png" x="235" y="753" width="125" height="130"/>
    <SubTexture name="layer_026_png" x="93" y="793" width="140" height="145"/>
    <SubTexture name="layer_027_png" x="74" y="528" width="116" height="156"/>
    <SubTexture name="layer_028_png" x="2" y="362" width="190" height="164"/>
    <SubTexture name="layer_029_05_png" x="898" y="457" width="74" height="56"/>
    <SubTexture name="layer_029_06_png" x="809" y="935" width="30" height="51"/>
    <SubTexture name="layer_029_png" x="2" y="2" width="245" height="132"/>
    <SubTexture name="layer_030_png" x="545" y="878" width="75" height="124"/>
    <SubTexture name="layer_031_png" x="676" y="709" width="84" height="113"/>
    <SubTexture name="layer_032_png" x="913" y="827" width="51" height="37"/>
    <SubTexture name="layer_033_png" x="909" y="656" width="53" height="43"/>
    <SubTexture name="layer_034_png" x="966" y="701" width="46" height="38"/>
    <SubTexture name="layer_035_png" x="743" y="999" width="75" height="23"/>
    <SubTexture name="layer_036_png" x="425" y="564" width="144" height="96"/>
    <SubTexture name="layer_037_png" x="2" y="805" width="89" height="154"/>
    <SubTexture name="layer_038_png" x="913" y="788" width="51" height="37"/>
    <SubTexture name="layer_039_png" x="908" y="582" width="53" height="43"/>
    <SubTexture name="layer_040_png" x="906" y="904" width="46" height="37"/>
    <SubTexture name="layer_041_png" x="459" y="890" width="84" height="128"/>
    <SubTexture name="layer_042_png" x="734" y="542" width="10" height="25"/>
    <SubTexture name="layer_043_png" x="893" y="289" width="13" height="31"/>
    <SubTexture name="layer_044_png" x="762" y="709" width="59" height="100"/>
    <SubTexture name="layer_045_png" x="974" y="495" width="40" height="15"/>
    <SubTexture name="layer_046_png" x="717" y="371" width="37" height="12"/>
    <SubTexture name="layer_047_png" x="911" y="745" width="49" height="41"/>
    <SubTexture name="layer_048_png" x="855" y="798" width="31" height="81"/>
    <SubTexture name="layer_049_png" x="893" y="330" width="91" height="36"/>
    <SubTexture name="layer_050_png" x="768" y="935" width="39" height="62"/>
    <SubTexture name="layer_051_png" x="888" y="798" width="23" height="86"/>
    <SubTexture name="layer_052_png" x="1014" y="2" width="8" height="20"/>
    <SubTexture name="layer_053_png" x="886" y="886" width="18" height="37"/>
    <SubTexture name="layer_054_png" x="669" y="709" width="5" height="11"/>
    <SubTexture name="layer_055_png" x="762" y="811" width="4" height="5"/>
    <SubTexture name="layer_056_png" x="1016" y="495" width="6" height="14"/>
    <SubTexture name="layer_057_png" x="821" y="656" width="6" height="3"/>
    <SubTexture name="layer_058_png" x="489" y="362" width="9" height="14"/>
    <SubTexture name="layer_059_png" x="502" y="108" width="9" height="16"/>
    <SubTexture name="layer_060_png" x="1002" y="250" width="14" height="26"/>
    <SubTexture name="layer_061_png" x="571" y="579" width="124" height="70"/>
    <SubTexture name="layer_062_png" x="823" y="798" width="30" height="102"/>
    <SubTexture name="layer_063_png" x="950" y="552" width="11" height="24"/>
    <SubTexture name="layer_064_png" x="235" y="908" width="13" height="26"/>
    <SubTexture name="layer_065_png" x="809" y="988" width="9" height="9"/>
    <SubTexture name="layer_066_png" x="727" y="185" width="21" height="20"/>
    <SubTexture name="layer_067_png" x="884" y="582" width="10" height="5"/>
    <SubTexture name="layer_068_png" x="697" y="661" width="133" height="46"/>
    <SubTexture name="layer_069_png" x="908" y="627" width="49" height="27"/>
    <SubTexture name="layer_070_png" x="979" y="107" width="43" height="76"/>
    <SubTexture name="layer_071_png" x="442" y="362" width="45" height="19"/>
    <SubTexture name="layer_073_png" x="810" y="811" width="11" height="118"/>
    <SubTexture name="layer_074_png" x="885" y="412" width="107" height="9"/>
    <SubTexture name="layer_075_png" x="885" y="381" width="135" height="29"/>
    <SubTexture name="layer_076_png" x="746" y="520" width="147" height="11"/>
    <SubTexture name="layer_077_png" x="2" y="528" width="70" height="275"/>
    <SubTexture name="layer_078_png" x="717" y="824" width="24" height="192"/>
    <SubTexture name="layer_079_png" x="963" y="597" width="54" height="34"/>
    <SubTexture name="layer_080_png" x="746" y="533" width="136" height="54"/>
    <SubTexture name="layer_081_png" x="442" y="385" width="176" height="78"/>
</TextureAtlas>
