<?xml version="1.0" encoding="UTF-8"?>
<!-- Created with TexturePacker http://www.codeandweb.com/texturepacker-->
<!-- $TexturePacker:SmartUpdate:ee0a249c452caa4a7cb7d424afb0ba8c:9fdc0576582f2cc029a0c182aff204d6:2428deb6e7907a9319d072804c19f387$ -->
<TextureAtlas imagePath="1020_dragon_flame_skin2_3_HD_tweened_dxt5_map.dds" scale="0.635192871094">
    <SubTexture name="SPAM_RearrangedBitmap1530063494_fx" x="486" y="464" width="14" height="13" frameX="-4" frameY="-1" frameWidth="22" frameHeight="17"/>
    <SubTexture name="SPAM_RearrangedBitmap2882289824_fx" x="465" y="431" width="26" height="16" frameX="-1" frameY="0" frameWidth="32" frameHeight="18"/>
    <SubTexture name="SPAM_RearrangedBitmap3144694356_fx" x="289" y="489" width="26" height="16" frameX="-1" frameY="0" frameWidth="32" frameHeight="18"/>
    <SubTexture name="SPAM_RearrangedBitmap4472943094_fx" x="469" y="494" width="14" height="13" frameX="-2" frameY="-1" frameWidth="20" frameHeight="17"/>
    <SubTexture name="SPAM_RearrangedBitmap495337597_fx" x="470" y="480" width="14" height="12" frameX="-2" frameY="-1" frameWidth="20" frameHeight="16"/>
    <SubTexture name="SPAM_RearrangedBitmap5499611585_fx" x="452" y="480" width="16" height="12" frameX="-1" frameY="-1" frameWidth="20" frameHeight="16"/>
    <SubTexture name="SPAM_RearrangedBitmap6101184655_fx" x="452" y="465" width="16" height="13" frameX="-1" frameY="0" frameWidth="20" frameHeight="17"/>
    <SubTexture name="SPAM_RearrangedBitmap6172581944_fx" x="470" y="465" width="14" height="13" frameX="-2" frameY="-1" frameWidth="20" frameHeight="17"/>
    <SubTexture name="SPAM_RearrangedBitmap6413044178_fx" x="438" y="414" width="25" height="16" frameX="-1" frameY="0" frameWidth="31" frameHeight="18"/>
    <SubTexture name="SPAM_RearrangedBitmap6601560834_fx" x="454" y="449" width="25" height="14" frameX="-1" frameY="-1" frameWidth="31" frameHeight="18"/>
    <SubTexture name="SPAM_RearrangedBitmap6635639284_fx" x="468" y="206" width="26" height="14" frameX="-3" frameY="-1" frameWidth="34" frameHeight="18"/>
    <SubTexture name="SPAM_RearrangedBitmap6742038177_fx" x="481" y="449" width="14" height="13" frameX="-3" frameY="-1" frameWidth="20" frameHeight="17"/>
    <SubTexture name="SPAM_RearrangedBitmap7732003526_fx" x="496" y="206" width="14" height="13" frameX="-4" frameY="-1" frameWidth="22" frameHeight="17"/>
    <SubTexture name="SPAM_RearrangedBitmap7775137272_fx" x="317" y="489" width="23" height="16" frameX="-1" frameY="0" frameWidth="29" frameHeight="18"/>
    <SubTexture name="SPAM_RearrangedBitmap8004335264_fx" x="445" y="377" width="25" height="16" frameX="-1" frameY="0" frameWidth="31" frameHeight="18"/>
    <SubTexture name="SPAM_RearrangedBitmap8204493345_fx" x="96" y="492" width="26" height="16" frameX="-1" frameY="0" frameWidth="32" frameHeight="18"/>
    <SubTexture name="SPAM_RearrangedBitmap9119867658_fx" x="378" y="312" width="16" height="13" frameX="0" frameY="0" frameWidth="20" frameHeight="17"/>
    <SubTexture name="SPAM_RearrangedBitmap9929625303_fx" x="452" y="494" width="15" height="13" frameX="0" frameY="-1" frameWidth="19" frameHeight="17"/>
    <SubTexture name="layer_002_png" x="377" y="396" width="74" height="8"/>
    <SubTexture name="layer_003_png" x="377" y="406" width="71" height="6"/>
    <SubTexture name="layer_004_png" x="378" y="337" width="93" height="20"/>
    <SubTexture name="layer_005_png" x="378" y="359" width="93" height="8"/>
    <SubTexture name="layer_006_png" x="188" y="2" width="193" height="48"/>
    <SubTexture name="layer_007_png" x="493" y="2" width="17" height="118"/>
    <SubTexture name="layer_008_png" x="430" y="471" width="20" height="36"/>
    <SubTexture name="layer_009_png" x="204" y="224" width="36" height="99"/>
    <SubTexture name="layer_010_png" x="146" y="231" width="56" height="115"/>
    <SubTexture name="layer_011_png" x="2" y="457" width="92" height="53"/>
    <SubTexture name="layer_012_png" x="352" y="476" width="38" height="27"/>
    <SubTexture name="layer_013_png" x="353" y="414" width="41" height="31"/>
    <SubTexture name="layer_014_png" x="352" y="447" width="38" height="27"/>
    <SubTexture name="layer_015_png" x="377" y="377" width="66" height="17"/>
    <SubTexture name="layer_016_png" x="153" y="348" width="64" height="107"/>
    <SubTexture name="layer_017_png" x="242" y="231" width="73" height="92"/>
    <SubTexture name="layer_018_png" x="396" y="414" width="40" height="27"/>
    <SubTexture name="layer_019_png" x="290" y="421" width="41" height="31"/>
    <SubTexture name="layer_020_png" x="392" y="471" width="36" height="27"/>
    <SubTexture name="layer_021_png" x="344" y="76" width="89" height="60"/>
    <SubTexture name="layer_023_png" x="317" y="231" width="30" height="92"/>
    <SubTexture name="layer_024_png" x="349" y="225" width="57" height="66"/>
    <SubTexture name="layer_025_png" x="57" y="348" width="94" height="98"/>
    <SubTexture name="layer_026_png" x="147" y="113" width="106" height="109"/>
    <SubTexture name="layer_027_png" x="57" y="228" width="87" height="118"/>
    <SubTexture name="layer_028_png" x="2" y="103" width="143" height="123"/>
    <SubTexture name="layer_029_05_png" x="96" y="448" width="55" height="42"/>
    <SubTexture name="layer_029_06_png" x="353" y="374" width="22" height="38"/>
    <SubTexture name="layer_029_png" x="2" y="2" width="184" height="99"/>
    <SubTexture name="layer_030_png" x="284" y="325" width="57" height="94"/>
    <SubTexture name="layer_031_png" x="344" y="138" width="63" height="85"/>
    <SubTexture name="layer_032_png" x="249" y="482" width="38" height="28"/>
    <SubTexture name="layer_033_png" x="468" y="171" width="40" height="33"/>
    <SubTexture name="layer_034_png" x="472" y="370" width="34" height="29"/>
    <SubTexture name="layer_035_png" x="349" y="293" width="57" height="17"/>
    <SubTexture name="layer_036_png" x="383" y="2" width="108" height="72"/>
    <SubTexture name="layer_037_png" x="255" y="113" width="67" height="116"/>
    <SubTexture name="layer_038_png" x="249" y="452" width="38" height="28"/>
    <SubTexture name="layer_039_png" x="289" y="454" width="40" height="33"/>
    <SubTexture name="layer_040_png" x="465" y="401" width="34" height="28"/>
    <SubTexture name="layer_041_png" x="219" y="325" width="63" height="96"/>
    <SubTexture name="layer_042_png" x="342" y="488" width="8" height="19"/>
    <SubTexture name="layer_043_png" x="481" y="76" width="10" height="23"/>
    <SubTexture name="layer_044_png" x="435" y="76" width="44" height="75"/>
    <SubTexture name="layer_045_png" x="433" y="212" width="30" height="11"/>
    <SubTexture name="layer_046_png" x="124" y="492" width="27" height="9"/>
    <SubTexture name="layer_047_png" x="473" y="337" width="37" height="31"/>
    <SubTexture name="layer_048_png" x="353" y="312" width="23" height="60"/>
    <SubTexture name="layer_049_png" x="219" y="423" width="69" height="27"/>
    <SubTexture name="layer_050_png" x="481" y="122" width="29" height="47"/>
    <SubTexture name="layer_051_png" x="333" y="421" width="17" height="65"/>
    <SubTexture name="layer_052_png" x="454" y="432" width="6" height="15"/>
    <SubTexture name="layer_053_png" x="439" y="432" width="13" height="28"/>
    <SubTexture name="layer_054_png" x="476" y="153" width="3" height="8"/>
    <SubTexture name="layer_055_png" x="476" y="163" width="3" height="4"/>
    <SubTexture name="layer_056_png" x="400" y="500" width="5" height="10"/>
    <SubTexture name="layer_057_png" x="2" y="453" width="5" height="2"/>
    <SubTexture name="layer_058_png" x="392" y="500" width="6" height="10"/>
    <SubTexture name="layer_059_png" x="468" y="153" width="6" height="12"/>
    <SubTexture name="layer_060_png" x="204" y="325" width="10" height="19"/>
    <SubTexture name="layer_061_png" x="153" y="457" width="94" height="52"/>
    <SubTexture name="layer_062_png" x="409" y="138" width="22" height="76"/>
    <SubTexture name="layer_063_png" x="38" y="437" width="8" height="18"/>
    <SubTexture name="layer_064_png" x="481" y="101" width="10" height="19"/>
    <SubTexture name="layer_065_png" x="460" y="369" width="6" height="6"/>
    <SubTexture name="layer_066_png" x="361" y="52" width="16" height="15"/>
    <SubTexture name="layer_067_png" x="147" y="103" width="8" height="4"/>
    <SubTexture name="layer_068_png" x="408" y="291" width="100" height="34"/>
    <SubTexture name="layer_069_png" x="322" y="52" width="37" height="20"/>
    <SubTexture name="layer_070_png" x="433" y="153" width="33" height="57"/>
    <SubTexture name="layer_071_png" x="2" y="437" width="34" height="14"/>
    <SubTexture name="layer_073_png" x="343" y="325" width="8" height="89"/>
    <SubTexture name="layer_074_png" x="378" y="369" width="80" height="6"/>
    <SubTexture name="layer_075_png" x="408" y="267" width="102" height="22"/>
    <SubTexture name="layer_076_png" x="378" y="327" width="111" height="8"/>
    <SubTexture name="layer_077_png" x="2" y="228" width="53" height="207"/>
    <SubTexture name="layer_078_png" x="324" y="76" width="18" height="144"/>
    <SubTexture name="layer_079_png" x="396" y="443" width="41" height="26"/>
    <SubTexture name="layer_080_png" x="408" y="225" width="102" height="40"/>
    <SubTexture name="layer_081_png" x="188" y="52" width="132" height="59"/>
</TextureAtlas>
