<?xml version="1.0" encoding="UTF-8"?>
<!-- Created with TexturePacker http://www.codeandweb.com/texturepacker-->
<!-- $TexturePacker:SmartUpdate:2522f7808b4c4ab80abbf5809b57793c:3b94dfb68a3de0cb3b2e1d4a842070ba:ee04cac1eef6d1f80a0c89b4b717a8ac$ -->
<TextureAtlas imagePath="1336_dragon_godzilla_3_HD_tweened_dxt5_map.dds" scale="1.01953125">
    <SubTexture name="SPAM_RearrangedBitmap1108492420" x="330" y="499" width="14" height="11"/>
    <SubTexture name="SPAM_RearrangedBitmap1367523273" x="471" y="378" width="26" height="22"/>
    <SubTexture name="SPAM_RearrangedBitmap137864230" x="460" y="402" width="24" height="26"/>
    <SubTexture name="SPAM_RearrangedBitmap1460491262" x="385" y="443" width="72" height="39"/>
    <SubTexture name="SPAM_RearrangedBitmap1480843407" x="287" y="89" width="109" height="72"/>
    <SubTexture name="SPAM_RearrangedBitmap1719514798" x="398" y="89" width="51" height="74"/>
    <SubTexture name="SPAM_RearrangedBitmap1999174357" x="161" y="264" width="105" height="72"/>
    <SubTexture name="SPAM_RearrangedBitmap2033936500" x="272" y="175" width="10" height="18"/>
    <SubTexture name="SPAM_RearrangedBitmap2036993849" x="353" y="236" width="19" height="29"/>
    <SubTexture name="SPAM_RearrangedBitmap2047459279" x="2" y="84" width="164" height="84"/>
    <SubTexture name="SPAM_RearrangedBitmap221535751" x="459" y="465" width="12" height="10"/>
    <SubTexture name="SPAM_RearrangedBitmap2276743883" x="460" y="430" width="18" height="17"/>
    <SubTexture name="SPAM_RearrangedBitmap2644396739" x="2" y="2" width="178" height="80"/>
    <SubTexture name="SPAM_RearrangedBitmap2712465977" x="249" y="338" width="61" height="85"/>
    <SubTexture name="SPAM_RearrangedBitmap2887173982" x="488" y="314" width="22" height="28"/>
    <SubTexture name="SPAM_RearrangedBitmap2916731039" x="70" y="392" width="85" height="93"/>
    <SubTexture name="SPAM_RearrangedBitmap3120623659" x="486" y="402" width="17" height="29"/>
    <SubTexture name="SPAM_RearrangedBitmap3192204169" x="124" y="293" width="29" height="40"/>
    <SubTexture name="SPAM_RearrangedBitmap3266007296" x="451" y="60" width="55" height="83"/>
    <SubTexture name="SPAM_RearrangedBitmap336129165" x="2" y="392" width="66" height="118"/>
    <SubTexture name="SPAM_RearrangedBitmap3365686014" x="157" y="338" width="90" height="91"/>
    <SubTexture name="SPAM_RearrangedBitmap3379191892" x="317" y="2" width="121" height="85"/>
    <SubTexture name="SPAM_RearrangedBitmap3438165101" x="447" y="308" width="16" height="37"/>
    <SubTexture name="SPAM_RearrangedBitmap4015424313" x="374" y="242" width="8" height="11"/>
    <SubTexture name="SPAM_RearrangedBitmap4180589013" x="374" y="165" width="74" height="75"/>
    <SubTexture name="SPAM_RearrangedBitmap4343062691" x="259" y="425" width="69" height="78"/>
    <SubTexture name="SPAM_RearrangedBitmap4381861515" x="312" y="334" width="6" height="6"/>
    <SubTexture name="SPAM_RearrangedBitmap4448921351" x="450" y="201" width="54" height="21"/>
    <SubTexture name="SPAM_RearrangedBitmap4488280891" x="346" y="499" width="12" height="10"/>
    <SubTexture name="SPAM_RearrangedBitmap4593516163" x="443" y="378" width="26" height="22"/>
    <SubTexture name="SPAM_RearrangedBitmap4832341694" x="460" y="145" width="50" height="28"/>
    <SubTexture name="SPAM_RearrangedBitmap4875768812" x="465" y="284" width="21" height="34"/>
    <SubTexture name="SPAM_RearrangedBitmap497046656" x="450" y="224" width="22" height="12"/>
    <SubTexture name="SPAM_RearrangedBitmap4996912126" x="320" y="267" width="62" height="77"/>
    <SubTexture name="SPAM_RearrangedBitmap5002211898" x="460" y="175" width="50" height="24"/>
    <SubTexture name="SPAM_RearrangedBitmap5155990106" x="120" y="487" width="26" height="23"/>
    <SubTexture name="SPAM_RearrangedBitmap5365343859" x="124" y="335" width="26" height="36"/>
    <SubTexture name="SPAM_RearrangedBitmap5533272844" x="436" y="242" width="69" height="40"/>
    <SubTexture name="SPAM_RearrangedBitmap5753226691" x="70" y="487" width="48" height="23"/>
    <SubTexture name="SPAM_RearrangedBitmap5865976571" x="384" y="242" width="50" height="65"/>
    <SubTexture name="SPAM_RearrangedBitmap6327636733" x="385" y="484" width="64" height="22"/>
    <SubTexture name="SPAM_RearrangedBitmap6337131813" x="463" y="350" width="24" height="26"/>
    <SubTexture name="SPAM_RearrangedBitmap6348509622" x="2" y="298" width="120" height="92"/>
    <SubTexture name="SPAM_RearrangedBitmap6499860077" x="436" y="284" width="27" height="22"/>
    <SubTexture name="SPAM_RearrangedBitmap6571412823" x="499" y="391" width="8" height="9"/>
    <SubTexture name="SPAM_RearrangedBitmap6695481756" x="443" y="347" width="18" height="29"/>
    <SubTexture name="SPAM_RearrangedBitmap6764154072" x="451" y="484" width="24" height="26"/>
    <SubTexture name="SPAM_RearrangedBitmap7170352206" x="109" y="293" width="6" height="3"/>
    <SubTexture name="SPAM_RearrangedBitmap7392535368" x="168" y="85" width="117" height="88"/>
    <SubTexture name="SPAM_RearrangedBitmap7410775021" x="384" y="309" width="61" height="35"/>
    <SubTexture name="SPAM_RearrangedBitmap7420626293" x="459" y="449" width="12" height="14"/>
    <SubTexture name="SPAM_RearrangedBitmap7505429200" x="312" y="346" width="72" height="76"/>
    <SubTexture name="SPAM_RearrangedBitmap7511609461" x="272" y="236" width="79" height="29"/>
    <SubTexture name="SPAM_RearrangedBitmap8100345608" x="499" y="375" width="11" height="14"/>
    <SubTexture name="SPAM_RearrangedBitmap8114151581" x="157" y="431" width="100" height="70"/>
    <SubTexture name="SPAM_RearrangedBitmap8171052536" x="488" y="284" width="22" height="28"/>
    <SubTexture name="SPAM_RearrangedBitmap8190105622" x="330" y="424" width="53" height="73"/>
    <SubTexture name="SPAM_RearrangedBitmap847788598" x="374" y="255" width="8" height="9"/>
    <SubTexture name="SPAM_RearrangedBitmap8551379558" x="124" y="373" width="22" height="17"/>
    <SubTexture name="SPAM_RearrangedBitmap8747431384" x="440" y="2" width="70" height="56"/>
    <SubTexture name="SPAM_RearrangedBitmap8919288738" x="474" y="224" width="18" height="13"/>
    <SubTexture name="SPAM_RearrangedBitmap8936739605" x="465" y="320" width="18" height="28"/>
    <SubTexture name="SPAM_RearrangedBitmap9028958628" x="386" y="346" width="55" height="54" frameX="0" frameY="0" frameWidth="61" frameHeight="56"/>
    <SubTexture name="SPAM_RearrangedBitmap916413907" x="2" y="170" width="105" height="126"/>
    <SubTexture name="SPAM_RearrangedBitmap9231633605" x="161" y="175" width="109" height="87"/>
    <SubTexture name="SPAM_RearrangedBitmap9344341644" x="109" y="170" width="50" height="121"/>
    <SubTexture name="SPAM_RearrangedBitmap9447372085" x="268" y="267" width="50" height="65"/>
    <SubTexture name="SPAM_RearrangedBitmap9497835560" x="489" y="344" width="17" height="29"/>
    <SubTexture name="SPAM_RearrangedBitmap9633963307" x="182" y="2" width="133" height="81"/>
    <SubTexture name="SPAM_RearrangedBitmap9758530224" x="386" y="402" width="72" height="39"/>
    <SubTexture name="SPAM_RearrangedBitmap9893897798" x="287" y="163" width="85" height="71"/>
    <SubTexture name="SPAM_RearrangedBitmap9998837646" x="312" y="334" width="6" height="6"/>
</TextureAtlas>
