<?xml version="1.0" encoding="UTF-8"?>
<!-- Created with TexturePacker http://www.codeandweb.com/texturepacker-->
<!-- $TexturePacker:SmartUpdate:191ab8ea37aafff41b08fd677368c5bb:45aa2f3865266592ea47f325bab49989:bb43d5a3a88a660e062596af064ad771$ -->
<TextureAtlas imagePath="1336_dragon_godzilla_3_HD_tweened_dxt5.dds" scale="1.6875">
    <SubTexture name="SPAM_RearrangedBitmap1101841976_fx" x="625" y="740" width="47" height="81"/>
    <SubTexture name="SPAM_RearrangedBitmap1108492420" x="406" y="581" width="23" height="18"/>
    <SubTexture name="SPAM_RearrangedBitmap1367523273" x="869" y="733" width="43" height="37"/>
    <SubTexture name="SPAM_RearrangedBitmap137864230" x="584" y="570" width="40" height="43"/>
    <SubTexture name="SPAM_RearrangedBitmap1383920362" x="401" y="787" width="25" height="52"/>
    <SubTexture name="SPAM_RearrangedBitmap1460491262" x="625" y="673" width="119" height="65"/>
    <SubTexture name="SPAM_RearrangedBitmap1480843407" x="271" y="241" width="180" height="119"/>
    <SubTexture name="SPAM_RearrangedBitmap1542957562_fx" x="658" y="137" width="96" height="91"/>
    <SubTexture name="SPAM_RearrangedBitmap1671734047_fx" x="2" y="759" width="138" height="37"/>
    <SubTexture name="SPAM_RearrangedBitmap1719514798" x="2" y="897" width="86" height="123"/>
    <SubTexture name="SPAM_RearrangedBitmap1894464784" x="406" y="601" width="20" height="64"/>
    <SubTexture name="SPAM_RearrangedBitmap1999174357" x="453" y="359" width="173" height="119"/>
    <SubTexture name="SPAM_RearrangedBitmap2003602352" x="928" y="496" width="92" height="60"/>
    <SubTexture name="SPAM_RearrangedBitmap2033936500" x="931" y="312" width="16" height="30"/>
    <SubTexture name="SPAM_RearrangedBitmap2036993849" x="884" y="592" width="32" height="48"/>
    <SubTexture name="SPAM_RearrangedBitmap2047459279" x="2" y="82" width="271" height="140"/>
    <SubTexture name="SPAM_RearrangedBitmap2109201241_fx" x="2" y="404" width="168" height="70"/>
    <SubTexture name="SPAM_RearrangedBitmap221535751" x="404" y="739" width="20" height="16"/>
    <SubTexture name="SPAM_RearrangedBitmap2217877906" x="649" y="331" width="102" height="129"/>
    <SubTexture name="SPAM_RearrangedBitmap2276743883" x="301" y="993" width="30" height="28"/>
    <SubTexture name="SPAM_RearrangedBitmap2644396739" x="459" y="2" width="295" height="133"/>
    <SubTexture name="SPAM_RearrangedBitmap2712465977" x="487" y="881" width="101" height="141"/>
    <SubTexture name="SPAM_RearrangedBitmap2887173982" x="260" y="848" width="37" height="47"/>
    <SubTexture name="SPAM_RearrangedBitmap29130765_fx" x="174" y="1007" width="54" height="8"/>
    <SubTexture name="SPAM_RearrangedBitmap2916731039" x="261" y="630" width="141" height="155"/>
    <SubTexture name="SPAM_RearrangedBitmap2943053712_fx" x="952" y="272" width="59" height="74"/>
    <SubTexture name="SPAM_RearrangedBitmap305330416" x="747" y="642" width="128" height="65"/>
    <SubTexture name="SPAM_RearrangedBitmap3120623659" x="824" y="898" width="28" height="48"/>
    <SubTexture name="SPAM_RearrangedBitmap3192204169" x="221" y="224" width="48" height="67"/>
    <SubTexture name="SPAM_RearrangedBitmap3266007296" x="931" y="348" width="91" height="138"/>
    <SubTexture name="SPAM_RearrangedBitmap3277260825" x="2" y="42" width="288" height="38"/>
    <SubTexture name="SPAM_RearrangedBitmap336129165" x="514" y="633" width="109" height="195"/>
    <SubTexture name="SPAM_RearrangedBitmap3365686014" x="432" y="480" width="150" height="151"/>
    <SubTexture name="SPAM_RearrangedBitmap3379191892" x="2" y="261" width="200" height="141"/>
    <SubTexture name="SPAM_RearrangedBitmap3438165101" x="995" y="884" width="27" height="62"/>
    <SubTexture name="SPAM_RearrangedBitmap3672508151_fx" x="404" y="667" width="20" height="52"/>
    <SubTexture name="SPAM_RearrangedBitmap3748446158" x="2" y="476" width="168" height="67"/>
    <SubTexture name="SPAM_RearrangedBitmap3758818261" x="2" y="224" width="217" height="35"/>
    <SubTexture name="SPAM_RearrangedBitmap3944694877_fx" x="979" y="64" width="43" height="60"/>
    <SubTexture name="SPAM_RearrangedBitmap4013989714_fx" x="204" y="445" width="54" height="8"/>
    <SubTexture name="SPAM_RearrangedBitmap4015424313" x="628" y="359" width="13" height="18"/>
    <SubTexture name="SPAM_RearrangedBitmap4077509624_fx" x="952" y="257" width="64" height="13"/>
    <SubTexture name="SPAM_RearrangedBitmap4180589013" x="628" y="462" width="123" height="124"/>
    <SubTexture name="SPAM_RearrangedBitmap4326876870_fx" x="2" y="545" width="151" height="92"/>
    <SubTexture name="SPAM_RearrangedBitmap4343062691" x="145" y="717" width="114" height="129"/>
    <SubTexture name="SPAM_RearrangedBitmap4381861515" x="447" y="42" width="10" height="10"/>
    <SubTexture name="SPAM_RearrangedBitmap4390946100" x="155" y="618" width="104" height="97"/>
    <SubTexture name="SPAM_RearrangedBitmap4448921351" x="172" y="458" width="89" height="35"/>
    <SubTexture name="SPAM_RearrangedBitmap4456335529_fx" x="262" y="897" width="119" height="94"/>
    <SubTexture name="SPAM_RearrangedBitmap4482183566_fx" x="711" y="916" width="111" height="91"/>
    <SubTexture name="SPAM_RearrangedBitmap4488280891" x="404" y="721" width="20" height="16"/>
    <SubTexture name="SPAM_RearrangedBitmap4593516163" x="877" y="694" width="43" height="37"/>
    <SubTexture name="SPAM_RearrangedBitmap4832341694" x="135" y="848" width="84" height="47"/>
    <SubTexture name="SPAM_RearrangedBitmap4875768812" x="364" y="787" width="35" height="57"/>
    <SubTexture name="SPAM_RearrangedBitmap497046656" x="590" y="1002" width="37" height="20"/>
    <SubTexture name="SPAM_RearrangedBitmap4996912126" x="383" y="890" width="102" height="128"/>
    <SubTexture name="SPAM_RearrangedBitmap5002211898" x="331" y="848" width="84" height="40"/>
    <SubTexture name="SPAM_RearrangedBitmap5026288318" x="453" y="292" width="194" height="65"/>
    <SubTexture name="SPAM_RearrangedBitmap5155990106" x="979" y="126" width="43" height="38"/>
    <SubTexture name="SPAM_RearrangedBitmap5265554453_fx" x="292" y="42" width="153" height="50"/>
    <SubTexture name="SPAM_RearrangedBitmap5365343859" x="979" y="2" width="43" height="60"/>
    <SubTexture name="SPAM_RearrangedBitmap5516101102_fx" x="914" y="744" width="108" height="69"/>
    <SubTexture name="SPAM_RearrangedBitmap5533272844" x="899" y="815" width="114" height="67"/>
    <SubTexture name="SPAM_RearrangedBitmap5556315498_fx" x="879" y="884" width="114" height="30"/>
    <SubTexture name="SPAM_RearrangedBitmap5584909574" x="2" y="2" width="455" height="38"/>
    <SubTexture name="SPAM_RearrangedBitmap5603749268_fx" x="952" y="166" width="70" height="89"/>
    <SubTexture name="SPAM_RearrangedBitmap5670693666" x="658" y="230" width="94" height="99"/>
    <SubTexture name="SPAM_RearrangedBitmap5753226691" x="417" y="841" width="81" height="38"/>
    <SubTexture name="SPAM_RearrangedBitmap5865976571" x="176" y="897" width="84" height="108"/>
    <SubTexture name="SPAM_RearrangedBitmap595760024_fx" x="626" y="588" width="123" height="16"/>
    <SubTexture name="SPAM_RearrangedBitmap6327636733" x="500" y="835" width="106" height="37"/>
    <SubTexture name="SPAM_RearrangedBitmap6337131813" x="584" y="525" width="40" height="43"/>
    <SubTexture name="SPAM_RearrangedBitmap6348509622" x="457" y="137" width="199" height="153"/>
    <SubTexture name="SPAM_RearrangedBitmap6499860077" x="608" y="830" width="45" height="37"/>
    <SubTexture name="SPAM_RearrangedBitmap6571412823" x="628" y="396" width="13" height="15"/>
    <SubTexture name="SPAM_RearrangedBitmap6576889203_fx" x="928" y="488" width="94" height="6"/>
    <SubTexture name="SPAM_RearrangedBitmap6695481756" x="655" y="823" width="30" height="48"/>
    <SubTexture name="SPAM_RearrangedBitmap669860168" x="877" y="642" width="48" height="50"/>
    <SubTexture name="SPAM_RearrangedBitmap6764154072" x="584" y="480" width="40" height="43"/>
    <SubTexture name="SPAM_RearrangedBitmap6983673924_fx" x="754" y="287" width="175" height="92"/>
    <SubTexture name="SPAM_RearrangedBitmap7170352206" x="447" y="54" width="10" height="5"/>
    <SubTexture name="SPAM_RearrangedBitmap7392535368" x="756" y="139" width="194" height="146"/>
    <SubTexture name="SPAM_RearrangedBitmap7410775021" x="261" y="787" width="101" height="59"/>
    <SubTexture name="SPAM_RearrangedBitmap7419318374_fx" x="204" y="261" width="13" height="37"/>
    <SubTexture name="SPAM_RearrangedBitmap7420626293" x="952" y="139" width="20" height="23"/>
    <SubTexture name="SPAM_RearrangedBitmap7505429200" x="590" y="874" width="119" height="126"/>
    <SubTexture name="SPAM_RearrangedBitmap7511609461" x="751" y="592" width="131" height="48"/>
    <SubTexture name="SPAM_RearrangedBitmap7895575093" x="204" y="300" width="64" height="79"/>
    <SubTexture name="SPAM_RearrangedBitmap8100345608" x="931" y="287" width="18" height="23"/>
    <SubTexture name="SPAM_RearrangedBitmap8114151581" x="263" y="463" width="167" height="116"/>
    <SubTexture name="SPAM_RearrangedBitmap8126970198" x="803" y="822" width="74" height="74"/>
    <SubTexture name="SPAM_RearrangedBitmap8171052536" x="221" y="848" width="37" height="47"/>
    <SubTexture name="SPAM_RearrangedBitmap8190105622" x="172" y="495" width="87" height="121"/>
    <SubTexture name="SPAM_RearrangedBitmap8405129396_fx" x="172" y="404" width="30" height="52"/>
    <SubTexture name="SPAM_RearrangedBitmap8449238453_fx" x="261" y="581" width="143" height="47"/>
    <SubTexture name="SPAM_RearrangedBitmap847788598" x="628" y="379" width="13" height="15"/>
    <SubTexture name="SPAM_RearrangedBitmap8551379558" x="262" y="993" width="37" height="28"/>
    <SubTexture name="SPAM_RearrangedBitmap8653180432_fx" x="674" y="740" width="75" height="79"/>
    <SubTexture name="SPAM_RearrangedBitmap8747431384" x="751" y="709" width="116" height="92"/>
    <SubTexture name="SPAM_RearrangedBitmap8919288738" x="333" y="993" width="30" height="21"/>
    <SubTexture name="SPAM_RearrangedBitmap8936739605" x="299" y="848" width="30" height="47"/>
    <SubTexture name="SPAM_RearrangedBitmap9028958628" x="928" y="558" width="91" height="90" frameX="0" frameY="0" frameWidth="101" frameHeight="92"/>
    <SubTexture name="SPAM_RearrangedBitmap9133181788" x="204" y="381" width="54" height="62"/>
    <SubTexture name="SPAM_RearrangedBitmap916413907" x="753" y="381" width="173" height="209"/>
    <SubTexture name="SPAM_RearrangedBitmap9231633605" x="275" y="94" width="180" height="145"/>
    <SubTexture name="SPAM_RearrangedBitmap9344341644" x="428" y="633" width="84" height="200"/>
    <SubTexture name="SPAM_RearrangedBitmap9447372085" x="90" y="897" width="84" height="108"/>
    <SubTexture name="SPAM_RearrangedBitmap9497835560" x="869" y="772" width="28" height="48"/>
    <SubTexture name="SPAM_RearrangedBitmap9627712336" x="270" y="362" width="168" height="99"/>
    <SubTexture name="SPAM_RearrangedBitmap9633963307" x="756" y="2" width="221" height="135"/>
    <SubTexture name="SPAM_RearrangedBitmap9649242495_fx" x="2" y="798" width="131" height="97"/>
    <SubTexture name="SPAM_RearrangedBitmap9708525171" x="927" y="650" width="74" height="92"/>
    <SubTexture name="SPAM_RearrangedBitmap9758530224" x="626" y="606" width="119" height="65"/>
    <SubTexture name="SPAM_RearrangedBitmap9893897798" x="2" y="639" width="141" height="118"/>
    <SubTexture name="SPAM_RearrangedBitmap9943812345_fx" x="687" y="821" width="114" height="50"/>
    <SubTexture name="SPAM_RearrangedBitmap9992403159_fx" x="90" y="1007" width="82" height="10"/>
    <SubTexture name="SPAM_RearrangedBitmap9998837646" x="447" y="42" width="10" height="10"/>
</TextureAtlas>
