<?xml version="1.0" encoding="UTF-8"?>
<!-- Created with TexturePacker http://www.codeandweb.com/texturepacker-->
<!-- $TexturePacker:SmartUpdate:6af3f779570660dd2493799033e5206d:d193a743fb53b929aacf9f513b220915:0ec2e0db9c98944227beea5d99267656$ -->
<TextureAtlas imagePath="2368_dragon_wind_1_HD_tweened_dxt5.dds" scale="1.625">
    <SubTexture name="SPAM_RearrangedBitmap1006995913" x="360" y="931" width="156" height="70" frameX="0" frameY="0" frameWidth="160" frameHeight="74"/>
    <SubTexture name="SPAM_RearrangedBitmap1101841976" x="701" y="921" width="76" height="65"/>
    <SubTexture name="SPAM_RearrangedBitmap1490119599" x="822" y="213" width="179" height="91" frameX="0" frameY="0" frameWidth="183" frameHeight="95"/>
    <SubTexture name="SPAM_RearrangedBitmap1542957562" x="633" y="157" width="187" height="152" frameX="0" frameY="0" frameWidth="191" frameHeight="154"/>
    <SubTexture name="SPAM_RearrangedBitmap1894464784" x="779" y="721" width="74" height="65"/>
    <SubTexture name="SPAM_RearrangedBitmap2989518749" x="838" y="128" width="182" height="83" frameX="0" frameY="0" frameWidth="186" frameHeight="87"/>
    <SubTexture name="SPAM_RearrangedBitmap3277260825" x="238" y="168" width="197" height="141" frameX="0" frameY="0" frameWidth="203" frameHeight="143"/>
    <SubTexture name="SPAM_RearrangedBitmap3758818261" x="639" y="2" width="197" height="153" frameX="0" frameY="0" frameWidth="201" frameHeight="157"/>
    <SubTexture name="SPAM_RearrangedBitmap4482183566" x="158" y="810" width="155" height="152" frameX="0" frameY="0" frameWidth="159" frameHeight="156"/>
    <SubTexture name="SPAM_RearrangedBitmap5377896167" x="184" y="561" width="192" height="85" frameX="0" frameY="0" frameWidth="196" frameHeight="87"/>
    <SubTexture name="SPAM_RearrangedBitmap5584909574" x="433" y="2" width="204" height="147" frameX="0" frameY="0" frameWidth="206" frameHeight="149"/>
    <SubTexture name="SPAM_RearrangedBitmap5670693666" x="581" y="722" width="140" height="98" frameX="0" frameY="0" frameWidth="144" frameHeight="104"/>
    <SubTexture name="SPAM_RearrangedBitmap6292116069" x="808" y="519" width="163" height="76" frameX="0" frameY="0" frameWidth="169" frameHeight="82"/>
    <SubTexture name="SPAM_RearrangedBitmap669860168" x="184" y="423" width="195" height="136" frameX="0" frameY="0" frameWidth="201" frameHeight="138"/>
    <SubTexture name="SPAM_RearrangedBitmap6771352062" x="808" y="417" width="179" height="100" frameX="0" frameY="0" frameWidth="183" frameHeight="102"/>
    <SubTexture name="SPAM_RearrangedBitmap7419318374" x="488" y="748" width="64" height="51" frameX="0" frameY="-7" frameWidth="68" frameHeight="63"/>
    <SubTexture name="SPAM_RearrangedBitmap7895575093" x="445" y="303" width="168" height="115" frameX="0" frameY="0" frameWidth="170" frameHeight="117"/>
    <SubTexture name="SPAM_RearrangedBitmap8126970198" x="581" y="822" width="128" height="95" frameX="0" frameY="0" frameWidth="134" frameHeight="97"/>
    <SubTexture name="SPAM_RearrangedBitmap8653180432" x="437" y="151" width="194" height="150" frameX="0" frameY="0" frameWidth="198" frameHeight="152"/>
    <SubTexture name="SPAM_RearrangedBitmap8695154848" x="615" y="412" width="191" height="108" frameX="0" frameY="0" frameWidth="195" frameHeight="110"/>
    <SubTexture name="SPAM_RearrangedBitmap9133181788" x="838" y="2" width="184" height="124" frameX="0" frameY="0" frameWidth="188" frameHeight="130"/>
    <SubTexture name="SPAM_RearrangedBitmap9645380225" x="581" y="522" width="177" height="82" frameX="0" frameY="0" frameWidth="183" frameHeight="84"/>
    <SubTexture name="SPAM_RearrangedBitmap9649242495" x="581" y="606" width="145" height="114" frameX="0" frameY="0" frameWidth="149" frameHeight="118"/>
    <SubTexture name="SPAM_RearrangedBitmap9708525171" x="838" y="306" width="163" height="109" frameX="0" frameY="0" frameWidth="167" frameHeight="113"/>
    <SubTexture name="layer_001_png" x="2" y="978" width="66" height="29"/>
    <SubTexture name="layer_002_png" x="723" y="722" width="45" height="91"/>
    <SubTexture name="layer_003_png" x="560" y="592" width="16" height="27"/>
    <SubTexture name="layer_004_png" x="943" y="806" width="35" height="16"/>
    <SubTexture name="layer_005_png" x="350" y="1003" width="53" height="19"/>
    <SubTexture name="layer_006_png" x="952" y="694" width="22" height="53"/>
    <SubTexture name="layer_007_png" x="554" y="748" width="24" height="48"/>
    <SubTexture name="layer_008_png" x="992" y="896" width="30" height="29"/>
    <SubTexture name="layer_009_png" x="444" y="648" width="42" height="151"/>
    <SubTexture name="layer_010_png" x="378" y="581" width="84" height="65"/>
    <SubTexture name="layer_011_png" x="518" y="920" width="74" height="97"/>
    <SubTexture name="layer_012_png" x="711" y="822" width="63" height="97"/>
    <SubTexture name="layer_013_png" x="845" y="986" width="43" height="32"/>
    <SubTexture name="layer_014_png" x="970" y="639" width="35" height="37"/>
    <SubTexture name="layer_015_png" x="70" y="978" width="48" height="35"/>
    <SubTexture name="layer_016_png" x="746" y="988" width="47" height="34"/>
    <SubTexture name="layer_017_png" x="646" y="981" width="48" height="35"/>
    <SubTexture name="layer_018_png" x="159" y="964" width="45" height="48"/>
    <SubTexture name="layer_019_png" x="970" y="597" width="35" height="40"/>
    <SubTexture name="layer_020_png" x="120" y="978" width="37" height="37"/>
    <SubTexture name="layer_021_png" x="760" y="522" width="40" height="58"/>
    <SubTexture name="layer_022_png" x="381" y="423" width="86" height="156"/>
    <SubTexture name="layer_023_png" x="360" y="809" width="99" height="120"/>
    <SubTexture name="layer_024_png" x="176" y="648" width="165" height="160"/>
    <SubTexture name="layer_025_png" x="2" y="601" width="172" height="182"/>
    <SubTexture name="layer_026_png" x="238" y="2" width="193" height="164"/>
    <SubTexture name="layer_027_png" x="343" y="648" width="99" height="159"/>
    <SubTexture name="layer_028_png" x="229" y="311" width="214" height="110"/>
    <SubTexture name="layer_029_png" x="469" y="420" width="110" height="170"/>
    <SubTexture name="layer_030_png" x="2" y="377" width="180" height="222"/>
    <SubTexture name="layer_031_png" x="2" y="785" width="154" height="191"/>
    <SubTexture name="layer_032_png" x="2" y="190" width="225" height="185"/>
    <SubTexture name="layer_033_png" x="2" y="2" width="234" height="186"/>
    <SubTexture name="layer_034_png" x="846" y="906" width="60" height="55"/>
    <SubTexture name="layer_035_png" x="253" y="964" width="35" height="45"/>
    <SubTexture name="layer_036_png" x="989" y="417" width="22" height="61"/>
    <SubTexture name="layer_037_png" x="908" y="906" width="30" height="68"/>
    <SubTexture name="layer_038_png" x="594" y="981" width="50" height="40"/>
    <SubTexture name="layer_039_png" x="943" y="752" width="79" height="52"/>
    <SubTexture name="layer_040_png" x="776" y="788" width="74" height="86"/>
    <SubTexture name="layer_041_png" x="779" y="876" width="65" height="82"/>
    <SubTexture name="layer_042_png" x="936" y="825" width="56" height="69"/>
    <SubTexture name="layer_043_png" x="980" y="806" width="13" height="17"/>
    <SubTexture name="layer_044_png" x="461" y="801" width="118" height="117"/>
    <SubTexture name="layer_045_png" x="581" y="462" width="32" height="34"/>
    <SubTexture name="layer_046_png" x="940" y="946" width="53" height="45"/>
    <SubTexture name="layer_047_png" x="581" y="498" width="22" height="14"/>
    <SubTexture name="layer_048_png" x="350" y="969" width="8" height="8"/>
    <SubTexture name="layer_049_png" x="855" y="694" width="95" height="56"/>
    <SubTexture name="layer_050_png" x="728" y="606" width="125" height="113"/>
    <SubTexture name="layer_051_png" x="855" y="597" width="113" height="95"/>
    <SubTexture name="layer_052_png" x="852" y="825" width="82" height="79"/>
    <SubTexture name="layer_053_png" x="926" y="993" width="37" height="27"/>
    <SubTexture name="layer_054_png" x="615" y="311" width="221" height="99"/>
    <SubTexture name="layer_055_png" x="973" y="519" width="27" height="69"/>
    <SubTexture name="layer_056_png" x="464" y="592" width="94" height="45"/>
    <SubTexture name="layer_057_png" x="995" y="806" width="27" height="16"/>
    <SubTexture name="layer_058_png" x="760" y="582" width="37" height="16"/>
    <SubTexture name="layer_059_png" x="836" y="963" width="53" height="21"/>
    <SubTexture name="layer_060_png" x="779" y="960" width="55" height="26"/>
    <SubTexture name="layer_061_png" x="290" y="964" width="22" height="50"/>
    <SubTexture name="layer_062_png" x="581" y="420" width="32" height="40"/>
    <SubTexture name="layer_063_png" x="315" y="810" width="43" height="157"/>
    <SubTexture name="layer_064_png" x="594" y="919" width="105" height="60"/>
    <SubTexture name="layer_065_png" x="488" y="639" width="74" height="107"/>
    <SubTexture name="layer_066_png" x="855" y="752" width="86" height="71"/>
    <SubTexture name="layer_067_png" x="314" y="969" width="34" height="42"/>
    <SubTexture name="layer_068_png" x="184" y="377" width="43" height="39"/>
    <SubTexture name="layer_069_png" x="976" y="717" width="42" height="26"/>
    <SubTexture name="layer_070_png" x="890" y="986" width="34" height="32"/>
    <SubTexture name="layer_071_png" x="795" y="993" width="48" height="29"/>
    <SubTexture name="layer_072_png" x="976" y="678" width="39" height="37"/>
    <SubTexture name="layer_073_png" x="696" y="988" width="48" height="34"/>
    <SubTexture name="layer_074_png" x="206" y="964" width="45" height="45"/>
    <SubTexture name="layer_075_png" x="940" y="896" width="50" height="48"/>
</TextureAtlas>
