<?xml version="1.0" encoding="UTF-8"?>
<!-- Created with TexturePacker http://www.codeandweb.com/texturepacker-->
<!-- $TexturePacker:SmartUpdate:3b32cfb69d7f9c3514eb07e63139b479:8ea3104a772616ccd659ff483fcf22d9:8fd18e4b5e24eddd1b607e790e7e6b77$ -->
<TextureAtlas imagePath="2368_dragon_wind_1_HD_tweened_dxt5_map.dds" scale="1.080078125">
    <SubTexture name="layer_001_png" x="420" y="418" width="44" height="19"/>
    <SubTexture name="layer_002_png" x="255" y="450" width="30" height="60"/>
    <SubTexture name="layer_003_png" x="186" y="267" width="10" height="18"/>
    <SubTexture name="layer_004_png" x="336" y="293" width="23" height="10"/>
    <SubTexture name="layer_005_png" x="218" y="456" width="35" height="12"/>
    <SubTexture name="layer_006_png" x="202" y="472" width="15" height="35"/>
    <SubTexture name="layer_007_png" x="289" y="234" width="16" height="32"/>
    <SubTexture name="layer_008_png" x="432" y="144" width="20" height="19"/>
    <SubTexture name="layer_009_png" x="338" y="386" width="28" height="100"/>
    <SubTexture name="layer_010_png" x="428" y="341" width="56" height="43"/>
    <SubTexture name="layer_011_png" x="369" y="374" width="49" height="64"/>
    <SubTexture name="layer_012_png" x="369" y="440" width="42" height="64"/>
    <SubTexture name="layer_013_png" x="338" y="488" width="29" height="21"/>
    <SubTexture name="layer_014_png" x="483" y="387" width="23" height="24"/>
    <SubTexture name="layer_015_png" x="36" y="487" width="32" height="23"/>
    <SubTexture name="layer_016_png" x="104" y="487" width="31" height="22"/>
    <SubTexture name="layer_017_png" x="2" y="487" width="32" height="23"/>
    <SubTexture name="layer_018_png" x="327" y="309" width="30" height="32"/>
    <SubTexture name="layer_019_png" x="214" y="238" width="23" height="27"/>
    <SubTexture name="layer_020_png" x="486" y="341" width="24" height="24"/>
    <SubTexture name="layer_021_png" x="173" y="309" width="27" height="38"/>
    <SubTexture name="layer_022_png" x="279" y="344" width="57" height="103"/>
    <SubTexture name="layer_023_png" x="361" y="293" width="65" height="79"/>
    <SubTexture name="layer_024_png" x="2" y="250" width="110" height="106"/>
    <SubTexture name="layer_025_png" x="2" y="128" width="114" height="120"/>
    <SubTexture name="layer_026_png" x="159" y="127" width="128" height="109"/>
    <SubTexture name="layer_027_png" x="181" y="349" width="65" height="105"/>
    <SubTexture name="layer_028_png" x="311" y="69" width="142" height="73"/>
    <SubTexture name="layer_029_png" x="106" y="358" width="73" height="113"/>
    <SubTexture name="layer_030_png" x="311" y="144" width="119" height="147"/>
    <SubTexture name="layer_031_png" x="2" y="358" width="102" height="127"/>
    <SubTexture name="layer_032_png" x="159" y="2" width="150" height="123"/>
    <SubTexture name="layer_033_png" x="2" y="2" width="155" height="124"/>
    <SubTexture name="layer_034_png" x="118" y="128" width="39" height="36"/>
    <SubTexture name="layer_035_png" x="458" y="386" width="23" height="30"/>
    <SubTexture name="layer_036_png" x="338" y="343" width="15" height="41"/>
    <SubTexture name="layer_037_png" x="289" y="127" width="20" height="45"/>
    <SubTexture name="layer_038_png" x="179" y="238" width="33" height="27"/>
    <SubTexture name="layer_039_png" x="455" y="129" width="52" height="34"/>
    <SubTexture name="layer_040_png" x="287" y="449" width="49" height="57"/>
    <SubTexture name="layer_041_png" x="413" y="440" width="43" height="55"/>
    <SubTexture name="layer_042_png" x="118" y="166" width="37" height="46"/>
    <SubTexture name="layer_043_png" x="106" y="473" width="8" height="11"/>
    <SubTexture name="layer_044_png" x="432" y="165" width="78" height="77"/>
    <SubTexture name="layer_045_png" x="287" y="291" width="21" height="22"/>
    <SubTexture name="layer_046_png" x="118" y="233" width="35" height="30"/>
    <SubTexture name="layer_047_png" x="116" y="473" width="15" height="9"/>
    <SubTexture name="layer_048_png" x="173" y="349" width="5" height="5"/>
    <SubTexture name="layer_049_png" x="137" y="473" width="63" height="37"/>
    <SubTexture name="layer_050_png" x="202" y="267" width="83" height="75"/>
    <SubTexture name="layer_051_png" x="432" y="244" width="75" height="63"/>
    <SubTexture name="layer_052_png" x="455" y="75" width="55" height="52"/>
    <SubTexture name="layer_053_png" x="486" y="367" width="24" height="18"/>
    <SubTexture name="layer_054_png" x="311" y="2" width="146" height="65"/>
    <SubTexture name="layer_055_png" x="289" y="174" width="18" height="46"/>
    <SubTexture name="layer_056_png" x="428" y="309" width="62" height="30"/>
    <SubTexture name="layer_057_png" x="289" y="222" width="18" height="10"/>
    <SubTexture name="layer_058_png" x="310" y="293" width="24" height="10"/>
    <SubTexture name="layer_059_png" x="181" y="456" width="35" height="14"/>
    <SubTexture name="layer_060_png" x="118" y="214" width="36" height="17"/>
    <SubTexture name="layer_061_png" x="310" y="309" width="15" height="33"/>
    <SubTexture name="layer_062_png" x="239" y="238" width="21" height="27"/>
    <SubTexture name="layer_063_png" x="248" y="344" width="29" height="104"/>
    <SubTexture name="layer_064_png" x="114" y="268" width="70" height="39"/>
    <SubTexture name="layer_065_png" x="459" y="2" width="49" height="71"/>
    <SubTexture name="layer_066_png" x="114" y="309" width="57" height="47"/>
    <SubTexture name="layer_067_png" x="155" y="238" width="22" height="28"/>
    <SubTexture name="layer_068_png" x="458" y="439" width="29" height="25"/>
    <SubTexture name="layer_069_png" x="458" y="466" width="28" height="17"/>
    <SubTexture name="layer_070_png" x="287" y="268" width="22" height="21"/>
    <SubTexture name="layer_071_png" x="466" y="418" width="32" height="19"/>
    <SubTexture name="layer_072_png" x="262" y="238" width="25" height="24"/>
    <SubTexture name="layer_073_png" x="70" y="487" width="32" height="22"/>
    <SubTexture name="layer_074_png" x="420" y="386" width="30" height="30"/>
    <SubTexture name="layer_075_png" x="219" y="470" width="33" height="32"/>
</TextureAtlas>
