<?xml version="1.0" encoding="UTF-8"?>
<!-- Created with TexturePacker http://www.codeandweb.com/texturepacker-->
<!-- $TexturePacker:SmartUpdate:96ee56f3d7387b9f0c63c2b47bdf296b:e096a742cbbd8c02d5b4d610e300ee36:4700a05fc25ef7fd69dd3875f5e8febe$ -->
<TextureAtlas imagePath="1921_dragon_arsonist_1_HD_tweened_dxt5_map.dds" scale="1.21630859375">
    <SubTexture name="SPAM_RearrangedBitmap1006995913_fx" x="382" y="412" width="22" height="30" frameX="-4" frameY="-3" frameWidth="38" frameHeight="46"/>
    <SubTexture name="SPAM_RearrangedBitmap1026128579_fx" x="357" y="412" width="23" height="30" frameX="-6" frameY="-4" frameWidth="41" frameHeight="46"/>
    <SubTexture name="SPAM_RearrangedBitmap1101841976_fx" x="486" y="270" width="24" height="29" frameX="-4" frameY="-4" frameWidth="40" frameHeight="45"/>
    <SubTexture name="SPAM_RearrangedBitmap1236621671_fx" x="359" y="444" width="23" height="28" frameX="-7" frameY="-7" frameWidth="41" frameHeight="46"/>
    <SubTexture name="SPAM_RearrangedBitmap1490119599_fx" x="484" y="437" width="24" height="27" frameX="-4" frameY="-5" frameWidth="40" frameHeight="45"/>
    <SubTexture name="SPAM_RearrangedBitmap1894464784_fx" x="460" y="406" width="25" height="27" frameX="-5" frameY="-5" frameWidth="41" frameHeight="45"/>
    <SubTexture name="SPAM_RearrangedBitmap2943053712_fx" x="384" y="444" width="22" height="29" frameX="-6" frameY="-4" frameWidth="40" frameHeight="45"/>
    <SubTexture name="SPAM_RearrangedBitmap3672508151_fx" x="458" y="435" width="24" height="27" frameX="-4" frameY="-6" frameWidth="40" frameHeight="45"/>
    <SubTexture name="SPAM_RearrangedBitmap3944694877_fx" x="333" y="445" width="24" height="27" frameX="-5" frameY="-3" frameWidth="40" frameHeight="43"/>
    <SubTexture name="SPAM_RearrangedBitmap3996843562_fx" x="397" y="475" width="22" height="28" frameX="-10" frameY="-9" frameWidth="42" frameHeight="48"/>
    <SubTexture name="SPAM_RearrangedBitmap4950982043_fx" x="433" y="435" width="23" height="29" frameX="-7" frameY="-7" frameWidth="41" frameHeight="47"/>
    <SubTexture name="SPAM_RearrangedBitmap5076510266_fx" x="373" y="475" width="22" height="28" frameX="-8" frameY="-7" frameWidth="42" frameHeight="46"/>
    <SubTexture name="SPAM_RearrangedBitmap6292116069_fx" x="386" y="344" width="23" height="25" frameX="-8" frameY="-13" frameWidth="43" frameHeight="49"/>
    <SubTexture name="SPAM_RearrangedBitmap6511328016_fx" x="408" y="435" width="23" height="29" frameX="-6" frameY="-7" frameWidth="41" frameHeight="47"/>
    <SubTexture name="SPAM_RearrangedBitmap663513224_fx" x="484" y="334" width="23" height="30" frameX="-7" frameY="-8" frameWidth="41" frameHeight="48"/>
    <SubTexture name="SPAM_RearrangedBitmap6871806784_fx" x="444" y="466" width="21" height="27" frameX="-10" frameY="-8" frameWidth="43" frameHeight="47"/>
    <SubTexture name="SPAM_RearrangedBitmap7387235996_fx" x="333" y="413" width="22" height="30" frameX="-8" frameY="-7" frameWidth="42" frameHeight="48"/>
    <SubTexture name="SPAM_RearrangedBitmap7419318374_fx" x="433" y="405" width="25" height="28" frameX="-5" frameY="-6" frameWidth="41" frameHeight="46"/>
    <SubTexture name="SPAM_RearrangedBitmap8405129396_fx" x="406" y="405" width="25" height="28" frameX="-5" frameY="-6" frameWidth="41" frameHeight="46"/>
    <SubTexture name="SPAM_RearrangedBitmap9443806021_fx" x="487" y="406" width="23" height="29" frameX="-7" frameY="-5" frameWidth="41" frameHeight="45"/>
    <SubTexture name="SPAM_RearrangedBitmap9496328720_fx" x="421" y="466" width="21" height="30" frameX="-8" frameY="-8" frameWidth="41" frameHeight="48"/>
    <SubTexture name="SPAM_RearrangedBitmap9645380225_fx" x="346" y="474" width="25" height="28" frameX="-11" frameY="-9" frameWidth="47" frameHeight="48"/>
    <SubTexture name="SPAM_RearrangedBitmap9778228021_fx" x="486" y="239" width="24" height="29" frameX="-8" frameY="-8" frameWidth="42" frameHeight="47"/>
    <SubTexture name="layer_001_png" x="94" y="338" width="103" height="45"/>
    <SubTexture name="layer_002_png" x="274" y="447" width="57" height="25"/>
    <SubTexture name="layer_003_png" x="386" y="302" width="26" height="40"/>
    <SubTexture name="layer_004_png" x="469" y="101" width="29" height="49"/>
    <SubTexture name="layer_005_png" x="196" y="475" width="63" height="35"/>
    <SubTexture name="layer_006_png" x="303" y="236" width="87" height="64"/>
    <SubTexture name="layer_007_png" x="255" y="312" width="82" height="51"/>
    <SubTexture name="layer_008_png" x="420" y="163" width="48" height="75"/>
    <SubTexture name="layer_009_png" x="255" y="225" width="46" height="85"/>
    <SubTexture name="layer_010_png" x="261" y="475" width="35" height="35"/>
    <SubTexture name="layer_011_png" x="448" y="339" width="34" height="31"/>
    <SubTexture name="layer_012_png" x="428" y="372" width="36" height="31"/>
    <SubTexture name="layer_013_png" x="414" y="299" width="35" height="38"/>
    <SubTexture name="layer_014_png" x="468" y="59" width="34" height="40"/>
    <SubTexture name="layer_015_png" x="156" y="473" width="38" height="37"/>
    <SubTexture name="layer_016_png" x="339" y="302" width="45" height="68"/>
    <SubTexture name="layer_017_png" x="339" y="372" width="51" height="38"/>
    <SubTexture name="layer_018_png" x="156" y="385" width="57" height="86"/>
    <SubTexture name="layer_019_png" x="2" y="383" width="76" height="115"/>
    <SubTexture name="layer_020_png" x="369" y="2" width="97" height="100"/>
    <SubTexture name="layer_021_png" x="149" y="134" width="81" height="108"/>
    <SubTexture name="layer_022_png" x="80" y="385" width="74" height="103"/>
    <SubTexture name="layer_023_png" x="242" y="102" width="93" height="42"/>
    <SubTexture name="layer_024_png" x="298" y="474" width="46" height="32"/>
    <SubTexture name="layer_025_png" x="470" y="152" width="25" height="49"/>
    <SubTexture name="layer_026_png" x="215" y="448" width="57" height="25"/>
    <SubTexture name="layer_027_png" x="265" y="413" width="66" height="32"/>
    <SubTexture name="layer_028_png" x="392" y="240" width="92" height="57"/>
    <SubTexture name="layer_029_png" x="327" y="163" width="91" height="71"/>
    <SubTexture name="layer_030_png" x="2" y="134" width="145" height="104"/>
    <SubTexture name="layer_031_png" x="199" y="244" width="54" height="119"/>
    <SubTexture name="layer_032_png" x="2" y="2" width="238" height="130"/>
    <SubTexture name="layer_033_png" x="2" y="240" width="90" height="141"/>
    <SubTexture name="layer_034_png" x="94" y="244" width="103" height="92"/>
    <SubTexture name="layer_035_png" x="232" y="146" width="93" height="77"/>
    <SubTexture name="layer_036_png" x="242" y="2" width="125" height="98"/>
    <SubTexture name="layer_037_png" x="337" y="104" width="130" height="57"/>
    <SubTexture name="layer_038_png" x="215" y="365" width="48" height="81"/>
    <SubTexture name="layer_039_png" x="265" y="365" width="72" height="46"/>
    <SubTexture name="layer_040_png" x="468" y="2" width="40" height="55"/>
    <SubTexture name="layer_041_png" x="414" y="339" width="32" height="30"/>
    <SubTexture name="layer_042_png" x="482" y="301" width="27" height="31"/>
    <SubTexture name="layer_043_png" x="392" y="371" width="34" height="32"/>
    <SubTexture name="layer_044_png" x="451" y="299" width="29" height="38"/>
    <SubTexture name="layer_045_png" x="466" y="372" width="31" height="32"/>
    <SubTexture name="layer_046_png" x="470" y="203" width="30" height="34"/>
</TextureAtlas>
