<?xml version="1.0" encoding="UTF-8"?>
<!-- Created with TexturePacker http://www.codeandweb.com/texturepacker-->
<!-- $TexturePacker:SmartUpdate:82b3b7c53b98f5a716ac9a9b2135e069:4a29cbd20aa6f6a16836aaea8e825555:0ad07905f1f3dff6352c76aa981b0e1b$ -->
<TextureAtlas imagePath="1921_dragon_arsonist_1_HD_tweened_dxt5.dds" scale="1.13623046875">
    <SubTexture name="SPAM_RearrangedBitmap1006995913_fx" x="488" y="437" width="22" height="27" frameX="-3" frameY="-4" frameWidth="36" frameHeight="43"/>
    <SubTexture name="SPAM_RearrangedBitmap1026128579_fx" x="338" y="468" width="22" height="29" frameX="-5" frameY="-3" frameWidth="38" frameHeight="43"/>
    <SubTexture name="SPAM_RearrangedBitmap1101841976_fx" x="407" y="462" width="21" height="26" frameX="-5" frameY="-4" frameWidth="37" frameHeight="42"/>
    <SubTexture name="SPAM_RearrangedBitmap1236621671_fx" x="325" y="409" width="20" height="25" frameX="-8" frameY="-8" frameWidth="38" frameHeight="43"/>
    <SubTexture name="SPAM_RearrangedBitmap1490119599_fx" x="435" y="439" width="23" height="26" frameX="-3" frameY="-4" frameWidth="37" frameHeight="42"/>
    <SubTexture name="SPAM_RearrangedBitmap1542957562" x="217" y="437" width="47" height="29"/>
    <SubTexture name="SPAM_RearrangedBitmap1894464784_fx" x="393" y="343" width="24" height="26" frameX="-4" frameY="-4" frameWidth="38" frameHeight="42"/>
    <SubTexture name="SPAM_RearrangedBitmap2943053712_fx" x="489" y="348" width="21" height="28" frameX="-5" frameY="-3" frameWidth="37" frameHeight="42"/>
    <SubTexture name="SPAM_RearrangedBitmap3277260825" x="372" y="222" width="44" height="80" frameX="-3" frameY="-4" frameWidth="56" frameHeight="96"/>
    <SubTexture name="SPAM_RearrangedBitmap3672508151_fx" x="362" y="468" width="21" height="26" frameX="-5" frameY="-5" frameWidth="37" frameHeight="42"/>
    <SubTexture name="SPAM_RearrangedBitmap3758818261" x="327" y="358" width="34" height="42" frameX="-6" frameY="-7" frameWidth="52" frameHeight="60"/>
    <SubTexture name="SPAM_RearrangedBitmap3944694877_fx" x="410" y="434" width="23" height="26" frameX="-4" frameY="-2" frameWidth="37" frameHeight="40"/>
    <SubTexture name="SPAM_RearrangedBitmap3996843562_fx" x="344" y="439" width="21" height="27" frameX="-9" frameY="-8" frameWidth="39" frameHeight="45"/>
    <SubTexture name="SPAM_RearrangedBitmap4950982043_fx" x="474" y="467" width="20" height="26" frameX="-8" frameY="-8" frameWidth="38" frameHeight="44"/>
    <SubTexture name="SPAM_RearrangedBitmap5076510266_fx" x="389" y="430" width="19" height="25" frameX="-9" frameY="-8" frameWidth="39" frameHeight="43"/>
    <SubTexture name="SPAM_RearrangedBitmap5584909574" x="326" y="309" width="40" height="47" frameX="-4" frameY="-4" frameWidth="54" frameHeight="61"/>
    <SubTexture name="SPAM_RearrangedBitmap5670693666" x="264" y="359" width="35" height="75" frameX="-4" frameY="-4" frameWidth="47" frameHeight="89"/>
    <SubTexture name="SPAM_RearrangedBitmap6292116069_fx" x="452" y="467" width="20" height="24" frameX="-9" frameY="-12" frameWidth="40" frameHeight="46"/>
    <SubTexture name="SPAM_RearrangedBitmap6511328016_fx" x="488" y="407" width="22" height="28" frameX="-5" frameY="-6" frameWidth="38" frameHeight="44"/>
    <SubTexture name="SPAM_RearrangedBitmap663513224_fx" x="464" y="410" width="22" height="27" frameX="-6" frameY="-8" frameWidth="38" frameHeight="45"/>
    <SubTexture name="SPAM_RearrangedBitmap669860168" x="351" y="139" width="45" height="81" frameX="-4" frameY="-4" frameWidth="57" frameHeight="95"/>
    <SubTexture name="SPAM_RearrangedBitmap6871806784_fx" x="430" y="467" width="20" height="24" frameX="-9" frameY="-9" frameWidth="40" frameHeight="44"/>
    <SubTexture name="SPAM_RearrangedBitmap7387235996_fx" x="489" y="378" width="21" height="27" frameX="-7" frameY="-8" frameWidth="39" frameHeight="45"/>
    <SubTexture name="SPAM_RearrangedBitmap7419318374_fx" x="438" y="410" width="24" height="27" frameX="-4" frameY="-5" frameWidth="38" frameHeight="43"/>
    <SubTexture name="SPAM_RearrangedBitmap7895575093" x="326" y="222" width="44" height="85" frameX="-3" frameY="-4" frameWidth="56" frameHeight="97"/>
    <SubTexture name="SPAM_RearrangedBitmap8126970198" x="301" y="359" width="24" height="48" frameX="-4" frameY="-4" frameWidth="36" frameHeight="60"/>
    <SubTexture name="SPAM_RearrangedBitmap8405129396_fx" x="301" y="409" width="22" height="25" frameX="-6" frameY="-6" frameWidth="38" frameHeight="43"/>
    <SubTexture name="SPAM_RearrangedBitmap8653180432" x="463" y="211" width="47" height="47"/>
    <SubTexture name="SPAM_RearrangedBitmap9133181788" x="88" y="224" width="46" height="85" frameX="-3" frameY="-3" frameWidth="56" frameHeight="97"/>
    <SubTexture name="SPAM_RearrangedBitmap9443806021_fx" x="385" y="467" width="20" height="26" frameX="-8" frameY="-6" frameWidth="38" frameHeight="42"/>
    <SubTexture name="SPAM_RearrangedBitmap9496328720_fx" x="367" y="434" width="20" height="27" frameX="-7" frameY="-8" frameWidth="38" frameHeight="45"/>
    <SubTexture name="SPAM_RearrangedBitmap9645380225_fx" x="393" y="371" width="24" height="27" frameX="-10" frameY="-8" frameWidth="44" frameHeight="45"/>
    <SubTexture name="SPAM_RearrangedBitmap9708525171" x="287" y="214" width="37" height="89" frameX="-3" frameY="-3" frameWidth="49" frameHeight="103"/>
    <SubTexture name="SPAM_RearrangedBitmap9778228021_fx" x="460" y="439" width="21" height="26" frameX="-8" frameY="-8" frameWidth="39" frameHeight="44"/>
    <SubTexture name="layer_001_png" x="226" y="96" width="96" height="42"/>
    <SubTexture name="layer_002_png" x="453" y="323" width="53" height="23"/>
    <SubTexture name="layer_003_png" x="393" y="304" width="24" height="37"/>
    <SubTexture name="layer_004_png" x="477" y="162" width="27" height="46"/>
    <SubTexture name="layer_005_png" x="210" y="468" width="59" height="32"/>
    <SubTexture name="layer_006_png" x="413" y="100" width="81" height="60"/>
    <SubTexture name="layer_007_png" x="398" y="162" width="77" height="47"/>
    <SubTexture name="layer_008_png" x="75" y="440" width="45" height="70"/>
    <SubTexture name="layer_009_png" x="418" y="211" width="43" height="79"/>
    <SubTexture name="layer_010_png" x="419" y="330" width="32" height="32"/>
    <SubTexture name="layer_011_png" x="452" y="379" width="31" height="29"/>
    <SubTexture name="layer_012_png" x="453" y="348" width="34" height="29"/>
    <SubTexture name="layer_013_png" x="419" y="292" width="32" height="36"/>
    <SubTexture name="layer_014_png" x="419" y="364" width="31" height="37"/>
    <SubTexture name="layer_015_png" x="271" y="468" width="36" height="35"/>
    <SubTexture name="layer_016_png" x="307" y="140" width="42" height="63"/>
    <SubTexture name="layer_017_png" x="463" y="260" width="47" height="36"/>
    <SubTexture name="layer_018_png" x="162" y="371" width="53" height="80"/>
    <SubTexture name="layer_019_png" x="2" y="357" width="71" height="107"/>
    <SubTexture name="layer_020_png" x="345" y="2" width="90" height="94"/>
    <SubTexture name="layer_021_png" x="140" y="125" width="76" height="101"/>
    <SubTexture name="layer_022_png" x="437" y="2" width="69" height="96"/>
    <SubTexture name="layer_023_png" x="324" y="98" width="87" height="39"/>
    <SubTexture name="layer_024_png" x="266" y="436" width="43" height="30"/>
    <SubTexture name="layer_025_png" x="368" y="309" width="23" height="46"/>
    <SubTexture name="layer_026_png" x="453" y="298" width="53" height="23"/>
    <SubTexture name="layer_027_png" x="211" y="327" width="62" height="30"/>
    <SubTexture name="layer_028_png" x="122" y="453" width="86" height="53"/>
    <SubTexture name="layer_029_png" x="75" y="371" width="85" height="67"/>
    <SubTexture name="layer_030_png" x="2" y="125" width="136" height="97"/>
    <SubTexture name="layer_031_png" x="234" y="214" width="51" height="111"/>
    <SubTexture name="layer_032_png" x="2" y="2" width="222" height="121"/>
    <SubTexture name="layer_033_png" x="2" y="224" width="84" height="131"/>
    <SubTexture name="layer_034_png" x="136" y="228" width="96" height="86"/>
    <SubTexture name="layer_035_png" x="218" y="140" width="87" height="72"/>
    <SubTexture name="layer_036_png" x="226" y="2" width="117" height="92"/>
    <SubTexture name="layer_037_png" x="88" y="316" width="121" height="53"/>
    <SubTexture name="layer_038_png" x="217" y="359" width="45" height="76"/>
    <SubTexture name="layer_039_png" x="2" y="466" width="68" height="43"/>
    <SubTexture name="layer_040_png" x="287" y="305" width="37" height="52"/>
    <SubTexture name="layer_041_png" x="378" y="400" width="30" height="28"/>
    <SubTexture name="layer_042_png" x="410" y="403" width="26" height="29"/>
    <SubTexture name="layer_043_png" x="311" y="436" width="31" height="30"/>
    <SubTexture name="layer_044_png" x="309" y="468" width="27" height="36"/>
    <SubTexture name="layer_045_png" x="347" y="402" width="29" height="30"/>
    <SubTexture name="layer_046_png" x="363" y="358" width="28" height="31"/>
</TextureAtlas>
