<?xml version="1.0" encoding="UTF-8"?>
<!-- Created with TexturePacker http://www.codeandweb.com/texturepacker-->
<!-- $TexturePacker:SmartUpdate:3e8cc221f3919b419074c0b1e36345e4:b49885bf3f95834d917c085aed78439a:42cadb62488dee3b072076c5d4210045$ -->
<TextureAtlas imagePath="1033_dragon_water_e_3_HD_tweened_dxt5.dds" scale="1.9140625">
    <SubTexture name="SPAM_RearrangedBitmap1101841976" x="961" y="826" width="55" height="53"/>
    <SubTexture name="SPAM_RearrangedBitmap1542957562" x="961" y="763" width="55" height="61"/>
    <SubTexture name="SPAM_RearrangedBitmap1671734047" x="961" y="826" width="55" height="53"/>
    <SubTexture name="SPAM_RearrangedBitmap1894464784" x="961" y="763" width="55" height="61"/>
    <SubTexture name="SPAM_RearrangedBitmap2109201241" x="482" y="756" width="174" height="141"/>
    <SubTexture name="SPAM_RearrangedBitmap29130765" x="797" y="631" width="170" height="130"/>
    <SubTexture name="SPAM_RearrangedBitmap2943053712" x="605" y="899" width="51" height="57"/>
    <SubTexture name="SPAM_RearrangedBitmap3277260825" x="2" y="899" width="185" height="122"/>
    <SubTexture name="SPAM_RearrangedBitmap3672508151" x="531" y="899" width="72" height="109"/>
    <SubTexture name="SPAM_RearrangedBitmap3758818261" x="658" y="756" width="137" height="233"/>
    <SubTexture name="SPAM_RearrangedBitmap3944694877" x="676" y="471" width="76" height="72"/>
    <SubTexture name="SPAM_RearrangedBitmap4013989714" x="605" y="899" width="51" height="57"/>
    <SubTexture name="SPAM_RearrangedBitmap4077509624" x="797" y="471" width="195" height="158"/>
    <SubTexture name="SPAM_RearrangedBitmap4326876870" x="797" y="763" width="162" height="174"/>
    <SubTexture name="SPAM_RearrangedBitmap4456335529" x="961" y="826" width="55" height="53"/>
    <SubTexture name="SPAM_RearrangedBitmap4482183566" x="2" y="471" width="277" height="426"/>
    <SubTexture name="SPAM_RearrangedBitmap5265554453" x="281" y="758" width="199" height="137"/>
    <SubTexture name="SPAM_RearrangedBitmap5516101102" x="961" y="826" width="55" height="53"/>
    <SubTexture name="SPAM_RearrangedBitmap5556315498" x="676" y="545" width="72" height="160"/>
    <SubTexture name="SPAM_RearrangedBitmap5584909574" x="189" y="899" width="340" height="112"/>
    <SubTexture name="SPAM_RearrangedBitmap5603749268" x="961" y="826" width="55" height="53"/>
    <SubTexture name="SPAM_RearrangedBitmap5670693666" x="961" y="763" width="55" height="61"/>
    <SubTexture name="SPAM_RearrangedBitmap595760024" x="961" y="826" width="55" height="53"/>
    <SubTexture name="SPAM_RearrangedBitmap6576889203" x="961" y="826" width="55" height="53"/>
    <SubTexture name="SPAM_RearrangedBitmap669860168" x="961" y="763" width="55" height="61"/>
    <SubTexture name="SPAM_RearrangedBitmap6983673924" x="466" y="471" width="208" height="283"/>
    <SubTexture name="SPAM_RearrangedBitmap7419318374" x="976" y="2" width="19" height="95"/>
    <SubTexture name="SPAM_RearrangedBitmap7895575093" x="961" y="763" width="55" height="61"/>
    <SubTexture name="SPAM_RearrangedBitmap8126970198" x="961" y="763" width="55" height="61"/>
    <SubTexture name="SPAM_RearrangedBitmap8405129396" x="961" y="763" width="55" height="61"/>
    <SubTexture name="SPAM_RearrangedBitmap8653180432" x="281" y="471" width="183" height="285"/>
    <SubTexture name="SPAM_RearrangedBitmap9133181788" x="605" y="899" width="51" height="57"/>
    <SubTexture name="SPAM_RearrangedBitmap9649242495" x="2" y="2" width="972" height="467"/>
    <SubTexture name="SPAM_RearrangedBitmap9708525171" x="605" y="899" width="51" height="57"/>
    <SubTexture name="SPAM_RearrangedBitmap9943812345" x="961" y="826" width="55" height="53"/>
    <SubTexture name="SPAM_RearrangedBitmap9992403159" x="969" y="631" width="53" height="53"/>
</TextureAtlas>
