<?xml version="1.0" encoding="UTF-8"?>
<!-- Created with TexturePacker http://www.codeandweb.com/texturepacker-->
<!-- $TexturePacker:SmartUpdate:0b9966317b106b1a53c632bcde926a68:b08f05d08c28a39c1dab1e63253e929a:c9fd2de4a82b77ec0f8cb89a6c2c0232$ -->
<TextureAtlas imagePath="1033_dragon_water_e_3_HD_tweened_dxt5_map.dds" scale="0.953063964844">
    <SubTexture name="SPAM_RearrangedBitmap1101841976" x="340" y="350" width="27" height="26"/>
    <SubTexture name="SPAM_RearrangedBitmap1542957562" x="340" y="318" width="27" height="30"/>
    <SubTexture name="SPAM_RearrangedBitmap1671734047" x="340" y="350" width="27" height="26"/>
    <SubTexture name="SPAM_RearrangedBitmap1894464784" x="340" y="318" width="27" height="30"/>
    <SubTexture name="SPAM_RearrangedBitmap2109201241" x="399" y="317" width="86" height="70"/>
    <SubTexture name="SPAM_RearrangedBitmap29130765" x="243" y="379" width="84" height="64"/>
    <SubTexture name="SPAM_RearrangedBitmap2943053712" x="369" y="346" width="25" height="28"/>
    <SubTexture name="SPAM_RearrangedBitmap3277260825" x="2" y="450" width="92" height="60"/>
    <SubTexture name="SPAM_RearrangedBitmap3672508151" x="267" y="445" width="36" height="54"/>
    <SubTexture name="SPAM_RearrangedBitmap3758818261" x="329" y="379" width="68" height="116"/>
    <SubTexture name="SPAM_RearrangedBitmap4013989714" x="369" y="346" width="25" height="28"/>
    <SubTexture name="SPAM_RearrangedBitmap4077509624" x="399" y="236" width="97" height="79"/>
    <SubTexture name="SPAM_RearrangedBitmap4326876870" x="399" y="389" width="81" height="86"/>
    <SubTexture name="SPAM_RearrangedBitmap4456335529" x="340" y="350" width="27" height="26"/>
    <SubTexture name="SPAM_RearrangedBitmap4482183566" x="2" y="236" width="138" height="212"/>
    <SubTexture name="SPAM_RearrangedBitmap5265554453" x="142" y="380" width="99" height="68"/>
    <SubTexture name="SPAM_RearrangedBitmap5516101102" x="340" y="350" width="27" height="26"/>
    <SubTexture name="SPAM_RearrangedBitmap5556315498" x="340" y="236" width="36" height="80"/>
    <SubTexture name="SPAM_RearrangedBitmap5584909574" x="96" y="450" width="169" height="56"/>
    <SubTexture name="SPAM_RearrangedBitmap5603749268" x="340" y="350" width="27" height="26"/>
    <SubTexture name="SPAM_RearrangedBitmap5670693666" x="340" y="318" width="27" height="30"/>
    <SubTexture name="SPAM_RearrangedBitmap595760024" x="340" y="350" width="27" height="26"/>
    <SubTexture name="SPAM_RearrangedBitmap6576889203" x="340" y="350" width="27" height="26"/>
    <SubTexture name="SPAM_RearrangedBitmap669860168" x="340" y="318" width="27" height="30"/>
    <SubTexture name="SPAM_RearrangedBitmap6983673924" x="235" y="236" width="103" height="141"/>
    <SubTexture name="SPAM_RearrangedBitmap7419318374" x="488" y="2" width="9" height="47"/>
    <SubTexture name="SPAM_RearrangedBitmap7895575093" x="340" y="318" width="27" height="30"/>
    <SubTexture name="SPAM_RearrangedBitmap8126970198" x="340" y="318" width="27" height="30"/>
    <SubTexture name="SPAM_RearrangedBitmap8405129396" x="340" y="318" width="27" height="30"/>
    <SubTexture name="SPAM_RearrangedBitmap8653180432" x="142" y="236" width="91" height="142"/>
    <SubTexture name="SPAM_RearrangedBitmap9133181788" x="369" y="346" width="25" height="28"/>
    <SubTexture name="SPAM_RearrangedBitmap9649242495" x="2" y="2" width="484" height="232"/>
    <SubTexture name="SPAM_RearrangedBitmap9708525171" x="369" y="346" width="25" height="28"/>
    <SubTexture name="SPAM_RearrangedBitmap9943812345" x="340" y="350" width="27" height="26"/>
    <SubTexture name="SPAM_RearrangedBitmap9992403159" x="369" y="318" width="26" height="26"/>
</TextureAtlas>
