<?xml version="1.0" encoding="UTF-8"?>
<!-- Created with TexturePacker http://www.codeandweb.com/texturepacker-->
<!-- $TexturePacker:SmartUpdate:a72d66a9f7385c3565d3fd72b48987e9:393b4d55e989baf48834c27437a959a4:2a65dc84d348d69ddd41fd7d981e684e$ -->
<TextureAtlas imagePath="1045_dragon_vulcano_d_1_HD_tweened_dxt5_map.dds" scale="1.0234375">
    <SubTexture name="SPAM_RearrangedBitmap1542957562" x="82" y="192" width="46" height="46"/>
    <SubTexture name="SPAM_RearrangedBitmap2109201241" x="2" y="192" width="38" height="56"/>
    <SubTexture name="SPAM_RearrangedBitmap3277260825" x="235" y="2" width="18" height="25"/>
    <SubTexture name="SPAM_RearrangedBitmap3758818261" x="141" y="2" width="92" height="65"/>
    <SubTexture name="SPAM_RearrangedBitmap4326876870" x="2" y="2" width="137" height="101"/>
    <SubTexture name="SPAM_RearrangedBitmap4482183566" x="130" y="170" width="78" height="81"/>
    <SubTexture name="SPAM_RearrangedBitmap5584909574" x="210" y="158" width="36" height="35"/>
    <SubTexture name="SPAM_RearrangedBitmap5670693666" x="127" y="130" width="36" height="38"/>
    <SubTexture name="SPAM_RearrangedBitmap669860168" x="2" y="105" width="123" height="85"/>
    <SubTexture name="SPAM_RearrangedBitmap6983673924" x="42" y="192" width="38" height="55"/>
    <SubTexture name="SPAM_RearrangedBitmap8449238453" x="204" y="130" width="49" height="26"/>
    <SubTexture name="SPAM_RearrangedBitmap8653180432" x="210" y="195" width="23" height="30"/>
    <SubTexture name="SPAM_RearrangedBitmap9133181788" x="210" y="227" width="23" height="21"/>
    <SubTexture name="SPAM_RearrangedBitmap9649242495" x="141" y="69" width="90" height="59"/>
    <SubTexture name="SPAM_RearrangedBitmap9708525171" x="165" y="130" width="37" height="36"/>
</TextureAtlas>
