<?xml version="1.0" encoding="UTF-8"?>
<!-- Created with TexturePacker http://www.codeandweb.com/texturepacker-->
<!-- $TexturePacker:SmartUpdate:1c78d9f24824fd8c687e3a9e31fbad1a:8a92f0192345db6c091683d0a26c1897:ddef5fe86ef286505a01c2cd13811508$ -->
<TextureAtlas imagePath="1045_dragon_vulcano_d_1_HD_tweened_dxt5.dds" scale="1.5830078125">
    <SubTexture name="SPAM_RearrangedBitmap1542957562" x="2" y="434" width="71" height="71"/>
    <SubTexture name="SPAM_RearrangedBitmap2109201241" x="291" y="383" width="60" height="87"/>
    <SubTexture name="SPAM_RearrangedBitmap3277260825" x="473" y="380" width="28" height="39"/>
    <SubTexture name="SPAM_RearrangedBitmap3758818261" x="216" y="136" width="142" height="101"/>
    <SubTexture name="SPAM_RearrangedBitmap4326876870" x="2" y="2" width="212" height="156"/>
    <SubTexture name="SPAM_RearrangedBitmap4482183566" x="2" y="306" width="121" height="126"/>
    <SubTexture name="SPAM_RearrangedBitmap5584909574" x="415" y="442" width="56" height="55"/>
    <SubTexture name="SPAM_RearrangedBitmap5670693666" x="415" y="380" width="56" height="60"/>
    <SubTexture name="SPAM_RearrangedBitmap669860168" x="216" y="2" width="191" height="132"/>
    <SubTexture name="SPAM_RearrangedBitmap6983673924" x="353" y="383" width="60" height="85"/>
    <SubTexture name="SPAM_RearrangedBitmap7895575093" x="218" y="382" width="71" height="69"/>
    <SubTexture name="SPAM_RearrangedBitmap8126970198" x="2" y="160" width="202" height="144"/>
    <SubTexture name="SPAM_RearrangedBitmap8449238453" x="113" y="451" width="75" height="41"/>
    <SubTexture name="SPAM_RearrangedBitmap8653180432" x="75" y="434" width="36" height="47"/>
    <SubTexture name="SPAM_RearrangedBitmap9133181788" x="250" y="453" width="36" height="33"/>
    <SubTexture name="SPAM_RearrangedBitmap9649242495" x="360" y="151" width="139" height="91"/>
    <SubTexture name="SPAM_RearrangedBitmap9708525171" x="190" y="453" width="58" height="56"/>
    <SubTexture name="bitmap_1" x="125" y="306" width="91" height="143" frameX="0" frameY="-1" frameWidth="99" frameHeight="153"/>
    <SubTexture name="bitmap_2" x="218" y="239" width="90" height="141" frameX="-1" frameY="0" frameWidth="98" frameHeight="147"/>
    <SubTexture name="bitmap_3" x="404" y="244" width="83" height="134" frameX="-1" frameY="0" frameWidth="93" frameHeight="142"/>
    <SubTexture name="bitmap_4" x="409" y="2" width="92" height="147" frameX="-1" frameY="0" frameWidth="102" frameHeight="155"/>
    <SubTexture name="bitmap_5" x="310" y="244" width="92" height="137" frameX="-1" frameY="-1" frameWidth="102" frameHeight="145"/>
</TextureAtlas>
