<?xml version="1.0" encoding="UTF-8"?>
<!-- Created with TexturePacker http://www.codeandweb.com/texturepacker-->
<!-- $TexturePacker:SmartUpdate:5a938d141bd74ac81fbf0811155ad9b5:b574a47a75db990389aeaf9ad8dd83a4:32c8b0baea848c60b452856665503f17$ -->
<TextureAtlas imagePath="recall_fx_HD_tweened_dxt5.dds" scale="0.796817779541">
    <SubTexture name="SPAM_RearrangedBitmap1006995913_fx" x="177" y="962" width="11" height="11"/>
    <SubTexture name="SPAM_RearrangedBitmap1236621671" x="829" y="789" width="15" height="30"/>
    <SubTexture name="SPAM_RearrangedBitmap1490119599_fx" x="861" y="862" width="19" height="19" frameX="0" frameY="0" frameWidth="21" frameHeight="21"/>
    <SubTexture name="SPAM_RearrangedBitmap1542957562" x="311" y="642" width="170" height="251" frameX="-4" frameY="-4" frameWidth="180" frameHeight="261"/>
    <SubTexture name="SPAM_RearrangedBitmap1791443364" x="613" y="474" width="47" height="25" frameX="-4" frameY="-5" frameWidth="59" frameHeight="39"/>
    <SubTexture name="SPAM_RearrangedBitmap2109201241" x="951" y="455" width="39" height="39" frameX="-3" frameY="-2" frameWidth="45" frameHeight="43"/>
    <SubTexture name="SPAM_RearrangedBitmap2765236914" x="951" y="256" width="42" height="52" frameX="-5" frameY="-4" frameWidth="54" frameHeight="62"/>
    <SubTexture name="SPAM_RearrangedBitmap2950249609" x="951" y="409" width="40" height="44" frameX="-5" frameY="-4" frameWidth="52" frameHeight="56"/>
    <SubTexture name="SPAM_RearrangedBitmap3277260825" x="180" y="661" width="129" height="256" frameX="-4" frameY="-3" frameWidth="139" frameHeight="266"/>
    <SubTexture name="SPAM_RearrangedBitmap3758818261" x="2" y="661" width="176" height="258" frameX="-4" frameY="-4" frameWidth="186" frameHeight="268"/>
    <SubTexture name="SPAM_RearrangedBitmap3996843562" x="993" y="401" width="20" height="38" frameX="0" frameY="0" frameWidth="20" frameHeight="40"/>
    <SubTexture name="SPAM_RearrangedBitmap4482183566" x="501" y="207" width="162" height="236" frameX="-5" frameY="-5" frameWidth="172" frameHeight="248"/>
    <SubTexture name="SPAM_RearrangedBitmap4950982043" x="925" y="498" width="18" height="53"/>
    <SubTexture name="SPAM_RearrangedBitmap5076510266" x="995" y="256" width="14" height="44"/>
    <SubTexture name="SPAM_RearrangedBitmap5197288459" x="993" y="368" width="28" height="31" frameX="-2" frameY="-4" frameWidth="36" frameHeight="41"/>
    <SubTexture name="SPAM_RearrangedBitmap5285004386" x="881" y="829" width="58" height="30" frameX="-4" frameY="-3" frameWidth="70" frameHeight="40"/>
    <SubTexture name="SPAM_RearrangedBitmap5377896167_fx" x="249" y="642" width="6" height="6"/>
    <SubTexture name="SPAM_RearrangedBitmap5584909574" x="826" y="256" width="123" height="240" frameX="-4" frameY="-4" frameWidth="133" frameHeight="250"/>
    <SubTexture name="SPAM_RearrangedBitmap5670693666" x="249" y="453" width="6" height="6" frameX="0" frameY="0" frameWidth="8" frameHeight="8"/>
    <SubTexture name="SPAM_RearrangedBitmap5775007928" x="957" y="777" width="37" height="35" frameX="-5" frameY="-5" frameWidth="49" frameHeight="47"/>
    <SubTexture name="SPAM_RearrangedBitmap6511328016" x="834" y="996" width="39" height="26" frameX="-4" frameY="-4" frameWidth="51" frameHeight="36"/>
    <SubTexture name="SPAM_RearrangedBitmap660654836" x="443" y="414" width="49" height="27" frameX="-8" frameY="-4" frameWidth="65" frameHeight="39"/>
    <SubTexture name="SPAM_RearrangedBitmap6614714115" x="951" y="310" width="44" height="50" frameX="-5" frameY="-4" frameWidth="56" frameHeight="62"/>
    <SubTexture name="SPAM_RearrangedBitmap663513224" x="613" y="445" width="50" height="27" frameX="-4" frameY="-2" frameWidth="62" frameHeight="35"/>
    <SubTexture name="SPAM_RearrangedBitmap669860168" x="606" y="645" width="82" height="99" frameX="-4" frameY="-4" frameWidth="94" frameHeight="109"/>
    <SubTexture name="SPAM_RearrangedBitmap6771352062_fx" x="2" y="1009" width="13" height="13" frameX="0" frameY="0" frameWidth="15" frameHeight="15"/>
    <SubTexture name="SPAM_RearrangedBitmap6871806784" x="925" y="598" width="13" height="15" frameX="-3" frameY="-2" frameWidth="23" frameHeight="23"/>
    <SubTexture name="SPAM_RearrangedBitmap7049435845" x="951" y="362" width="40" height="45" frameX="-4" frameY="-3" frameWidth="50" frameHeight="55"/>
    <SubTexture name="SPAM_RearrangedBitmap7387235996" x="997" y="329" width="25" height="19" frameX="-4" frameY="-4" frameWidth="37" frameHeight="29"/>
    <SubTexture name="SPAM_RearrangedBitmap7955171125" x="957" y="814" width="35" height="31" frameX="-6" frameY="-7" frameWidth="49" frameHeight="45"/>
    <SubTexture name="SPAM_RearrangedBitmap8126970198" x="997" y="302" width="25" height="25"/>
    <SubTexture name="SPAM_RearrangedBitmap8562457731" x="997" y="350" width="25" height="16" frameX="-6" frameY="-7" frameWidth="39" frameHeight="32"/>
    <SubTexture name="SPAM_RearrangedBitmap8653180432" x="835" y="2" width="173" height="252" frameX="-4" frameY="-4" frameWidth="183" frameHeight="262"/>
    <SubTexture name="SPAM_RearrangedBitmap8695154848" x="267" y="227" width="3" height="20"/>
    <SubTexture name="SPAM_RearrangedBitmap9280296696" x="233" y="919" width="59" height="31" frameX="-4" frameY="-3" frameWidth="71" frameHeight="41"/>
    <SubTexture name="SPAM_RearrangedBitmap9443806021" x="925" y="498" width="18" height="53"/>
    <SubTexture name="SPAM_RearrangedBitmap9496328720" x="443" y="381" width="56" height="31" frameX="-4" frameY="-2" frameWidth="68" frameHeight="39"/>
    <SubTexture name="SPAM_RearrangedBitmap9645380225" x="941" y="829" width="14" height="19"/>
    <SubTexture name="SPAM_RearrangedBitmap9649242495" x="665" y="201" width="159" height="227" frameX="-4" frameY="-3" frameWidth="169" frameHeight="239"/>
    <SubTexture name="SPAM_RearrangedBitmap9708525171" x="945" y="498" width="33" height="34" frameX="-3" frameY="-3" frameWidth="43" frameHeight="42"/>
    <SubTexture name="SPAM_RearrangedBitmap9778228021" x="925" y="553" width="20" height="43"/>
    <SubTexture name="bitmap_1" x="655" y="883" width="186" height="21" frameX="-8" frameY="0" frameWidth="202" frameHeight="25"/>
    <SubTexture name="bitmap_10" x="483" y="855" width="188" height="21" frameX="-3" frameY="-1" frameWidth="198" frameHeight="27"/>
    <SubTexture name="bitmap_11" x="487" y="940" width="188" height="20" frameX="-5" frameY="-2" frameWidth="202" frameHeight="28"/>
    <SubTexture name="bitmap_12" x="692" y="839" width="187" height="21" frameX="-7" frameY="-1" frameWidth="201" frameHeight="27"/>
    <SubTexture name="bitmap_14" x="674" y="603" width="101" height="38" frameX="0" frameY="-11" frameWidth="101" frameHeight="54"/>
    <SubTexture name="bitmap_15" x="846" y="732" width="121" height="43" frameX="0" frameY="-9" frameWidth="121" frameHeight="57"/>
    <SubTexture name="bitmap_16" x="692" y="789" width="135" height="48" frameX="0" frameY="-5" frameWidth="139" frameHeight="58"/>
    <SubTexture name="bitmap_17" x="777" y="615" width="152" height="52" frameX="0" frameY="-4" frameWidth="152" frameHeight="60"/>
    <SubTexture name="bitmap_18" x="665" y="430" width="158" height="56" frameX="0" frameY="-1" frameWidth="166" frameHeight="58"/>
    <SubTexture name="bitmap_19" x="480" y="962" width="168" height="58" frameX="0" frameY="-5" frameWidth="168" frameHeight="64"/>
    <SubTexture name="bitmap_2" x="655" y="906" width="185" height="21" frameX="-8" frameY="0" frameWidth="203" frameHeight="25"/>
    <SubTexture name="bitmap_20" x="190" y="962" width="165" height="60" frameX="0" frameY="-4" frameWidth="165" frameHeight="64"/>
    <SubTexture name="bitmap_21" x="487" y="878" width="166" height="60" frameX="0" frameY="-2" frameWidth="166" frameHeight="62"/>
    <SubTexture name="bitmap_22" x="2" y="921" width="173" height="63" frameX="0" frameY="-1" frameWidth="173" frameHeight="65"/>
    <SubTexture name="bitmap_23" x="311" y="895" width="174" height="57"/>
    <SubTexture name="bitmap_24" x="443" y="445" width="168" height="58"/>
    <SubTexture name="bitmap_25" x="690" y="669" width="155" height="58"/>
    <SubTexture name="bitmap_26" x="692" y="729" width="152" height="58" frameX="0" frameY="-4" frameWidth="152" frameHeight="62"/>
    <SubTexture name="bitmap_3" x="677" y="952" width="184" height="20" frameX="-8" frameY="-1" frameWidth="200" frameHeight="26"/>
    <SubTexture name="bitmap_4" x="838" y="974" width="183" height="19" frameX="-9" frameY="-1" frameWidth="199" frameHeight="25"/>
    <SubTexture name="bitmap_44" x="607" y="746" width="83" height="93" frameX="0" frameY="-14" frameWidth="87" frameHeight="107"/>
    <SubTexture name="bitmap_45" x="802" y="498" width="121" height="115" frameX="-12" frameY="-1" frameWidth="139" frameHeight="117"/>
    <SubTexture name="bitmap_46" x="249" y="498" width="171" height="142" frameX="-8" frameY="-13" frameWidth="195" frameHeight="160"/>
    <SubTexture name="bitmap_47" x="279" y="207" width="220" height="172" frameX="0" frameY="-28" frameWidth="230" frameHeight="202"/>
    <SubTexture name="bitmap_48" x="2" y="453" width="245" height="206" frameX="-3" frameY="-29" frameWidth="265" frameHeight="244"/>
    <SubTexture name="bitmap_49" x="2" y="227" width="263" height="224" frameX="-2" frameY="-18" frameWidth="267" frameHeight="248"/>
    <SubTexture name="bitmap_5" x="677" y="929" width="183" height="21" frameX="-7" frameY="-1" frameWidth="195" frameHeight="27"/>
    <SubTexture name="bitmap_50" x="2" y="2" width="275" height="223" frameX="-2" frameY="-8" frameWidth="283" frameHeight="233"/>
    <SubTexture name="bitmap_51" x="279" y="2" width="273" height="203" frameX="-2" frameY="-14" frameWidth="277" frameHeight="223"/>
    <SubTexture name="bitmap_52" x="554" y="2" width="279" height="197" frameX="-6" frameY="-12" frameWidth="291" frameHeight="233"/>
    <SubTexture name="bitmap_53" x="267" y="381" width="174" height="115" frameX="-8" frameY="-28" frameWidth="196" frameHeight="155"/>
    <SubTexture name="bitmap_6" x="650" y="996" width="182" height="21" frameX="-6" frameY="-1" frameWidth="194" frameHeight="27"/>
    <SubTexture name="bitmap_7" x="673" y="862" width="186" height="19" frameX="-5" frameY="-2" frameWidth="200" frameHeight="25"/>
    <SubTexture name="bitmap_8" x="2" y="986" width="186" height="21" frameX="-8" frameY="-1" frameWidth="200" frameHeight="25"/>
    <SubTexture name="bitmap_9" x="650" y="974" width="186" height="20" frameX="-11" frameY="-1" frameWidth="206" frameHeight="26"/>
    <SubTexture name="fx210_png" x="422" y="505" width="122" height="125" frameX="-4" frameY="-5" frameWidth="130" frameHeight="135"/>
    <SubTexture name="fx211_png" x="546" y="505" width="126" height="138" frameX="-9" frameY="-5" frameWidth="142" frameHeight="148"/>
    <SubTexture name="fx212_png" x="674" y="488" width="126" height="113" frameX="-5" frameY="-5" frameWidth="136" frameHeight="121"/>
    <SubTexture name="fx24_png" x="180" y="919" width="51" height="41" frameX="-3" frameY="-1" frameWidth="55" frameHeight="47"/>
    <SubTexture name="fx25_png" x="846" y="777" width="109" height="50" frameX="-4" frameY="-3" frameWidth="121" frameHeight="58"/>
    <SubTexture name="fx26_png" x="847" y="669" width="118" height="61" frameX="-6" frameY="0" frameWidth="128" frameHeight="61"/>
    <SubTexture name="fx27_png" x="357" y="954" width="121" height="63" frameX="-6" frameY="-7" frameWidth="129" frameHeight="73"/>
    <SubTexture name="fx28_png" x="483" y="754" width="122" height="99" frameX="-3" frameY="-3" frameWidth="130" frameHeight="105"/>
    <SubTexture name="fx29_png" x="483" y="645" width="121" height="107" frameX="-5" frameY="-5" frameWidth="131" frameHeight="117"/>
</TextureAtlas>
