<?xml version="1.0" encoding="UTF-8"?>
<!-- Created with TexturePacker http://www.codeandweb.com/texturepacker-->
<!-- $TexturePacker:SmartUpdate:3a5fcecba1e69b3b5ff965df32bb8f5c:28ca665cff88486d1c8e0a46ce2a6b6b:05da5998eba40ab4e5585e906198b6c6$ -->
<TextureAtlas imagePath="battlepass_oph_animation_HD_tweened_dxt5.dds" scale="1.1640625">
    <SubTexture name="SPAM_RearrangedBitmap1542957562_fx" x="451" y="443" width="34" height="54" frameX="0" frameY="0" frameWidth="40" frameHeight="62"/>
    <SubTexture name="SPAM_RearrangedBitmap3277260825_fx" x="414" y="412" width="35" height="52" frameX="-1" frameY="0" frameWidth="43" frameHeight="58"/>
    <SubTexture name="SPAM_RearrangedBitmap3758818261_fx" x="468" y="122" width="40" height="60" frameX="-1" frameY="0" frameWidth="46" frameHeight="66"/>
    <SubTexture name="SPAM_RearrangedBitmap4077509624" x="277" y="282" width="86" height="86"/>
    <SubTexture name="SPAM_RearrangedBitmap5584909574_fx" x="468" y="184" width="39" height="55" frameX="0" frameY="0" frameWidth="45" frameHeight="61"/>
    <SubTexture name="SPAM_RearrangedBitmap5670693666_fx" x="417" y="352" width="35" height="58" frameX="0" frameY="0" frameWidth="41" frameHeight="64"/>
    <SubTexture name="SPAM_RearrangedBitmap669860168_fx" x="322" y="370" width="38" height="60" frameX="0" frameY="0" frameWidth="46" frameHeight="66"/>
    <SubTexture name="SPAM_RearrangedBitmap7895575093_fx" x="471" y="2" width="39" height="60" frameX="0" frameY="0" frameWidth="45" frameHeight="68"/>
    <SubTexture name="SPAM_RearrangedBitmap8126970198" x="365" y="294" width="56" height="56" frameX="-5" frameY="-5" frameWidth="66" frameHeight="64"/>
    <SubTexture name="SPAM_RearrangedBitmap8653180432_fx" x="362" y="448" width="35" height="57" frameX="0" frameY="0" frameWidth="39" frameHeight="65"/>
    <SubTexture name="SPAM_RearrangedBitmap9133181788_fx" x="471" y="64" width="39" height="56" frameX="0" frameY="0" frameWidth="45" frameHeight="64"/>
    <SubTexture name="SPAM_RearrangedBitmap9708525171_fx" x="322" y="432" width="38" height="59" frameX="0" frameY="0" frameWidth="44" frameHeight="65"/>
    <SubTexture name="bitmap_1" x="2" y="497" width="1" height="1" frameX="0" frameY="0" frameWidth="4" frameHeight="2"/>
    <SubTexture name="concept_10342_habitat_bp_orb_active_" x="2" y="2" width="362" height="278"/>
    <SubTexture name="epic" x="366" y="2" width="103" height="101"/>
    <SubTexture name="legend" x="366" y="105" width="100" height="101"/>
    <SubTexture name="mapa_de_bits_10" x="211" y="294" width="64" height="173"/>
    <SubTexture name="mapa_de_bits_11" x="2" y="282" width="50" height="213"/>
    <SubTexture name="mapa_de_bits_11_" x="399" y="466" width="48" height="44" frameX="-3" frameY="-2" frameWidth="58" frameHeight="54"/>
    <SubTexture name="mapa_de_bits_12" x="54" y="282" width="44" height="213"/>
    <SubTexture name="mapa_de_bits_12_" x="454" y="395" width="50" height="46" frameX="-1" frameY="-1" frameWidth="58" frameHeight="54"/>
    <SubTexture name="mapa_de_bits_13" x="100" y="282" width="46" height="211"/>
    <SubTexture name="mapa_de_bits_13_" x="362" y="400" width="50" height="46" frameX="-2" frameY="-1" frameWidth="58" frameHeight="54"/>
    <SubTexture name="mapa_de_bits_14" x="148" y="294" width="61" height="179"/>
    <SubTexture name="mapa_de_bits_14_" x="365" y="352" width="50" height="46" frameX="-2" frameY="-1" frameWidth="58" frameHeight="54"/>
    <SubTexture name="mapa_de_bits_15" x="277" y="395" width="43" height="87"/>
    <SubTexture name="mapa_de_bits_15_" x="455" y="347" width="50" height="46" frameX="-2" frameY="-1" frameWidth="58" frameHeight="54"/>
    <SubTexture name="mapa_de_bits_16" x="211" y="469" width="18" height="37"/>
    <SubTexture name="mapa_de_bits_8" x="423" y="294" width="30" height="55"/>
    <SubTexture name="mapa_de_bits_9" x="455" y="241" width="52" height="104"/>
    <SubTexture name="veryrare" x="366" y="208" width="87" height="84"/>
</TextureAtlas>
