<?xml version="1.0" encoding="UTF-8"?>
<!-- Created with TexturePacker http://www.codeandweb.com/texturepacker-->
<!-- $TexturePacker:SmartUpdate:7cae1566c9409b1ca0f014e76c311747:a79eb744f7f3e7bc37b4d03ba8ab6aa1:8bd42465333359d44073c7e4f283bf84$ -->
<TextureAtlas imagePath="ui_explode_HD_tweened_dxt5.dds" scale="1.583831787109375">
    <SubTexture name="bitmap_1" x="773" y="752" width="1" height="1" frameX="0" frameY="0" frameWidth="6" frameHeight="3"/>
    <SubTexture name="mapa_de_bits_1" x="2" y="836" width="178" height="186"/>
    <SubTexture name="mapa_de_bits_10" x="2" y="2" width="283" height="280"/>
    <SubTexture name="mapa_de_bits_11" x="389" y="825" width="155" height="125"/>
    <SubTexture name="mapa_de_bits_12" x="182" y="836" width="205" height="177"/>
    <SubTexture name="mapa_de_bits_13" x="546" y="755" width="229" height="231"/>
    <SubTexture name="mapa_de_bits_14" x="534" y="513" width="237" height="240"/>
    <SubTexture name="mapa_de_bits_15" x="777" y="752" width="224" height="235"/>
    <SubTexture name="mapa_de_bits_16" x="807" y="268" width="201" height="218"/>
    <SubTexture name="mapa_de_bits_17" x="834" y="2" width="159" height="204"/>
    <SubTexture name="mapa_de_bits_2" x="285" y="284" width="218" height="223"/>
    <SubTexture name="mapa_de_bits_3" x="773" y="513" width="232" height="237"/>
    <SubTexture name="mapa_de_bits_4" x="566" y="268" width="239" height="243"/>
    <SubTexture name="mapa_de_bits_5" x="278" y="564" width="254" height="259"/>
    <SubTexture name="mapa_de_bits_6" x="566" y="2" width="266" height="264"/>
    <SubTexture name="mapa_de_bits_7" x="2" y="564" width="274" height="270"/>
    <SubTexture name="mapa_de_bits_8" x="287" y="2" width="277" height="275"/>
    <SubTexture name="mapa_de_bits_9" x="2" y="284" width="281" height="278"/>
</TextureAtlas>
