<?xml version="1.0" encoding="UTF-8"?>
<!-- Created with TexturePacker http://www.codeandweb.com/texturepacker-->
<!-- $TexturePacker:SmartUpdate:e3ab8d56a014caf2fc0b51168ee97e5f:acc83756dfb76b42440f6ff9074d8600:5c8ee74611633acc5f55d27c31886da0$ -->
<TextureAtlas imagePath="0253_guardian2_stage3_HD_tweened_dxt5.dds" scale="0.878356933594">
    <SubTexture name="SPAM_RearrangedBitmap103990895" x="307" y="961" width="63" height="29"/>
    <SubTexture name="SPAM_RearrangedBitmap1060004729" x="824" y="213" width="167" height="195"/>
    <SubTexture name="SPAM_RearrangedBitmap110595583" x="2" y="924" width="136" height="98"/>
    <SubTexture name="SPAM_RearrangedBitmap1170695759" x="707" y="793" width="136" height="128"/>
    <SubTexture name="SPAM_RearrangedBitmap1529497231" x="708" y="444" width="132" height="152"/>
    <SubTexture name="SPAM_RearrangedBitmap1632070776" x="511" y="803" width="194" height="97"/>
    <SubTexture name="SPAM_RearrangedBitmap1737525581" x="842" y="551" width="145" height="81"/>
    <SubTexture name="SPAM_RearrangedBitmap1836037545" x="708" y="598" width="124" height="108"/>
    <SubTexture name="SPAM_RearrangedBitmap233851657" x="231" y="961" width="74" height="37"/>
    <SubTexture name="SPAM_RearrangedBitmap272024951" x="834" y="634" width="138" height="131"/>
    <SubTexture name="SPAM_RearrangedBitmap3112657681" x="463" y="902" width="109" height="114"/>
    <SubTexture name="SPAM_RearrangedBitmap3284405986" x="310" y="642" width="199" height="202"/>
    <SubTexture name="SPAM_RearrangedBitmap3435179924" x="677" y="999" width="15" height="23"/>
    <SubTexture name="SPAM_RearrangedBitmap4926141017" x="511" y="642" width="183" height="159"/>
    <SubTexture name="SPAM_RearrangedBitmap5142274296" x="677" y="923" width="99" height="74"/>
    <SubTexture name="SPAM_RearrangedBitmap6215835259" x="844" y="994" width="32" height="28"/>
    <SubTexture name="SPAM_RearrangedBitmap64125885" x="778" y="991" width="64" height="31"/>
    <SubTexture name="SPAM_RearrangedBitmap6939061836" x="574" y="902" width="101" height="106"/>
    <SubTexture name="SPAM_RearrangedBitmap7314899835" x="231" y="1000" width="20" height="22"/>
    <SubTexture name="SPAM_RearrangedBitmap7746727225" x="231" y="924" width="20" height="25"/>
    <SubTexture name="SPAM_RearrangedBitmap7773721649" x="2" y="769" width="249" height="153"/>
    <SubTexture name="SPAM_RearrangedBitmap7994921875" x="696" y="708" width="91" height="83"/>
    <SubTexture name="SPAM_RearrangedBitmap808538354" x="824" y="2" width="191" height="209"/>
    <SubTexture name="SPAM_RearrangedBitmap8383178682" x="253" y="846" width="208" height="113"/>
    <SubTexture name="SPAM_RearrangedBitmap8759716506" x="842" y="410" width="180" height="139"/>
    <SubTexture name="SPAM_RearrangedBitmap932689624" x="253" y="769" width="52" height="32"/>
    <SubTexture name="SPAM_RearrangedBitmap9375290721" x="140" y="924" width="89" height="87"/>
    <SubTexture name="SPAM_RearrangedBitmap9933526893" x="845" y="767" width="134" height="117"/>
    <SubTexture name="gems_tower_2_png" x="2" y="2" width="306" height="765"/>
    <SubTexture name="guardian2_chain_back" x="310" y="444" width="396" height="196"/>
    <SubTexture name="guardian2_chain_front" x="310" y="2" width="512" height="440"/>
    <SubTexture name="guardian2_chain_island" x="845" y="886" width="122" height="106"/>
    <SubTexture name="guardian2_chain_tower" x="778" y="923" width="65" height="66"/>
</TextureAtlas>
