<?xml version="1.0" encoding="UTF-8"?>
<!-- Created with TexturePacker http://www.codeandweb.com/texturepacker-->
<!-- $TexturePacker:SmartUpdate:04b945272b118c77f7c88cdb8f49e1be:3d4147c0ec94f82e6b4c9475602c2423:b8c8385675ef774a5ea7cf6f237218ac$ -->
<TextureAtlas imagePath="ui_reaper_perk_anim_HD_tweened_dxt5.dds" scale="1.40625">
    <SubTexture name="SPAM_RearrangedBitmap1542957562" x="506" y="603" width="194" height="149" frameX="-22" frameY="-22" frameWidth="240" frameHeight="191"/>
    <SubTexture name="SPAM_RearrangedBitmap29130765" x="930" y="168" width="80" height="47" frameX="-18" frameY="-13" frameWidth="122" frameHeight="75"/>
    <SubTexture name="SPAM_RearrangedBitmap3277260825_fx" x="137" y="933" width="52" height="68" frameX="0" frameY="0" frameWidth="52" frameHeight="74"/>
    <SubTexture name="SPAM_RearrangedBitmap3758818261_fx" x="980" y="880" width="42" height="70" frameX="0" frameY="0" frameWidth="46" frameHeight="78"/>
    <SubTexture name="SPAM_RearrangedBitmap4013989714" x="693" y="2" width="160" height="251" frameX="-17" frameY="-20" frameWidth="202" frameHeight="291"/>
    <SubTexture name="SPAM_RearrangedBitmap4077509624" x="346" y="2" width="345" height="266" frameX="-24" frameY="-15" frameWidth="397" frameHeight="302"/>
    <SubTexture name="SPAM_RearrangedBitmap4326876870" x="274" y="827" width="179" height="164" frameX="-17" frameY="-14" frameWidth="217" frameHeight="194"/>
    <SubTexture name="SPAM_RearrangedBitmap4482183566" x="766" y="875" width="165" height="124" frameX="-18" frameY="-18" frameWidth="203" frameHeight="160"/>
    <SubTexture name="SPAM_RearrangedBitmap5584909574_fx" x="537" y="922" width="50" height="72" frameX="0" frameY="-1" frameWidth="54" frameHeight="80"/>
    <SubTexture name="SPAM_RearrangedBitmap5670693666_fx" x="444" y="638" width="48" height="69" frameX="0" frameY="-1" frameWidth="52" frameHeight="77"/>
    <SubTexture name="SPAM_RearrangedBitmap669860168_fx" x="954" y="569" width="46" height="62" frameX="0" frameY="0" frameWidth="50" frameHeight="70"/>
    <SubTexture name="SPAM_RearrangedBitmap6983673924" x="455" y="754" width="153" height="166" frameX="-21" frameY="-17" frameWidth="199" frameHeight="212"/>
    <SubTexture name="SPAM_RearrangedBitmap7895575093_fx" x="947" y="815" width="49" height="63" frameX="0" frameY="-1" frameWidth="53" frameHeight="75"/>
    <SubTexture name="SPAM_RearrangedBitmap8126970198_fx" x="933" y="880" width="45" height="69" frameX="0" frameY="-1" frameWidth="49" frameHeight="77"/>
    <SubTexture name="SPAM_RearrangedBitmap8653180432_fx" x="933" y="951" width="43" height="67" frameX="0" frameY="0" frameWidth="47" frameHeight="75"/>
    <SubTexture name="SPAM_RearrangedBitmap9133181788_fx" x="191" y="933" width="50" height="70" frameX="0" frameY="-1" frameWidth="54" frameHeight="78"/>
    <SubTexture name="SPAM_RearrangedBitmap9649242495" x="506" y="441" width="224" height="160" frameX="-17" frameY="-15" frameWidth="262" frameHeight="196"/>
    <SubTexture name="SPAM_RearrangedBitmap9708525171_fx" x="938" y="321" width="49" height="72" frameX="0" frameY="-1" frameWidth="53" frameHeight="82"/>
    <SubTexture name="SPAM_RearrangedBitmap9992403159" x="346" y="270" width="413" height="169" frameX="-20" frameY="-14" frameWidth="457" frameHeight="199"/>
    <SubTexture name="bitmap_1" x="1021" y="2" width="1" height="1" frameX="0" frameY="0" frameWidth="5" frameHeight="2"/>
    <SubTexture name="ic_combat_perk_frame_standard_png" x="274" y="657" width="168" height="168"/>
    <SubTexture name="ic_reaper_perk_png" x="455" y="922" width="80" height="96" frameX="-52" frameY="-36" frameWidth="168" frameHeight="168"/>
    <SubTexture name="mapa_de_bits_1" x="2" y="657" width="270" height="274" frameX="-4" frameY="-3" frameWidth="278" frameHeight="278"/>
    <SubTexture name="mapa_de_bits_11" x="855" y="168" width="73" height="73"/>
    <SubTexture name="mapa_de_bits_12" x="901" y="709" width="104" height="104"/>
    <SubTexture name="mapa_de_bits_13" x="702" y="603" width="135" height="135"/>
    <SubTexture name="mapa_de_bits_14" x="855" y="2" width="164" height="164"/>
    <SubTexture name="mapa_de_bits_15" x="309" y="441" width="195" height="195"/>
    <SubTexture name="mapa_de_bits_16" x="761" y="255" width="175" height="175"/>
    <SubTexture name="mapa_de_bits_17" x="610" y="754" width="154" height="154"/>
    <SubTexture name="mapa_de_bits_18" x="885" y="432" width="135" height="135"/>
    <SubTexture name="mapa_de_bits_19" x="839" y="594" width="113" height="113"/>
    <SubTexture name="mapa_de_bits_1_" x="309" y="346" width="30" height="36" frameX="-15" frameY="-9" frameWidth="54" frameHeight="54"/>
    <SubTexture name="mapa_de_bits_2" x="2" y="346" width="305" height="309" frameX="-4" frameY="-3" frameWidth="313" frameHeight="313"/>
    <SubTexture name="mapa_de_bits_20" x="766" y="740" width="133" height="133"/>
    <SubTexture name="mapa_de_bits_21" x="732" y="441" width="151" height="151"/>
    <SubTexture name="mapa_de_bits_2_" x="901" y="815" width="44" height="54" frameX="-28" frameY="-18" frameWidth="90" frameHeight="90"/>
    <SubTexture name="mapa_de_bits_3" x="2" y="2" width="342" height="342" frameX="-4" frameY="-5" frameWidth="350" frameHeight="350"/>
    <SubTexture name="mapa_de_bits_3_" x="76" y="933" width="59" height="71" frameX="-38" frameY="-25" frameWidth="123" frameHeight="123"/>
    <SubTexture name="mapa_de_bits_4" x="2" y="933" width="72" height="88" frameX="-49" frameY="-32" frameWidth="154" frameHeight="154"/>
    <SubTexture name="mapa_de_bits_5" x="938" y="217" width="80" height="102" frameX="-60" frameY="-40" frameWidth="182" frameHeight="182"/>
</TextureAtlas>
