<?xml version="1.0" encoding="UTF-8"?>
<!-- Created with TexturePacker http://www.codeandweb.com/texturepacker-->
<!-- $TexturePacker:SmartUpdate:c04d433fa32c4532e62ed00100029a1d:4187236e2b6d9777f362997c687f6225:e654fc546a13ae5cbe1af3348091300b$ -->
<TextureAtlas imagePath="1087_dragon_aztec_b_3_HD_tweened_dxt5_map.dds" scale="1.5126953125">
    <SubTexture name="Bitmap_19_rnm136" x="171" y="252" width="6" height="7"/>
    <SubTexture name="Bitmap_20_rnm137" x="276" y="424" width="3" height="7"/>
    <SubTexture name="Bitmap_21_rnm138" x="385" y="360" width="13" height="12"/>
    <SubTexture name="Bitmap_22_rnm139" x="289" y="472" width="31" height="25"/>
    <SubTexture name="Bitmap_41_rnm140" x="446" y="37" width="16" height="9"/>
    <SubTexture name="Bitmap_42_rnm141" x="259" y="351" width="15" height="10"/>
    <SubTexture name="Bitmap_50_rnm142" x="457" y="424" width="18" height="16"/>
    <SubTexture name="Bitmap_51_rnm143" x="392" y="245" width="6" height="7"/>
    <SubTexture name="Bitmap_52_rnm144" x="2" y="502" width="3" height="7"/>
    <SubTexture name="Bitmap_53_rnm145" x="385" y="346" width="13" height="12"/>
    <SubTexture name="SPAM_RearrangedBitmap1542957562" x="259" y="265" width="69" height="84"/>
    <SubTexture name="SPAM_RearrangedBitmap2109201241" x="200" y="466" width="87" height="43"/>
    <SubTexture name="SPAM_RearrangedBitmap29130765" x="291" y="144" width="99" height="114"/>
    <SubTexture name="SPAM_RearrangedBitmap3277260825" x="387" y="424" width="68" height="66"/>
    <SubTexture name="SPAM_RearrangedBitmap3758818261" x="171" y="265" width="86" height="114"/>
    <SubTexture name="SPAM_RearrangedBitmap4013989714" x="200" y="381" width="74" height="83"/>
    <SubTexture name="SPAM_RearrangedBitmap4077509624" x="400" y="330" width="87" height="45"/>
    <SubTexture name="SPAM_RearrangedBitmap4326876870" x="2" y="2" width="183" height="248"/>
    <SubTexture name="SPAM_RearrangedBitmap4482183566" x="187" y="2" width="257" height="140"/>
    <SubTexture name="SPAM_RearrangedBitmap5265554453" x="330" y="260" width="68" height="84"/>
    <SubTexture name="SPAM_RearrangedBitmap5556315498" x="289" y="424" width="96" height="46"/>
    <SubTexture name="SPAM_RearrangedBitmap5584909574" x="109" y="408" width="89" height="95"/>
    <SubTexture name="SPAM_RearrangedBitmap5670693666" x="2" y="408" width="105" height="92"/>
    <SubTexture name="SPAM_RearrangedBitmap595760024" x="171" y="381" width="25" height="24"/>
    <SubTexture name="SPAM_RearrangedBitmap6576889203" x="483" y="377" width="27" height="30"/>
    <SubTexture name="SPAM_RearrangedBitmap669860168" x="2" y="252" width="167" height="154"/>
    <SubTexture name="SPAM_RearrangedBitmap6983673924" x="400" y="245" width="74" height="83"/>
    <SubTexture name="SPAM_RearrangedBitmap8449238453" x="392" y="144" width="90" height="99"/>
    <SubTexture name="SPAM_RearrangedBitmap8653180432" x="187" y="144" width="102" height="119"/>
    <SubTexture name="SPAM_RearrangedBitmap9649242495" x="385" y="377" width="96" height="45"/>
    <SubTexture name="SPAM_RearrangedBitmap9708525171" x="276" y="351" width="107" height="71"/>
    <SubTexture name="SPAM_RearrangedBitmap9992403159" x="446" y="2" width="48" height="33"/>
</TextureAtlas>
