<?xml version="1.0" encoding="UTF-8"?>
<!-- Created with TexturePacker http://www.codeandweb.com/texturepacker-->
<!-- $TexturePacker:SmartUpdate:17839d093072fd943892630820a9a1cf:9a72168397591730a6a5b609321211e2:db351821a648e62fe6d263e8399e0df2$ -->
<TextureAtlas imagePath="1087_dragon_aztec_b_3_HD_tweened_dxt5.dds" scale="1.119140625">
    <SubTexture name="Bitmap_19_rnm136" x="429" y="108" width="4" height="5"/>
    <SubTexture name="Bitmap_20_rnm137" x="428" y="357" width="2" height="5"/>
    <SubTexture name="Bitmap_21_rnm138" x="291" y="466" width="10" height="8"/>
    <SubTexture name="Bitmap_22_rnm139" x="75" y="474" width="23" height="19"/>
    <SubTexture name="Bitmap_41_rnm140" x="128" y="358" width="12" height="6"/>
    <SubTexture name="Bitmap_42_rnm141" x="429" y="284" width="11" height="7"/>
    <SubTexture name="Bitmap_50_rnm142" x="495" y="249" width="13" height="12"/>
    <SubTexture name="Bitmap_51_rnm143" x="504" y="2" width="4" height="5"/>
    <SubTexture name="Bitmap_52_rnm144" x="435" y="108" width="2" height="5"/>
    <SubTexture name="Bitmap_53_rnm145" x="291" y="456" width="10" height="8"/>
    <SubTexture name="SPAM_RearrangedBitmap1542957562" x="434" y="440" width="51" height="62"/>
    <SubTexture name="SPAM_RearrangedBitmap1671734047" x="2" y="146" width="156" height="210"/>
    <SubTexture name="SPAM_RearrangedBitmap2109201241" x="225" y="456" width="64" height="32"/>
    <SubTexture name="SPAM_RearrangedBitmap29130765" x="303" y="366" width="73" height="85"/>
    <SubTexture name="SPAM_RearrangedBitmap3277260825" x="303" y="453" width="50" height="49"/>
    <SubTexture name="SPAM_RearrangedBitmap3758818261" x="439" y="2" width="63" height="85"/>
    <SubTexture name="SPAM_RearrangedBitmap4013989714" x="447" y="357" width="54" height="61"/>
    <SubTexture name="SPAM_RearrangedBitmap4077509624" x="429" y="249" width="64" height="33"/>
    <SubTexture name="SPAM_RearrangedBitmap4326876870" x="292" y="108" width="135" height="183"/>
    <SubTexture name="SPAM_RearrangedBitmap4482183566" x="247" y="2" width="190" height="104"/>
    <SubTexture name="SPAM_RearrangedBitmap5265554453" x="428" y="293" width="50" height="62"/>
    <SubTexture name="SPAM_RearrangedBitmap5516101102" x="160" y="146" width="130" height="218"/>
    <SubTexture name="SPAM_RearrangedBitmap5556315498" x="439" y="89" width="71" height="34"/>
    <SubTexture name="SPAM_RearrangedBitmap5584909574" x="360" y="293" width="66" height="70"/>
    <SubTexture name="SPAM_RearrangedBitmap5670693666" x="429" y="125" width="78" height="68"/>
    <SubTexture name="SPAM_RearrangedBitmap595760024" x="447" y="420" width="19" height="17"/>
    <SubTexture name="SPAM_RearrangedBitmap6576889203" x="355" y="453" width="20" height="22"/>
    <SubTexture name="SPAM_RearrangedBitmap669860168" x="2" y="358" width="124" height="114"/>
    <SubTexture name="SPAM_RearrangedBitmap6983673924" x="378" y="440" width="54" height="61"/>
    <SubTexture name="SPAM_RearrangedBitmap7895575093" x="128" y="366" width="95" height="114"/>
    <SubTexture name="SPAM_RearrangedBitmap8126970198" x="509" y="125" width="1" height="1" frameX="0" frameY="0" frameWidth="96" frameHeight="111"/>
    <SubTexture name="SPAM_RearrangedBitmap8449238453" x="378" y="365" width="67" height="73"/>
    <SubTexture name="SPAM_RearrangedBitmap8653180432" x="225" y="366" width="76" height="88"/>
    <SubTexture name="SPAM_RearrangedBitmap9133181788" x="292" y="293" width="66" height="71"/>
    <SubTexture name="SPAM_RearrangedBitmap9649242495" x="2" y="474" width="71" height="33"/>
    <SubTexture name="SPAM_RearrangedBitmap9708525171" x="429" y="195" width="79" height="52"/>
    <SubTexture name="SPAM_RearrangedBitmap9943812345" x="2" y="2" width="243" height="142"/>
    <SubTexture name="SPAM_RearrangedBitmap9992403159" x="247" y="108" width="35" height="24"/>
</TextureAtlas>
