<?xml version="1.0" encoding="UTF-8"?>
<!-- Created with TexturePacker http://www.codeandweb.com/texturepacker-->
<!-- $TexturePacker:SmartUpdate:41c1438e228dc43287af30acb19b8c86:8ae200bb650d053ab98c506efe008212:87139e771366c85dea00ef873ccfb295$ -->
<TextureAtlas imagePath="2108_dragon_foreigner_3_HD_tweened_dxt5.dds" scale="0.966796875">
    <SubTexture name="bitmap_1" x="694" y="366" width="30" height="30" frameX="-6" frameY="-7" frameWidth="46" frameHeight="46"/>
    <SubTexture name="bitmap_10" x="550" y="366" width="142" height="142" frameX="-4" frameY="-4" frameWidth="152" frameHeight="152"/>
    <SubTexture name="bitmap_11" x="154" y="480" width="144" height="147" frameX="-3" frameY="-3" frameWidth="154" frameHeight="157"/>
    <SubTexture name="bitmap_12" x="398" y="346" width="150" height="108" frameX="-3" frameY="-3" frameWidth="160" frameHeight="118"/>
    <SubTexture name="bitmap_13" x="922" y="909" width="25" height="48" frameX="-4" frameY="-5" frameWidth="37" frameHeight="62"/>
    <SubTexture name="bitmap_13_" x="2" y="520" width="148" height="76" frameX="-4" frameY="-4" frameWidth="160" frameHeight="86"/>
    <SubTexture name="bitmap_14" x="801" y="955" width="27" height="52" frameX="-3" frameY="-4" frameWidth="37" frameHeight="64"/>
    <SubTexture name="bitmap_14_" x="563" y="286" width="162" height="78" frameX="-3" frameY="-3" frameWidth="172" frameHeight="88"/>
    <SubTexture name="bitmap_15" x="563" y="228" width="26" height="56" frameX="-3" frameY="-4" frameWidth="36" frameHeight="68"/>
    <SubTexture name="bitmap_15_" x="732" y="150" width="167" height="82" frameX="-3" frameY="-5" frameWidth="177" frameHeight="94"/>
    <SubTexture name="bitmap_16" x="704" y="864" width="26" height="58" frameX="-4" frameY="-4" frameWidth="36" frameHeight="70"/>
    <SubTexture name="bitmap_16_" x="398" y="199" width="163" height="145" frameX="-3" frameY="-5" frameWidth="173" frameHeight="157"/>
    <SubTexture name="bitmap_17" x="830" y="951" width="27" height="51" frameX="-4" frameY="-4" frameWidth="37" frameHeight="63"/>
    <SubTexture name="bitmap_17_" x="2" y="362" width="150" height="156" frameX="-4" frameY="-5" frameWidth="162" frameHeight="168"/>
    <SubTexture name="bitmap_18" x="993" y="864" width="29" height="46" frameX="-3" frameY="-5" frameWidth="39" frameHeight="60"/>
    <SubTexture name="bitmap_18_" x="706" y="562" width="76" height="78" frameX="-7" frameY="-6" frameWidth="92" frameHeight="92"/>
    <SubTexture name="bitmap_19" x="741" y="955" width="29" height="52" frameX="-4" frameY="-4" frameWidth="39" frameHeight="64"/>
    <SubTexture name="bitmap_19_" x="2" y="598" width="144" height="144" frameX="0" frameY="0" frameWidth="146" frameHeight="146"/>
    <SubTexture name="bitmap_2" x="663" y="801" width="50" height="58" frameX="-7" frameY="-3" frameWidth="70" frameHeight="74"/>
    <SubTexture name="bitmap_20" x="591" y="228" width="29" height="55" frameX="-3" frameY="-4" frameWidth="39" frameHeight="67"/>
    <SubTexture name="bitmap_21" x="674" y="864" width="28" height="58" frameX="-4" frameY="-4" frameWidth="38" frameHeight="70"/>
    <SubTexture name="bitmap_22" x="598" y="801" width="26" height="61" frameX="-3" frameY="-4" frameWidth="36" frameHeight="73"/>
    <SubTexture name="bitmap_23" x="997" y="2" width="25" height="64" frameX="-3" frameY="-4" frameWidth="35" frameHeight="76"/>
    <SubTexture name="bitmap_24" x="574" y="954" width="23" height="65" frameX="-5" frameY="-3" frameWidth="35" frameHeight="77"/>
    <SubTexture name="bitmap_3" x="599" y="945" width="76" height="77" frameX="-8" frameY="-8" frameWidth="98" frameHeight="97"/>
    <SubTexture name="bitmap_4" x="784" y="573" width="92" height="96" frameX="-8" frameY="-11" frameWidth="114" frameHeight="120"/>
    <SubTexture name="bitmap_5" x="694" y="398" width="97" height="102" frameX="-10" frameY="-10" frameWidth="121" frameHeight="124"/>
    <SubTexture name="bitmap_6" x="302" y="315" width="94" height="102" frameX="-12" frameY="-11" frameWidth="120" frameHeight="126"/>
    <SubTexture name="bitmap_7" x="302" y="419" width="94" height="97" frameX="-12" frameY="-14" frameWidth="122" frameHeight="129"/>
    <SubTexture name="bitmap_8" x="732" y="864" width="74" height="55" frameX="-1" frameY="-10" frameWidth="82" frameHeight="71"/>
    <SubTexture name="bitmap_9" x="482" y="551" width="123" height="155" frameX="-4" frameY="-3" frameWidth="133" frameHeight="165"/>
    <SubTexture name="layer_001_png" x="2" y="180" width="299" height="110"/>
    <SubTexture name="layer_002_png" x="759" y="757" width="41" height="102"/>
    <SubTexture name="layer_003_png" x="398" y="502" width="132" height="47"/>
    <SubTexture name="layer_004_png" x="2" y="2" width="396" height="89"/>
    <SubTexture name="layer_005_png" x="251" y="809" width="18" height="201"/>
    <SubTexture name="layer_006_png" x="424" y="800" width="29" height="172"/>
    <SubTexture name="layer_007_png" x="732" y="38" width="233" height="79"/>
    <SubTexture name="layer_008_png" x="398" y="141" width="225" height="56"/>
    <SubTexture name="layer_009_png" x="732" y="2" width="263" height="34"/>
    <SubTexture name="layer_010_png" x="967" y="169" width="52" height="218"/>
    <SubTexture name="layer_011_png" x="303" y="214" width="93" height="99"/>
    <SubTexture name="layer_012_png" x="192" y="816" width="57" height="206"/>
    <SubTexture name="layer_013_png" x="887" y="480" width="114" height="57"/>
    <SubTexture name="layer_014_png" x="231" y="629" width="67" height="70"/>
    <SubTexture name="layer_015_png" x="793" y="440" width="92" height="131"/>
    <SubTexture name="layer_016_png" x="666" y="706" width="91" height="93"/>
    <SubTexture name="layer_017_png" x="880" y="912" width="35" height="34"/>
    <SubTexture name="layer_018_png" x="666" y="551" width="38" height="38"/>
    <SubTexture name="layer_019_png" x="335" y="985" width="43" height="37"/>
    <SubTexture name="layer_020_png" x="380" y="985" width="41" height="37"/>
    <SubTexture name="layer_021_png" x="808" y="713" width="76" height="42"/>
    <SubTexture name="layer_022_png" x="880" y="864" width="28" height="46"/>
    <SubTexture name="layer_023_png" x="52" y="744" width="138" height="255"/>
    <SubTexture name="layer_024_png" x="607" y="551" width="42" height="135"/>
    <SubTexture name="layer_025_png" x="2" y="292" width="151" height="68"/>
    <SubTexture name="layer_026_png" x="400" y="2" width="330" height="110"/>
    <SubTexture name="layer_027_png" x="398" y="114" width="232" height="25"/>
    <SubTexture name="layer_028_png" x="732" y="119" width="182" height="29"/>
    <SubTexture name="layer_029_png" x="398" y="456" width="139" height="44"/>
    <SubTexture name="layer_030_png" x="887" y="539" width="112" height="323"/>
    <SubTexture name="layer_031_png" x="2" y="744" width="48" height="264"/>
    <SubTexture name="layer_032_png" x="2" y="93" width="311" height="85"/>
    <SubTexture name="layer_033_png" x="148" y="629" width="81" height="107"/>
    <SubTexture name="layer_034_png" x="727" y="311" width="157" height="61"/>
    <SubTexture name="layer_035_png" x="967" y="68" width="55" height="75"/>
    <SubTexture name="layer_036_png" x="677" y="924" width="62" height="91"/>
    <SubTexture name="layer_037_png" x="629" y="510" width="76" height="39"/>
    <SubTexture name="layer_038_png" x="793" y="374" width="99" height="64"/>
    <SubTexture name="layer_039_png" x="741" y="921" width="63" height="32"/>
    <SubTexture name="layer_040_png" x="726" y="374" width="42" height="22"/>
    <SubTexture name="layer_041_png" x="894" y="385" width="71" height="29"/>
    <SubTexture name="layer_042_png" x="764" y="671" width="111" height="40"/>
    <SubTexture name="layer_043_png" x="516" y="800" width="80" height="152"/>
    <SubTexture name="layer_044_png" x="727" y="234" width="165" height="75"/>
    <SubTexture name="layer_045_png" x="625" y="174" width="100" height="110"/>
    <SubTexture name="layer_046_png" x="315" y="93" width="81" height="119"/>
    <SubTexture name="layer_047_png" x="455" y="800" width="59" height="161"/>
    <SubTexture name="layer_048_png" x="651" y="642" width="111" height="62"/>
    <SubTexture name="layer_049_png" x="271" y="809" width="62" height="195"/>
    <SubTexture name="layer_050_png" x="296" y="731" width="58" height="68"/>
    <SubTexture name="layer_051_png" x="155" y="292" width="145" height="186"/>
    <SubTexture name="layer_052_png" x="231" y="701" width="63" height="106"/>
    <SubTexture name="layer_053_png" x="901" y="198" width="63" height="185"/>
    <SubTexture name="layer_054_png" x="707" y="502" width="79" height="58"/>
    <SubTexture name="layer_055_png" x="484" y="963" width="88" height="59"/>
    <SubTexture name="layer_056_png" x="632" y="114" width="98" height="58"/>
    <SubTexture name="layer_057_png" x="808" y="800" width="70" height="123"/>
    <SubTexture name="layer_058_png" x="808" y="757" width="72" height="41"/>
    <SubTexture name="layer_059_png" x="894" y="416" width="123" height="62"/>
    <SubTexture name="layer_060_png" x="626" y="789" width="35" height="54"/>
    <SubTexture name="layer_061_png" x="423" y="985" width="59" height="36"/>
    <SubTexture name="layer_062_png" x="772" y="955" width="27" height="52"/>
    <SubTexture name="layer_063_png" x="574" y="708" width="90" height="79"/>
    <SubTexture name="layer_064_png" x="806" y="925" width="56" height="24"/>
    <SubTexture name="layer_065_png" x="759" y="713" width="47" height="32"/>
    <SubTexture name="layer_066_png" x="922" y="864" width="69" height="43"/>
    <SubTexture name="layer_067_png" x="967" y="145" width="53" height="22"/>
    <SubTexture name="layer_068_png" x="715" y="801" width="42" height="28"/>
    <SubTexture name="layer_069_png" x="192" y="738" width="36" height="76"/>
    <SubTexture name="layer_070_png" x="356" y="731" width="113" height="67"/>
    <SubTexture name="layer_071_png" x="598" y="864" width="74" height="79"/>
    <SubTexture name="layer_072_png" x="394" y="551" width="86" height="178"/>
    <SubTexture name="layer_073_png" x="916" y="119" width="49" height="77"/>
    <SubTexture name="layer_074_png" x="335" y="801" width="87" height="182"/>
    <SubTexture name="layer_075_png" x="901" y="150" width="13" height="17"/>
    <SubTexture name="layer_076_png" x="52" y="1001" width="43" height="17"/>
    <SubTexture name="layer_077_png" x="651" y="591" width="33" height="49"/>
    <SubTexture name="layer_078_png" x="563" y="199" width="60" height="27"/>
    <SubTexture name="layer_079_png" x="513" y="708" width="59" height="90"/>
    <SubTexture name="layer_080_png" x="532" y="502" width="16" height="25"/>
    <SubTexture name="layer_081_png" x="471" y="731" width="40" height="67"/>
    <SubTexture name="layer_082_png" x="859" y="951" width="61" height="50"/>
    <SubTexture name="layer_083_png" x="967" y="38" width="26" height="18"/>
    <SubTexture name="layer_084_png" x="2" y="1010" width="16" height="11"/>
    <SubTexture name="layer_085_png" x="922" y="959" width="23" height="49"/>
    <SubTexture name="layer_086_png" x="300" y="518" width="92" height="211"/>
    <SubTexture name="layer_087_png" x="550" y="510" width="77" height="39"/>
</TextureAtlas>
