<?xml version="1.0" encoding="UTF-8"?>
<!-- Created with TexturePacker http://www.codeandweb.com/texturepacker-->
<!-- $TexturePacker:SmartUpdate:19fc102a4f2bdb194e2164fb7948a7b4:30263164d02ce5297738d8c26957428c:828657748bc902fc54f200aebab52755$ -->
<TextureAtlas imagePath="2108_dragon_foreigner_3_HD_tweened_dxt5_map.dds" scale="0.559478759766">
    <SubTexture name="layer_001_png" x="233" y="53" width="173" height="63"/>
    <SubTexture name="layer_002_png" x="480" y="183" width="24" height="59"/>
    <SubTexture name="layer_003_png" x="174" y="389" width="76" height="27"/>
    <SubTexture name="layer_004_png" x="2" y="2" width="229" height="52"/>
    <SubTexture name="layer_005_png" x="394" y="118" width="10" height="116"/>
    <SubTexture name="layer_006_png" x="406" y="118" width="16" height="99"/>
    <SubTexture name="layer_007_png" x="2" y="465" width="135" height="45"/>
    <SubTexture name="layer_008_png" x="205" y="227" width="130" height="32"/>
    <SubTexture name="layer_009_png" x="161" y="261" width="152" height="20"/>
    <SubTexture name="layer_010_png" x="31" y="310" width="30" height="126"/>
    <SubTexture name="layer_011_png" x="424" y="183" width="54" height="57"/>
    <SubTexture name="layer_012_png" x="63" y="310" width="33" height="119"/>
    <SubTexture name="layer_013_png" x="303" y="356" width="66" height="33"/>
    <SubTexture name="layer_014_png" x="374" y="423" width="39" height="40"/>
    <SubTexture name="layer_015_png" x="222" y="299" width="53" height="76"/>
    <SubTexture name="layer_016_png" x="337" y="225" width="53" height="54"/>
    <SubTexture name="layer_017_png" x="315" y="261" width="20" height="20"/>
    <SubTexture name="layer_018_png" x="453" y="480" width="22" height="22"/>
    <SubTexture name="layer_019_png" x="453" y="457" width="25" height="21"/>
    <SubTexture name="layer_020_png" x="277" y="379" width="24" height="21"/>
    <SubTexture name="layer_021_png" x="374" y="465" width="44" height="24"/>
    <SubTexture name="layer_022_png" x="113" y="437" width="16" height="26"/>
    <SubTexture name="layer_023_png" x="68" y="121" width="80" height="147"/>
    <SubTexture name="layer_024_png" x="277" y="299" width="24" height="78"/>
    <SubTexture name="layer_025_png" x="415" y="47" width="87" height="39"/>
    <SubTexture name="layer_026_png" x="2" y="56" width="191" height="63"/>
    <SubTexture name="layer_027_png" x="161" y="283" width="134" height="14"/>
    <SubTexture name="layer_028_png" x="136" y="418" width="105" height="17"/>
    <SubTexture name="layer_029_png" x="31" y="438" width="80" height="25"/>
    <SubTexture name="layer_030_png" x="2" y="121" width="64" height="187"/>
    <SubTexture name="layer_031_png" x="2" y="310" width="27" height="153"/>
    <SubTexture name="layer_032_png" x="233" y="2" width="180" height="49"/>
    <SubTexture name="layer_033_png" x="199" y="437" width="46" height="62"/>
    <SubTexture name="layer_034_png" x="68" y="270" width="91" height="35"/>
    <SubTexture name="layer_035_png" x="420" y="464" width="31" height="43"/>
    <SubTexture name="layer_036_png" x="195" y="56" width="36" height="53"/>
    <SubTexture name="layer_037_png" x="459" y="316" width="44" height="22"/>
    <SubTexture name="layer_038_png" x="371" y="384" width="57" height="37"/>
    <SubTexture name="layer_039_png" x="348" y="491" width="36" height="19"/>
    <SubTexture name="layer_040_png" x="277" y="402" width="24" height="12"/>
    <SubTexture name="layer_041_png" x="467" y="366" width="41" height="16"/>
    <SubTexture name="layer_042_png" x="383" y="321" width="64" height="23"/>
    <SubTexture name="layer_043_png" x="174" y="299" width="46" height="88"/>
    <SubTexture name="layer_044_png" x="415" y="2" width="95" height="43"/>
    <SubTexture name="layer_045_png" x="139" y="437" width="58" height="63"/>
    <SubTexture name="layer_046_png" x="460" y="88" width="46" height="69"/>
    <SubTexture name="layer_047_png" x="424" y="88" width="34" height="93"/>
    <SubTexture name="layer_048_png" x="371" y="346" width="64" height="36"/>
    <SubTexture name="layer_049_png" x="98" y="307" width="36" height="113"/>
    <SubTexture name="layer_050_png" x="415" y="423" width="33" height="39"/>
    <SubTexture name="layer_051_png" x="205" y="118" width="84" height="107"/>
    <SubTexture name="layer_052_png" x="345" y="281" width="36" height="61"/>
    <SubTexture name="layer_053_png" x="136" y="307" width="36" height="107"/>
    <SubTexture name="layer_054_png" x="465" y="244" width="45" height="34"/>
    <SubTexture name="layer_055_png" x="459" y="280" width="51" height="34"/>
    <SubTexture name="layer_056_png" x="247" y="472" width="57" height="33"/>
    <SubTexture name="layer_057_png" x="303" y="283" width="40" height="71"/>
    <SubTexture name="layer_058_png" x="467" y="340" width="41" height="24"/>
    <SubTexture name="layer_059_png" x="392" y="242" width="71" height="36"/>
    <SubTexture name="layer_060_png" x="467" y="424" width="20" height="31"/>
    <SubTexture name="layer_061_png" x="467" y="384" width="34" height="21"/>
    <SubTexture name="layer_062_png" x="450" y="423" width="15" height="30"/>
    <SubTexture name="layer_063_png" x="303" y="391" width="52" height="45"/>
    <SubTexture name="layer_064_png" x="150" y="245" width="32" height="13"/>
    <SubTexture name="layer_065_png" x="386" y="491" width="27" height="19"/>
    <SubTexture name="layer_066_png" x="306" y="485" width="40" height="25"/>
    <SubTexture name="layer_067_png" x="98" y="422" width="30" height="12"/>
    <SubTexture name="layer_068_png" x="480" y="457" width="24" height="16"/>
    <SubTexture name="layer_069_png" x="351" y="438" width="21" height="44"/>
    <SubTexture name="layer_070_png" x="392" y="280" width="65" height="39"/>
    <SubTexture name="layer_071_png" x="306" y="438" width="43" height="45"/>
    <SubTexture name="layer_072_png" x="343" y="118" width="49" height="103"/>
    <SubTexture name="layer_073_png" x="437" y="346" width="28" height="44"/>
    <SubTexture name="layer_074_png" x="291" y="118" width="50" height="105"/>
    <SubTexture name="layer_075_png" x="362" y="344" width="7" height="10"/>
    <SubTexture name="layer_076_png" x="222" y="377" width="25" height="10"/>
    <SubTexture name="layer_077_png" x="489" y="424" width="19" height="28"/>
    <SubTexture name="layer_078_png" x="467" y="407" width="35" height="15"/>
    <SubTexture name="layer_079_png" x="247" y="418" width="34" height="52"/>
    <SubTexture name="layer_080_png" x="184" y="245" width="9" height="14"/>
    <SubTexture name="layer_081_png" x="252" y="377" width="23" height="39"/>
    <SubTexture name="layer_082_png" x="430" y="392" width="35" height="29"/>
    <SubTexture name="layer_083_png" x="345" y="344" width="15" height="10"/>
    <SubTexture name="layer_084_png" x="161" y="299" width="9" height="6"/>
    <SubTexture name="layer_085_png" x="408" y="88" width="13" height="28"/>
    <SubTexture name="layer_086_png" x="150" y="121" width="53" height="122"/>
    <SubTexture name="layer_087_png" x="460" y="159" width="44" height="22"/>
</TextureAtlas>
