<?xml version="1.0" encoding="UTF-8"?>
<!-- Created with TexturePacker http://www.codeandweb.com/texturepacker-->
<!-- $TexturePacker:SmartUpdate:1033da0963110ca1b30f4d03a72719da:50199dcf71b0e0d381e3bb17535396ee:b44934a8539775cbda7520456a02f9a5$ -->
<TextureAtlas imagePath="1997_dragon_eggshell_1_HD_tweened_dxt5.dds" scale="1.75">
    <SubTexture name="SPAM_RearrangedBitmap3277260825_fx" x="563" y="398" width="22" height="14"/>
    <SubTexture name="SPAM_RearrangedBitmap3758818261" x="546" y="361" width="178" height="31"/>
    <SubTexture name="SPAM_RearrangedBitmap4482183566" x="229" y="581" width="183" height="159" frameX="-16" frameY="-7" frameWidth="225" frameHeight="185"/>
    <SubTexture name="SPAM_RearrangedBitmap5584909574_fx" x="469" y="571" width="22" height="8" frameX="-5" frameY="-2" frameWidth="28" frameHeight="10"/>
    <SubTexture name="SPAM_RearrangedBitmap5670693666" x="779" y="832" width="28" height="28"/>
    <SubTexture name="SPAM_RearrangedBitmap669860168_fx" x="587" y="398" width="15" height="10"/>
    <SubTexture name="SPAM_RearrangedBitmap7895575093" x="697" y="614" width="31" height="43"/>
    <SubTexture name="SPAM_RearrangedBitmap8126970198" x="697" y="539" width="38" height="33"/>
    <SubTexture name="SPAM_RearrangedBitmap8653180432" x="589" y="410" width="26" height="150"/>
    <SubTexture name="SPAM_RearrangedBitmap9133181788_fx" x="1012" y="12" width="7" height="5"/>
    <SubTexture name="SPAM_RearrangedBitmap9708525171_fx" x="1012" y="2" width="7" height="8"/>
    <SubTexture name="bitmap_2" x="779" y="539" width="56" height="36"/>
    <SubTexture name="layer_001_png" x="793" y="731" width="54" height="31"/>
    <SubTexture name="layer_002_png" x="469" y="541" width="40" height="28"/>
    <SubTexture name="layer_003_png" x="693" y="834" width="49" height="28"/>
    <SubTexture name="layer_004_png" x="730" y="614" width="19" height="42"/>
    <SubTexture name="layer_005_png" x="630" y="834" width="61" height="28"/>
    <SubTexture name="layer_006_png" x="811" y="633" width="24" height="49"/>
    <SubTexture name="layer_007_png" x="748" y="539" width="28" height="73"/>
    <SubTexture name="layer_008_png" x="809" y="577" width="26" height="54"/>
    <SubTexture name="layer_009_png" x="362" y="926" width="82" height="26"/>
    <SubTexture name="layer_010_png" x="849" y="697" width="73" height="33"/>
    <SubTexture name="layer_011_png" x="978" y="818" width="33" height="57"/>
    <SubTexture name="layer_012_png" x="2" y="354" width="239" height="190"/>
    <SubTexture name="layer_013_png" x="243" y="354" width="187" height="225"/>
    <SubTexture name="layer_014_png" x="617" y="539" width="78" height="108"/>
    <SubTexture name="layer_015_png" x="630" y="733" width="89" height="99"/>
    <SubTexture name="layer_016_png" x="577" y="925" width="94" height="78"/>
    <SubTexture name="layer_017_png" x="621" y="864" width="28" height="59"/>
    <SubTexture name="layer_018_png" x="778" y="577" width="28" height="56"/>
    <SubTexture name="layer_019_png" x="163" y="955" width="29" height="64"/>
    <SubTexture name="layer_020_png" x="793" y="764" width="33" height="61"/>
    <SubTexture name="layer_021_png" x="947" y="585" width="73" height="126"/>
    <SubTexture name="layer_022_png" x="386" y="954" width="35" height="68"/>
    <SubTexture name="layer_023_png" x="611" y="660" width="42" height="71"/>
    <SubTexture name="layer_024_png" x="81" y="955" width="42" height="66"/>
    <SubTexture name="layer_025_png" x="194" y="955" width="106" height="61"/>
    <SubTexture name="layer_026_png" x="515" y="577" width="94" height="154"/>
    <SubTexture name="layer_027_png" x="469" y="466" width="42" height="73"/>
    <SubTexture name="layer_028_png" x="982" y="764" width="36" height="52"/>
    <SubTexture name="layer_029_png" x="125" y="955" width="36" height="64"/>
    <SubTexture name="layer_030_png" x="947" y="524" width="26" height="59"/>
    <SubTexture name="layer_031_png" x="539" y="926" width="36" height="80"/>
    <SubTexture name="layer_032_png" x="809" y="827" width="68" height="33"/>
    <SubTexture name="layer_033_png" x="741" y="923" width="36" height="99"/>
    <SubTexture name="layer_034_png" x="849" y="660" width="73" height="35"/>
    <SubTexture name="layer_035_png" x="432" y="466" width="35" height="113"/>
    <SubTexture name="layer_036_png" x="748" y="684" width="99" height="45"/>
    <SubTexture name="layer_037_png" x="924" y="713" width="70" height="49"/>
    <SubTexture name="layer_038_png" x="710" y="864" width="57" height="57"/>
    <SubTexture name="layer_039_png" x="837" y="524" width="108" height="134"/>
    <SubTexture name="layer_040_png" x="362" y="742" width="182" height="182"/>
    <SubTexture name="layer_041_png" x="2" y="745" width="213" height="208"/>
    <SubTexture name="layer_042_png" x="2" y="546" width="225" height="197"/>
    <SubTexture name="layer_043_png" x="2" y="955" width="77" height="66"/>
    <SubTexture name="layer_044_png" x="217" y="745" width="143" height="208"/>
    <SubTexture name="layer_045_png" x="837" y="398" width="136" height="124"/>
    <SubTexture name="layer_046_png" x="443" y="124" width="411" height="92"/>
    <SubTexture name="layer_048_png" x="617" y="394" width="218" height="143"/>
    <SubTexture name="layer_049_png" x="726" y="218" width="126" height="89"/>
    <SubTexture name="layer_050_png" x="514" y="420" width="73" height="155"/>
    <SubTexture name="layer_051_png" x="655" y="660" width="49" height="70"/>
    <SubTexture name="layer_052_png" x="828" y="764" width="35" height="57"/>
    <SubTexture name="layer_053_png" x="423" y="1008" width="14" height="14"/>
    <SubTexture name="layer_054_png" x="975" y="534" width="47" height="35"/>
    <SubTexture name="layer_055_png" x="744" y="832" width="33" height="28"/>
    <SubTexture name="layer_056_png" x="856" y="123" width="152" height="273"/>
    <SubTexture name="layer_057_png" x="769" y="862" width="40" height="57"/>
    <SubTexture name="layer_058_png" x="651" y="864" width="57" height="57"/>
    <SubTexture name="layer_059_png" x="856" y="2" width="154" height="119"/>
    <SubTexture name="layer_060_png" x="443" y="218" width="281" height="141"/>
    <SubTexture name="layer_061_png" x="673" y="923" width="66" height="99"/>
    <SubTexture name="layer_062_png" x="865" y="732" width="45" height="75"/>
    <SubTexture name="layer_063_png" x="546" y="398" width="15" height="17"/>
    <SubTexture name="layer_064_png" x="546" y="864" width="73" height="59"/>
    <SubTexture name="layer_065_png" x="443" y="2" width="411" height="120"/>
    <SubTexture name="layer_066_png" x="432" y="361" width="80" height="103"/>
    <SubTexture name="layer_067_png" x="446" y="926" width="91" height="92"/>
    <SubTexture name="layer_068_png" x="721" y="732" width="70" height="98"/>
    <SubTexture name="layer_069_png" x="879" y="811" width="59" height="31"/>
    <SubTexture name="layer_070_png" x="423" y="954" width="21" height="52"/>
    <SubTexture name="layer_071_png" x="515" y="361" width="29" height="57"/>
    <SubTexture name="layer_072_png" x="351" y="955" width="33" height="61"/>
    <SubTexture name="layer_073_png" x="2" y="2" width="439" height="350"/>
    <SubTexture name="layer_074_png" x="751" y="635" width="33" height="45"/>
    <SubTexture name="layer_075_png" x="940" y="811" width="36" height="49"/>
    <SubTexture name="layer_076_png" x="546" y="733" width="82" height="129"/>
    <SubTexture name="layer_077_png" x="706" y="660" width="40" height="70"/>
    <SubTexture name="layer_078_png" x="912" y="764" width="68" height="45"/>
    <SubTexture name="layer_079_png" x="302" y="955" width="47" height="61"/>
    <SubTexture name="layer_080_png" x="726" y="309" width="119" height="59"/>
    <SubTexture name="layer_081_png" x="414" y="581" width="99" height="157"/>
    <SubTexture name="layer_082_png" x="975" y="398" width="47" height="134"/>
</TextureAtlas>
