<?xml version="1.0" encoding="UTF-8"?>
<!-- Created with TexturePacker http://www.codeandweb.com/texturepacker-->
<!-- $TexturePacker:SmartUpdate:c452722cc54626325cfb6faff86e4821:252ec66ae675d9f25f2f642dea1b922f:bedc05a4d971119be2de7d5166beeb78$ -->
<TextureAtlas imagePath="1997_dragon_eggshell_1_HD_tweened_dxt5_map.dds" scale="0.8994140625">
    <SubTexture name="layer_001_png" x="304" y="492" width="27" height="16"/>
    <SubTexture name="layer_002_png" x="472" y="469" width="20" height="14"/>
    <SubTexture name="layer_003_png" x="456" y="485" width="25" height="14"/>
    <SubTexture name="layer_004_png" x="293" y="489" width="9" height="21"/>
    <SubTexture name="layer_005_png" x="479" y="313" width="31" height="14"/>
    <SubTexture name="layer_006_png" x="215" y="183" width="12" height="25"/>
    <SubTexture name="layer_007_png" x="353" y="456" width="14" height="37"/>
    <SubTexture name="layer_008_png" x="497" y="195" width="13" height="27"/>
    <SubTexture name="layer_009_png" x="249" y="497" width="42" height="13"/>
    <SubTexture name="layer_010_png" x="41" y="489" width="37" height="17"/>
    <SubTexture name="layer_011_png" x="433" y="436" width="17" height="29"/>
    <SubTexture name="layer_012_png" x="2" y="247" width="123" height="98"/>
    <SubTexture name="layer_013_png" x="347" y="51" width="96" height="116"/>
    <SubTexture name="layer_014_png" x="424" y="258" width="40" height="55"/>
    <SubTexture name="layer_015_png" x="447" y="163" width="45" height="51"/>
    <SubTexture name="layer_016_png" x="447" y="216" width="48" height="40"/>
    <SubTexture name="layer_017_png" x="463" y="315" width="14" height="30"/>
    <SubTexture name="layer_018_png" x="215" y="217" width="14" height="28"/>
    <SubTexture name="layer_019_png" x="495" y="49" width="15" height="33"/>
    <SubTexture name="layer_020_png" x="414" y="440" width="17" height="31"/>
    <SubTexture name="layer_021_png" x="385" y="264" width="37" height="64"/>
    <SubTexture name="layer_022_png" x="443" y="399" width="17" height="35"/>
    <SubTexture name="layer_023_png" x="453" y="347" width="21" height="36"/>
    <SubTexture name="layer_024_png" x="369" y="441" width="21" height="34"/>
    <SubTexture name="layer_025_png" x="445" y="130" width="54" height="31"/>
    <SubTexture name="layer_026_png" x="445" y="49" width="48" height="79"/>
    <SubTexture name="layer_027_png" x="393" y="401" width="21" height="37"/>
    <SubTexture name="layer_028_png" x="452" y="442" width="18" height="26"/>
    <SubTexture name="layer_029_png" x="369" y="477" width="18" height="33"/>
    <SubTexture name="layer_030_png" x="494" y="163" width="13" height="30"/>
    <SubTexture name="layer_031_png" x="359" y="354" width="18" height="41"/>
    <SubTexture name="layer_032_png" x="379" y="382" width="35" height="17"/>
    <SubTexture name="layer_033_png" x="348" y="403" width="18" height="51"/>
    <SubTexture name="layer_034_png" x="2" y="489" width="37" height="17"/>
    <SubTexture name="layer_035_png" x="293" y="429" width="17" height="58"/>
    <SubTexture name="layer_036_png" x="301" y="329" width="51" height="23"/>
    <SubTexture name="layer_037_png" x="416" y="347" width="35" height="25"/>
    <SubTexture name="layer_038_png" x="476" y="378" width="29" height="29"/>
    <SubTexture name="layer_039_png" x="228" y="358" width="55" height="69"/>
    <SubTexture name="layer_040_png" x="313" y="169" width="93" height="93"/>
    <SubTexture name="layer_041_png" x="127" y="247" width="109" height="107"/>
    <SubTexture name="layer_042_png" x="229" y="51" width="116" height="101"/>
    <SubTexture name="layer_043_png" x="312" y="456" width="39" height="34"/>
    <SubTexture name="layer_044_png" x="238" y="217" width="73" height="107"/>
    <SubTexture name="layer_045_png" x="313" y="264" width="70" height="63"/>
    <SubTexture name="layer_046_png" x="229" y="2" width="211" height="47"/>
    <SubTexture name="layer_048_png" x="82" y="430" width="112" height="73"/>
    <SubTexture name="layer_049_png" x="442" y="2" width="64" height="45"/>
    <SubTexture name="layer_050_png" x="408" y="169" width="37" height="80"/>
    <SubTexture name="layer_051_png" x="416" y="399" width="25" height="35"/>
    <SubTexture name="layer_052_png" x="411" y="478" width="17" height="29"/>
    <SubTexture name="layer_053_png" x="82" y="347" width="7" height="7"/>
    <SubTexture name="layer_054_png" x="430" y="485" width="24" height="17"/>
    <SubTexture name="layer_055_png" x="333" y="492" width="17" height="14"/>
    <SubTexture name="layer_056_png" x="2" y="347" width="78" height="140"/>
    <SubTexture name="layer_057_png" x="389" y="478" width="20" height="29"/>
    <SubTexture name="layer_058_png" x="476" y="347" width="29" height="29"/>
    <SubTexture name="layer_059_png" x="229" y="154" width="79" height="61"/>
    <SubTexture name="layer_060_png" x="82" y="356" width="144" height="72"/>
    <SubTexture name="layer_061_png" x="312" y="403" width="34" height="51"/>
    <SubTexture name="layer_062_png" x="368" y="401" width="23" height="38"/>
    <SubTexture name="layer_063_png" x="310" y="154" width="8" height="8"/>
    <SubTexture name="layer_064_png" x="424" y="315" width="37" height="30"/>
    <SubTexture name="layer_065_png" x="2" y="183" width="211" height="62"/>
    <SubTexture name="layer_066_png" x="466" y="258" width="41" height="53"/>
    <SubTexture name="layer_067_png" x="311" y="354" width="46" height="47"/>
    <SubTexture name="layer_068_png" x="379" y="330" width="35" height="50"/>
    <SubTexture name="layer_069_png" x="479" y="329" width="30" height="16"/>
    <SubTexture name="layer_070_png" x="497" y="224" width="10" height="26"/>
    <SubTexture name="layer_071_png" x="495" y="84" width="15" height="29"/>
    <SubTexture name="layer_072_png" x="488" y="409" width="17" height="31"/>
    <SubTexture name="layer_073_png" x="2" y="2" width="225" height="179"/>
    <SubTexture name="layer_074_png" x="354" y="329" width="17" height="23"/>
    <SubTexture name="layer_075_png" x="472" y="442" width="18" height="25"/>
    <SubTexture name="layer_076_png" x="249" y="429" width="42" height="66"/>
    <SubTexture name="layer_077_png" x="392" y="441" width="20" height="35"/>
    <SubTexture name="layer_078_png" x="416" y="374" width="35" height="23"/>
    <SubTexture name="layer_079_png" x="462" y="409" width="24" height="31"/>
    <SubTexture name="layer_080_png" x="238" y="326" width="61" height="30"/>
    <SubTexture name="layer_081_png" x="196" y="430" width="51" height="80"/>
    <SubTexture name="layer_082_png" x="285" y="358" width="24" height="69"/>
</TextureAtlas>
