<?xml version="1.0" encoding="UTF-8"?>
<!-- Created with TexturePacker http://www.codeandweb.com/texturepacker-->
<!-- $TexturePacker:SmartUpdate:6ce9fb65e191a2641af1d249b89f367e:97bd3f8619f47617a18f71c853ede030:a3855770716d9b2becafa34bf388e9b3$ -->
<TextureAtlas imagePath="1565_dragon_chicken_3_HD_tweened_dxt5.dds" scale="1.09313964844">
    <SubTexture name="parte__001_png" x="424" y="453" width="28" height="17"/>
    <SubTexture name="parte__002_png" x="408" y="183" width="40" height="109"/>
    <SubTexture name="parte__003_png" x="435" y="427" width="42" height="24"/>
    <SubTexture name="parte__004_png" x="299" y="448" width="29" height="59"/>
    <SubTexture name="parte__005_png" x="435" y="371" width="49" height="27"/>
    <SubTexture name="parte__006_png" x="267" y="417" width="30" height="63"/>
    <SubTexture name="parte__007_png" x="450" y="210" width="50" height="94"/>
    <SubTexture name="parte__008_png" x="341" y="293" width="37" height="72"/>
    <SubTexture name="parte__009_png" x="373" y="384" width="37" height="68"/>
    <SubTexture name="parte__010_png" x="438" y="306" width="64" height="32"/>
    <SubTexture name="parte__011_png" x="320" y="114" width="128" height="67"/>
    <SubTexture name="parte__012_png" x="338" y="377" width="33" height="72"/>
    <SubTexture name="parte__013_png" x="444" y="83" width="66" height="27"/>
    <SubTexture name="parte__014_png" x="374" y="253" width="30" height="22"/>
    <SubTexture name="parte__015_png" x="435" y="400" width="48" height="25"/>
    <SubTexture name="parte__016_png" x="277" y="248" width="25" height="52"/>
    <SubTexture name="parte__017_png" x="486" y="371" width="24" height="44"/>
    <SubTexture name="parte__018_png" x="159" y="420" width="51" height="57"/>
    <SubTexture name="parte__019_png" x="444" y="2" width="66" height="79"/>
    <SubTexture name="parte__020_png" x="2" y="312" width="98" height="147"/>
    <SubTexture name="parte__021_png" x="319" y="2" width="123" height="110"/>
    <SubTexture name="parte__022_png" x="2" y="461" width="66" height="49"/>
    <SubTexture name="parte__023_png" x="479" y="427" width="31" height="19"/>
    <SubTexture name="parte__024_png" x="490" y="340" width="9" height="24"/>
    <SubTexture name="parte__025_png" x="70" y="461" width="34" height="47"/>
    <SubTexture name="parte__026_png" x="106" y="460" width="47" height="43"/>
    <SubTexture name="parte__027_png" x="116" y="165" width="83" height="144"/>
    <SubTexture name="parte__028_png" x="2" y="2" width="188" height="161"/>
    <SubTexture name="parte__029_png" x="209" y="307" width="81" height="72"/>
    <SubTexture name="parte__030_png" x="450" y="112" width="52" height="96"/>
    <SubTexture name="parte__031_png" x="263" y="482" width="33" height="20"/>
    <SubTexture name="parte__032_png" x="266" y="126" width="52" height="120"/>
    <SubTexture name="parte__033_png" x="380" y="353" width="52" height="29"/>
    <SubTexture name="parte__034_png" x="299" y="377" width="37" height="69"/>
    <SubTexture name="parte__035_png" x="102" y="425" width="55" height="33"/>
    <SubTexture name="parte__036_png" x="304" y="253" width="68" height="38"/>
    <SubTexture name="parte__037_png" x="145" y="311" width="62" height="107"/>
    <SubTexture name="parte__038_png" x="320" y="183" width="86" height="68"/>
    <SubTexture name="parte__039_png" x="2" y="165" width="112" height="145"/>
    <SubTexture name="parte__040_png" x="192" y="2" width="125" height="122"/>
    <SubTexture name="parte__041_png" x="201" y="254" width="74" height="51"/>
    <SubTexture name="parte__042_png" x="209" y="381" width="76" height="34"/>
    <SubTexture name="parte__043_png" x="155" y="479" width="71" height="29"/>
    <SubTexture name="parte__044_png" x="228" y="479" width="33" height="25"/>
    <SubTexture name="parte__045_png" x="403" y="454" width="19" height="48"/>
    <SubTexture name="parte__046_png" x="330" y="451" width="27" height="59"/>
    <SubTexture name="parte__047_png" x="438" y="340" width="50" height="29"/>
    <SubTexture name="parte__048_png" x="212" y="417" width="53" height="60"/>
    <SubTexture name="parte__049_png" x="412" y="384" width="21" height="61"/>
    <SubTexture name="parte__050_png" x="502" y="210" width="8" height="22"/>
    <SubTexture name="parte__051_png" x="102" y="312" width="41" height="111"/>
    <SubTexture name="parte__052_png" x="380" y="294" width="56" height="57"/>
    <SubTexture name="parte__053_png" x="201" y="126" width="63" height="126"/>
    <SubTexture name="parte__054_png" x="359" y="454" width="42" height="41"/>
    <SubTexture name="parte__055_png" x="292" y="302" width="47" height="73"/>
</TextureAtlas>
