<?xml version="1.0" encoding="UTF-8"?>
<!-- Created with TexturePacker http://www.codeandweb.com/texturepacker-->
<!-- $TexturePacker:SmartUpdate:9d41373f7c2b0f6c317251970a3156a3:56f3176a5ee3e66e149e0f2b5e5d2a4f:dc03ad4f8f622a31de5831222c2c5364$ -->
<TextureAtlas imagePath="2278_dragon_fishmonger_1_HD_tweened_dxt5_map.dds" scale="0.959838867188">
    <SubTexture name="layer_001_png" x="144" y="431" width="48" height="74"/>
    <SubTexture name="layer_002_png" x="71" y="431" width="71" height="70"/>
    <SubTexture name="layer_003_png" x="478" y="387" width="29" height="16"/>
    <SubTexture name="layer_004_png" x="442" y="307" width="25" height="20"/>
    <SubTexture name="layer_005_png" x="458" y="367" width="18" height="26"/>
    <SubTexture name="layer_006_png" x="479" y="316" width="24" height="20"/>
    <SubTexture name="layer_007_png" x="400" y="256" width="40" height="71"/>
    <SubTexture name="layer_008_png" x="453" y="214" width="45" height="38"/>
    <SubTexture name="layer_009_png" x="413" y="329" width="43" height="69"/>
    <SubTexture name="layer_010_png" x="478" y="440" width="20" height="15"/>
    <SubTexture name="layer_011_png" x="453" y="456" width="22" height="16"/>
    <SubTexture name="layer_012_png" x="453" y="438" width="23" height="16"/>
    <SubTexture name="layer_013_png" x="243" y="461" width="66" height="49"/>
    <SubTexture name="layer_014_png" x="311" y="463" width="49" height="34"/>
    <SubTexture name="layer_015_png" x="473" y="254" width="37" height="17"/>
    <SubTexture name="layer_016_png" x="71" y="503" width="33" height="7"/>
    <SubTexture name="layer_017_png" x="442" y="254" width="29" height="51"/>
    <SubTexture name="layer_018_png" x="2" y="158" width="147" height="130"/>
    <SubTexture name="layer_019_png" x="2" y="2" width="148" height="154"/>
    <SubTexture name="layer_020_png" x="392" y="71" width="15" height="43"/>
    <SubTexture name="layer_021_png" x="404" y="230" width="34" height="19"/>
    <SubTexture name="layer_022_png" x="182" y="404" width="8" height="25"/>
    <SubTexture name="layer_023_png" x="493" y="107" width="17" height="37"/>
    <SubTexture name="layer_024_png" x="473" y="273" width="34" height="22"/>
    <SubTexture name="layer_025_png" x="262" y="210" width="60" height="40"/>
    <SubTexture name="layer_026_png" x="2" y="423" width="67" height="82"/>
    <SubTexture name="layer_027_png" x="412" y="107" width="39" height="121"/>
    <SubTexture name="layer_028_png" x="277" y="2" width="136" height="67"/>
    <SubTexture name="layer_029_png" x="194" y="478" width="45" height="22"/>
    <SubTexture name="layer_030_png" x="450" y="405" width="36" height="16"/>
    <SubTexture name="layer_031_png" x="71" y="423" width="20" height="6"/>
    <SubTexture name="layer_032_png" x="324" y="223" width="78" height="31"/>
    <SubTexture name="layer_033_png" x="458" y="329" width="19" height="36"/>
    <SubTexture name="layer_034_png" x="358" y="256" width="40" height="71"/>
    <SubTexture name="layer_035_png" x="406" y="444" width="45" height="38"/>
    <SubTexture name="layer_036_png" x="368" y="329" width="43" height="69"/>
    <SubTexture name="layer_037_png" x="490" y="423" width="20" height="15"/>
    <SubTexture name="layer_038_png" x="488" y="405" width="22" height="16"/>
    <SubTexture name="layer_039_png" x="479" y="338" width="23" height="16"/>
    <SubTexture name="layer_040_png" x="151" y="260" width="29" height="16"/>
    <SubTexture name="layer_041_png" x="479" y="297" width="31" height="17"/>
    <SubTexture name="layer_042_png" x="194" y="404" width="47" height="72"/>
    <SubTexture name="layer_043_png" x="152" y="124" width="110" height="69"/>
    <SubTexture name="layer_044_png" x="478" y="367" width="32" height="18"/>
    <SubTexture name="layer_045_png" x="406" y="484" width="50" height="21"/>
    <SubTexture name="layer_046_png" x="450" y="423" width="38" height="13"/>
    <SubTexture name="layer_047_png" x="151" y="195" width="109" height="63"/>
    <SubTexture name="layer_048_png" x="107" y="290" width="73" height="139"/>
    <SubTexture name="layer_049_png" x="453" y="107" width="38" height="105"/>
    <SubTexture name="layer_050_png" x="182" y="260" width="53" height="142"/>
    <SubTexture name="layer_051_png" x="406" y="400" width="42" height="42"/>
    <SubTexture name="layer_052_png" x="296" y="256" width="60" height="71"/>
    <SubTexture name="layer_053_png" x="2" y="290" width="103" height="131"/>
    <SubTexture name="layer_054_png" x="152" y="2" width="123" height="120"/>
    <SubTexture name="layer_055_png" x="264" y="133" width="73" height="75"/>
    <SubTexture name="layer_056_png" x="277" y="71" width="113" height="60"/>
    <SubTexture name="layer_057_png" x="237" y="260" width="57" height="132"/>
    <SubTexture name="layer_058_png" x="362" y="473" width="42" height="35"/>
    <SubTexture name="layer_059_png" x="333" y="391" width="32" height="70"/>
    <SubTexture name="layer_060_png" x="299" y="391" width="32" height="57"/>
    <SubTexture name="layer_061_png" x="367" y="400" width="37" height="71"/>
    <SubTexture name="layer_062_png" x="392" y="116" width="9" height="15"/>
    <SubTexture name="layer_063_png" x="243" y="394" width="54" height="65"/>
    <SubTexture name="layer_064_png" x="440" y="230" width="11" height="13"/>
    <SubTexture name="layer_065_png" x="339" y="133" width="71" height="88"/>
    <SubTexture name="layer_066_png" x="296" y="329" width="70" height="60"/>
    <SubTexture name="layer_067_png" x="415" y="65" width="95" height="40"/>
    <SubTexture name="layer_068_png" x="415" y="2" width="95" height="61"/>
</TextureAtlas>
