<?xml version="1.0" encoding="UTF-8"?>
<!-- Created with TexturePacker http://www.codeandweb.com/texturepacker-->
<!-- $TexturePacker:SmartUpdate:83d5b792a7895a16a645d468934c19f2:643b0c39f569d0ef0fdcfae945bef578:9f15fc56a30a59ccac521c6cd69300e9$ -->
<TextureAtlas imagePath="2278_dragon_fishmonger_1_HD_tweened_dxt5.dds" scale="1.359375">
    <SubTexture name="bitmap_10_special" x="599" y="61" width="323" height="46"/>
    <SubTexture name="bitmap_11_special" x="599" y="2" width="405" height="57"/>
    <SubTexture name="bitmap_12_special" x="2" y="244" width="490" height="72"/>
    <SubTexture name="bitmap_13_special" x="2" y="166" width="542" height="76"/>
    <SubTexture name="bitmap_14_special" x="2" y="84" width="565" height="80"/>
    <SubTexture name="bitmap_15_special" x="2" y="2" width="595" height="80"/>
    <SubTexture name="bitmap_16_special" x="774" y="696" width="124" height="58" frameX="0" frameY="0" frameWidth="126" frameHeight="62"/>
    <SubTexture name="bitmap_17_special" x="815" y="109" width="150" height="78" frameX="0" frameY="0" frameWidth="152" frameHeight="82"/>
    <SubTexture name="bitmap_18_special" x="376" y="517" width="112" height="98" frameX="0" frameY="0" frameWidth="116" frameHeight="100"/>
    <SubTexture name="bitmap_19_special" x="782" y="400" width="139" height="71" frameX="0" frameY="0" frameWidth="141" frameHeight="73"/>
    <SubTexture name="bitmap_1_special" x="792" y="828" width="88" height="67"/>
    <SubTexture name="bitmap_1_splash_special_n" x="2" y="912" width="131" height="101"/>
    <SubTexture name="bitmap_2_special" x="560" y="907" width="135" height="88"/>
    <SubTexture name="bitmap_2_splash_special_n" x="800" y="189" width="186" height="112"/>
    <SubTexture name="bitmap_3_special" x="782" y="303" width="152" height="95"/>
    <SubTexture name="bitmap_3_splash_special_n" x="497" y="315" width="212" height="97"/>
    <SubTexture name="bitmap_4_special" x="477" y="708" width="156" height="96"/>
    <SubTexture name="bitmap_4_splash_special_n" x="569" y="109" width="244" height="72"/>
    <SubTexture name="bitmap_5_special" x="490" y="609" width="176" height="97"/>
    <SubTexture name="bitmap_6_special" x="497" y="414" width="202" height="96"/>
    <SubTexture name="bitmap_7_special" x="546" y="220" width="222" height="93"/>
    <SubTexture name="bitmap_8_special" x="635" y="729" width="123" height="51"/>
    <SubTexture name="bitmap_9_special" x="546" y="183" width="252" height="35"/>
    <SubTexture name="layer_001_png" x="711" y="315" width="69" height="106"/>
    <SubTexture name="layer_002_png" x="562" y="806" width="100" height="99"/>
    <SubTexture name="layer_003_png" x="893" y="959" width="42" height="23"/>
    <SubTexture name="layer_004_png" x="893" y="929" width="36" height="28"/>
    <SubTexture name="layer_005_png" x="770" y="220" width="25" height="38"/>
    <SubTexture name="layer_006_png" x="887" y="984" width="35" height="28"/>
    <SubTexture name="layer_007_png" x="697" y="887" width="57" height="101"/>
    <SubTexture name="layer_008_png" x="272" y="941" width="63" height="54"/>
    <SubTexture name="layer_009_png" x="900" y="704" width="61" height="97"/>
    <SubTexture name="layer_010_png" x="569" y="84" width="28" height="21"/>
    <SubTexture name="layer_011_png" x="930" y="853" width="31" height="23"/>
    <SubTexture name="layer_012_png" x="924" y="984" width="33" height="23"/>
    <SubTexture name="layer_013_png" x="792" y="756" width="93" height="70"/>
    <SubTexture name="layer_014_png" x="135" y="932" width="70" height="48"/>
    <SubTexture name="layer_015_png" x="200" y="996" width="53" height="24"/>
    <SubTexture name="layer_016_png" x="924" y="92" width="47" height="10"/>
    <SubTexture name="layer_017_png" x="978" y="605" width="42" height="73"/>
    <SubTexture name="layer_018_png" x="2" y="538" width="209" height="184"/>
    <SubTexture name="layer_019_png" x="2" y="318" width="210" height="218"/>
    <SubTexture name="layer_020_png" x="494" y="244" width="21" height="61"/>
    <SubTexture name="layer_021_png" x="963" y="858" width="48" height="27"/>
    <SubTexture name="layer_022_png" x="760" y="729" width="12" height="36"/>
    <SubTexture name="layer_023_png" x="998" y="61" width="24" height="53"/>
    <SubTexture name="layer_024_adult_png" x="780" y="473" width="135" height="73"/>
    <SubTexture name="layer_024_png" x="843" y="943" width="48" height="31"/>
    <SubTexture name="layer_025_png" x="756" y="943" width="85" height="57"/>
    <SubTexture name="layer_026_png" x="917" y="487" width="95" height="116"/>
    <SubTexture name="layer_027_png" x="291" y="767" width="55" height="172"/>
    <SubTexture name="layer_028_png" x="497" y="512" width="193" height="95"/>
    <SubTexture name="layer_029_png" x="135" y="982" width="63" height="31"/>
    <SubTexture name="layer_030_png" x="887" y="803" width="51" height="23"/>
    <SubTexture name="layer_031_png" x="770" y="260" width="28" height="9"/>
    <SubTexture name="layer_032_png" x="756" y="897" width="111" height="44"/>
    <SubTexture name="layer_033_png" x="517" y="244" width="27" height="51"/>
    <SubTexture name="layer_034_png" x="733" y="782" width="57" height="101"/>
    <SubTexture name="layer_035_png" x="207" y="940" width="63" height="54"/>
    <SubTexture name="layer_036_png" x="915" y="605" width="61" height="97"/>
    <SubTexture name="layer_037_png" x="374" y="744" width="28" height="21"/>
    <SubTexture name="layer_038_adult_png" x="150" y="724" width="61" height="206"/>
    <SubTexture name="layer_038_png" x="930" y="828" width="31" height="23"/>
    <SubTexture name="layer_039_adult_png" x="213" y="781" width="76" height="157"/>
    <SubTexture name="layer_039_png" x="697" y="990" width="33" height="23"/>
    <SubTexture name="layer_040_png" x="843" y="976" width="42" height="23"/>
    <SubTexture name="layer_041_png" x="303" y="997" width="44" height="24"/>
    <SubTexture name="layer_042_png" x="664" y="782" width="67" height="103"/>
    <SubTexture name="layer_043_png" x="404" y="806" width="156" height="97"/>
    <SubTexture name="layer_044_png" x="255" y="997" width="46" height="25"/>
    <SubTexture name="layer_045_png" x="924" y="61" width="72" height="29"/>
    <SubTexture name="layer_046_png" x="348" y="918" width="54" height="19"/>
    <SubTexture name="layer_047_png" x="404" y="905" width="154" height="89"/>
    <SubTexture name="layer_048_png" x="391" y="318" width="104" height="197"/>
    <SubTexture name="layer_049_png" x="348" y="767" width="54" height="149"/>
    <SubTexture name="layer_050_png" x="213" y="578" width="76" height="201"/>
    <SubTexture name="layer_051_png" x="404" y="744" width="59" height="59"/>
    <SubTexture name="layer_052_png" x="692" y="517" width="85" height="101"/>
    <SubTexture name="layer_053_png" x="2" y="724" width="146" height="186"/>
    <SubTexture name="layer_054_png" x="214" y="318" width="175" height="171"/>
    <SubTexture name="layer_055_png" x="668" y="620" width="104" height="107"/>
    <SubTexture name="layer_056_png" x="214" y="491" width="160" height="85"/>
    <SubTexture name="layer_057_png" x="291" y="578" width="81" height="187"/>
    <SubTexture name="layer_058_png" x="963" y="704" width="59" height="50"/>
    <SubTexture name="layer_059_png" x="882" y="828" width="46" height="99"/>
    <SubTexture name="layer_060_png" x="936" y="303" width="46" height="81"/>
    <SubTexture name="layer_061_png" x="963" y="756" width="53" height="100"/>
    <SubTexture name="layer_062_png" x="376" y="491" width="13" height="21"/>
    <SubTexture name="layer_063_png" x="701" y="423" width="77" height="92"/>
    <SubTexture name="layer_064_png" x="1006" y="2" width="16" height="19"/>
    <SubTexture name="layer_065_png" x="374" y="617" width="101" height="125"/>
    <SubTexture name="layer_066_png" x="923" y="400" width="99" height="85"/>
    <SubTexture name="layer_067_png" x="774" y="637" width="134" height="57"/>
    <SubTexture name="layer_068_png" x="779" y="548" width="134" height="87"/>
    <SubTexture name="tail_extension_png" x="1014" y="487" width="8" height="23"/>
</TextureAtlas>
