<?xml version="1.0" encoding="UTF-8"?>
<!-- Created with TexturePacker http://www.codeandweb.com/texturepacker-->
<!-- $TexturePacker:SmartUpdate:8d58bd45482bac586583fac17462c4bf:7c0414432fa6f02511bf78f697f6511a:d6db001c3ae410d36941dee4dd949f90$ -->
<TextureAtlas imagePath="1785_dragon_childforever_1_HD_tweened_dxt5_map.dds" scale="1.2060546875">
    <SubTexture name="cosa_001_png" x="413" y="367" width="53" height="41"/>
    <SubTexture name="cosa_002_png" x="174" y="249" width="66" height="33"/>
    <SubTexture name="cosa_003_png" x="264" y="475" width="53" height="33"/>
    <SubTexture name="cosa_004_png" x="365" y="174" width="113" height="41"/>
    <SubTexture name="cosa_005_png" x="346" y="276" width="79" height="66"/>
    <SubTexture name="cosa_006_png" x="344" y="344" width="67" height="65"/>
    <SubTexture name="cosa_007_png" x="427" y="478" width="30" height="31"/>
    <SubTexture name="cosa_008_png" x="413" y="410" width="36" height="33"/>
    <SubTexture name="cosa_009_png" x="395" y="478" width="30" height="31"/>
    <SubTexture name="cosa_010_png" x="269" y="205" width="80" height="67"/>
    <SubTexture name="cosa_011_png" x="287" y="409" width="50" height="62"/>
    <SubTexture name="cosa_012_png" x="229" y="480" width="33" height="30"/>
    <SubTexture name="cosa_013_png" x="357" y="476" width="36" height="33"/>
    <SubTexture name="cosa_014_png" x="413" y="445" width="31" height="31"/>
    <SubTexture name="cosa_015_png" x="133" y="306" width="59" height="94"/>
    <SubTexture name="cosa_016_png" x="178" y="181" width="89" height="66"/>
    <SubTexture name="cosa_017_png" x="2" y="415" width="113" height="85"/>
    <SubTexture name="cosa_018_png" x="365" y="2" width="115" height="96"/>
    <SubTexture name="cosa_019_png" x="462" y="298" width="48" height="67"/>
    <SubTexture name="cosa_020_png" x="2" y="2" width="174" height="184"/>
    <SubTexture name="cosa_021_png" x="178" y="2" width="101" height="177"/>
    <SubTexture name="cosa_022_png" x="351" y="217" width="109" height="57"/>
    <SubTexture name="cosa_023_png_" x="365" y="100" width="124" height="72"/>
    <SubTexture name="cosa_023b_png" x="253" y="422" width="32" height="51"/>
    <SubTexture name="cosa_024_png" x="482" y="2" width="26" height="48"/>
    <SubTexture name="cosa_025_png" x="194" y="422" width="57" height="56"/>
    <SubTexture name="cosa_026_png" x="390" y="411" width="21" height="50"/>
    <SubTexture name="cosa_027_png" x="462" y="217" width="48" height="79"/>
    <SubTexture name="cosa_028_png" x="2" y="188" width="129" height="225"/>
    <SubTexture name="cosa_029_png" x="194" y="361" width="79" height="59"/>
    <SubTexture name="cosa_030_png" x="153" y="458" width="39" height="42"/>
    <SubTexture name="cosa_031_png" x="281" y="2" width="82" height="201"/>
    <SubTexture name="cosa_032_png" x="265" y="274" width="79" height="66"/>
    <SubTexture name="cosa_033_png" x="275" y="342" width="67" height="65"/>
    <SubTexture name="cosa_034_png" x="427" y="328" width="30" height="31"/>
    <SubTexture name="cosa_035_png" x="319" y="476" width="36" height="33"/>
    <SubTexture name="cosa_036_png" x="451" y="410" width="30" height="31"/>
    <SubTexture name="cosa_037_png" x="194" y="284" width="69" height="75"/>
    <SubTexture name="cosa_038_png" x="339" y="411" width="49" height="63"/>
    <SubTexture name="cosa_039_png" x="194" y="480" width="33" height="30"/>
    <SubTexture name="cosa_040_png" x="468" y="367" width="34" height="33"/>
    <SubTexture name="cosa_041_png" x="480" y="174" width="30" height="31"/>
    <SubTexture name="cosa_042_png" x="153" y="402" width="39" height="54"/>
    <SubTexture name="cosa_043_png" x="117" y="415" width="34" height="68"/>
    <SubTexture name="cosa_044_png" x="427" y="276" width="33" height="50"/>
    <SubTexture name="cosa_045_png" x="133" y="188" width="39" height="116"/>
</TextureAtlas>
