<?xml version="1.0" encoding="UTF-8"?>
<!-- Created with TexturePacker http://www.codeandweb.com/texturepacker-->
<!-- $TexturePacker:SmartUpdate:8c9c021f4c2e2229690dfa8f22b0940c:b157d183c91402ec99fd1d9abe2e3795:7bfee8f17331baf24553f7d98c9c15e6$ -->
<TextureAtlas imagePath="1785_dragon_childforever_1_HD_tweened_dxt5.dds" scale="1.19921875">
    <SubTexture name="cosa_001_png" x="328" y="400" width="52" height="40"/>
    <SubTexture name="cosa_002_png" x="231" y="469" width="65" height="33"/>
    <SubTexture name="cosa_003_png" x="328" y="442" width="52" height="33"/>
    <SubTexture name="cosa_004_png" x="362" y="162" width="112" height="40"/>
    <SubTexture name="cosa_005_png" x="322" y="333" width="79" height="65"/>
    <SubTexture name="cosa_006_png" x="259" y="403" width="67" height="64"/>
    <SubTexture name="cosa_007_png" x="473" y="459" width="29" height="31"/>
    <SubTexture name="cosa_008_png" x="372" y="477" width="35" height="33"/>
    <SubTexture name="cosa_009_png" x="442" y="464" width="29" height="31"/>
    <SubTexture name="cosa_010_png" x="378" y="204" width="80" height="67"/>
    <SubTexture name="cosa_011_png" x="460" y="204" width="50" height="62"/>
    <SubTexture name="cosa_012_png" x="410" y="433" width="33" height="29"/>
    <SubTexture name="cosa_013_png" x="335" y="477" width="35" height="33"/>
    <SubTexture name="cosa_014_png" x="409" y="464" width="31" height="31"/>
    <SubTexture name="cosa_015_png" x="132" y="305" width="58" height="93"/>
    <SubTexture name="cosa_016_png" x="177" y="180" width="88" height="65"/>
    <SubTexture name="cosa_017_png" x="362" y="2" width="112" height="85"/>
    <SubTexture name="cosa_018_png" x="2" y="413" width="115" height="95"/>
    <SubTexture name="cosa_019_png" x="403" y="333" width="47" height="67"/>
    <SubTexture name="cosa_020_png" x="2" y="2" width="173" height="183"/>
    <SubTexture name="cosa_021_png" x="177" y="2" width="100" height="176"/>
    <SubTexture name="cosa_022_png" x="267" y="204" width="109" height="57"/>
    <SubTexture name="cosa_023_png" x="241" y="330" width="79" height="71"/>
    <SubTexture name="cosa_023_png_" x="362" y="89" width="123" height="71"/>
    <SubTexture name="cosa_023b_png" x="470" y="268" width="32" height="51"/>
    <SubTexture name="cosa_024_png" x="382" y="402" width="26" height="47"/>
    <SubTexture name="cosa_025_png" x="173" y="247" width="57" height="56"/>
    <SubTexture name="cosa_026_png" x="487" y="72" width="21" height="50"/>
    <SubTexture name="cosa_027_png" x="192" y="305" width="47" height="79"/>
    <SubTexture name="cosa_028_png" x="2" y="187" width="128" height="224"/>
    <SubTexture name="cosa_029_png" x="348" y="273" width="79" height="58"/>
    <SubTexture name="cosa_030_png" x="190" y="469" width="39" height="41"/>
    <SubTexture name="cosa_031_png" x="279" y="2" width="81" height="200"/>
    <SubTexture name="cosa_032_png" x="267" y="263" width="79" height="65"/>
    <SubTexture name="cosa_033_png" x="190" y="403" width="67" height="64"/>
    <SubTexture name="cosa_034_png" x="476" y="426" width="29" height="31"/>
    <SubTexture name="cosa_035_png" x="298" y="477" width="35" height="33"/>
    <SubTexture name="cosa_036_png" x="445" y="426" width="29" height="31"/>
    <SubTexture name="cosa_037_png" x="119" y="413" width="69" height="75"/>
    <SubTexture name="cosa_038_png" x="452" y="328" width="49" height="63"/>
    <SubTexture name="cosa_039_png" x="410" y="402" width="33" height="29"/>
    <SubTexture name="cosa_040_png" x="476" y="162" width="34" height="33"/>
    <SubTexture name="cosa_041_png" x="452" y="393" width="29" height="31"/>
    <SubTexture name="cosa_042_png" x="429" y="273" width="39" height="53"/>
    <SubTexture name="cosa_043_png" x="476" y="2" width="34" height="68"/>
    <SubTexture name="cosa_044_png" x="232" y="247" width="33" height="50"/>
    <SubTexture name="cosa_045_png" x="132" y="187" width="39" height="116"/>
</TextureAtlas>
