<?xml version="1.0" encoding="UTF-8"?>
<!-- Created with TexturePacker http://www.codeandweb.com/texturepacker-->
<!-- $TexturePacker:SmartUpdate:0247c358937dc56ca30b145a2c27aae7:1a0fc646bdb0272d29ab28b2f6a902ad:c6d2608c0a39d93590e6df8990d66b5b$ -->
<TextureAtlas imagePath="empower_back_HD_tweened_dxt5.dds" scale="1.470458984375">
    <SubTexture name="bitmap_1" x="2" y="1021" width="1" height="1" frameX="0" frameY="0" frameWidth="5" frameHeight="2"/>
    <SubTexture name="mapa_de_bits_100" x="380" y="716" width="316" height="49" frameX="-6" frameY="-8" frameWidth="336" frameHeight="67"/>
    <SubTexture name="mapa_de_bits_101" x="707" y="286" width="312" height="58" frameX="-5" frameY="0" frameWidth="322" frameHeight="64"/>
    <SubTexture name="mapa_de_bits_102" x="392" y="603" width="313" height="57" frameX="-8" frameY="-2" frameWidth="341" frameHeight="67"/>
    <SubTexture name="mapa_de_bits_103" x="459" y="963" width="112" height="50" frameX="0" frameY="-13" frameWidth="130" frameHeight="80"/>
    <SubTexture name="mapa_de_bits_104" x="573" y="963" width="30" height="13" frameX="-10" frameY="-12" frameWidth="48" frameHeight="35"/>
    <SubTexture name="mapa_de_bits_105" x="155" y="905" width="25" height="9" frameX="-8" frameY="-10" frameWidth="39" frameHeight="23"/>
    <SubTexture name="mapa_de_bits_108" x="775" y="410" width="209" height="44" frameX="-19" frameY="-16" frameWidth="239" frameHeight="86"/>
    <SubTexture name="mapa_de_bits_109" x="710" y="542" width="221" height="44" frameX="-16" frameY="-16" frameWidth="239" frameHeight="86"/>
    <SubTexture name="mapa_de_bits_110" x="380" y="879" width="223" height="44" frameX="-16" frameY="-16" frameWidth="239" frameHeight="86"/>
    <SubTexture name="mapa_de_bits_111" x="775" y="456" width="221" height="44" frameX="-18" frameY="-16" frameWidth="239" frameHeight="86"/>
    <SubTexture name="mapa_de_bits_112" x="712" y="630" width="213" height="42" frameX="-26" frameY="-17" frameWidth="239" frameHeight="86"/>
    <SubTexture name="mapa_de_bits_113" x="698" y="758" width="213" height="40" frameX="-24" frameY="-17" frameWidth="239" frameHeight="86"/>
    <SubTexture name="mapa_de_bits_114" x="605" y="883" width="197" height="36" frameX="-27" frameY="-17" frameWidth="239" frameHeight="86"/>
    <SubTexture name="mapa_de_bits_115" x="605" y="921" width="189" height="38" frameX="-32" frameY="-15" frameWidth="239" frameHeight="86"/>
    <SubTexture name="mapa_de_bits_116" x="698" y="502" width="209" height="38" frameX="-19" frameY="-15" frameWidth="239" frameHeight="86"/>
    <SubTexture name="mapa_de_bits_117" x="2" y="983" width="225" height="36" frameX="-14" frameY="-17" frameWidth="239" frameHeight="86"/>
    <SubTexture name="mapa_de_bits_118" x="380" y="925" width="223" height="36" frameX="-16" frameY="-17" frameWidth="239" frameHeight="86"/>
    <SubTexture name="mapa_de_bits_119" x="710" y="588" width="221" height="40" frameX="-18" frameY="-16" frameWidth="239" frameHeight="86"/>
    <SubTexture name="mapa_de_bits_120" x="698" y="716" width="215" height="40" frameX="-24" frameY="-17" frameWidth="239" frameHeight="86"/>
    <SubTexture name="mapa_de_bits_121" x="712" y="674" width="213" height="40" frameX="-24" frameY="-20" frameWidth="239" frameHeight="86"/>
    <SubTexture name="mapa_de_bits_122" x="640" y="843" width="199" height="38" frameX="-22" frameY="-22" frameWidth="239" frameHeight="86"/>
    <SubTexture name="mapa_de_bits_123" x="605" y="961" width="185" height="38" frameX="-18" frameY="-22" frameWidth="239" frameHeight="86"/>
    <SubTexture name="mapa_de_bits_124" x="804" y="889" width="179" height="38" frameX="-21" frameY="-22" frameWidth="239" frameHeight="86"/>
    <SubTexture name="mapa_de_bits_13" x="305" y="716" width="73" height="221" frameX="-65" frameY="-8" frameWidth="213" frameHeight="235"/>
    <SubTexture name="mapa_de_bits_14" x="305" y="456" width="85" height="258" frameX="-64" frameY="-12" frameWidth="227" frameHeight="270"/>
    <SubTexture name="mapa_de_bits_15" x="590" y="2" width="115" height="342" frameX="-47" frameY="-10" frameWidth="235" frameHeight="358"/>
    <SubTexture name="mapa_de_bits_16" x="455" y="2" width="133" height="400" frameX="-41" frameY="-6" frameWidth="273" frameHeight="410"/>
    <SubTexture name="mapa_de_bits_17" x="311" y="2" width="142" height="429" frameX="-36" frameY="-17" frameWidth="274" frameHeight="449"/>
    <SubTexture name="mapa_de_bits_18" x="155" y="456" width="148" height="447" frameX="-33" frameY="-3" frameWidth="248" frameHeight="455"/>
    <SubTexture name="mapa_de_bits_19" x="2" y="460" width="151" height="454" frameX="-31" frameY="-7" frameWidth="223" frameHeight="464"/>
    <SubTexture name="mapa_de_bits_20" x="2" y="2" width="151" height="456" frameX="-31" frameY="-2" frameWidth="239" frameHeight="458"/>
    <SubTexture name="mapa_de_bits_21" x="155" y="2" width="154" height="452" frameX="-29" frameY="0" frameWidth="230" frameHeight="452"/>
    <SubTexture name="mapa_de_bits_56" x="305" y="963" width="152" height="40" frameX="-21" frameY="-19" frameWidth="180" frameHeight="76"/>
    <SubTexture name="mapa_de_bits_57" x="796" y="929" width="165" height="44" frameX="-32" frameY="-16" frameWidth="239" frameHeight="86"/>
    <SubTexture name="mapa_de_bits_58" x="841" y="843" width="181" height="44" frameX="-32" frameY="-16" frameWidth="239" frameHeight="86"/>
    <SubTexture name="mapa_de_bits_86" x="792" y="975" width="161" height="26" frameX="-9" frameY="-21" frameWidth="179" frameHeight="60"/>
    <SubTexture name="mapa_de_bits_87" x="680" y="800" width="212" height="41" frameX="-11" frameY="-12" frameWidth="232" frameHeight="61"/>
    <SubTexture name="mapa_de_bits_88" x="380" y="827" width="258" height="50" frameX="-9" frameY="-10" frameWidth="276" frameHeight="70"/>
    <SubTexture name="mapa_de_bits_89" x="380" y="767" width="298" height="58" frameX="-7" frameY="-15" frameWidth="316" frameHeight="86"/>
    <SubTexture name="mapa_de_bits_90" x="2" y="916" width="301" height="65" frameX="-6" frameY="-10" frameWidth="313" frameHeight="85"/>
    <SubTexture name="mapa_de_bits_91" x="392" y="471" width="304" height="70" frameX="-3" frameY="-19" frameWidth="314" frameHeight="102"/>
    <SubTexture name="mapa_de_bits_92" x="707" y="213" width="306" height="71" frameX="-6" frameY="-16" frameWidth="320" frameHeight="97"/>
    <SubTexture name="mapa_de_bits_93" x="707" y="140" width="308" height="71" frameX="-5" frameY="-11" frameWidth="320" frameHeight="95"/>
    <SubTexture name="mapa_de_bits_94" x="707" y="65" width="311" height="73" frameX="-6" frameY="-14" frameWidth="327" frameHeight="95"/>
    <SubTexture name="mapa_de_bits_95" x="707" y="2" width="315" height="61" frameX="-7" frameY="-14" frameWidth="329" frameHeight="85"/>
    <SubTexture name="mapa_de_bits_96" x="392" y="543" width="316" height="58" frameX="-11" frameY="-10" frameWidth="338" frameHeight="70"/>
    <SubTexture name="mapa_de_bits_97" x="455" y="410" width="318" height="59" frameX="-4" frameY="-11" frameWidth="330" frameHeight="77"/>
    <SubTexture name="mapa_de_bits_98" x="590" y="346" width="319" height="62" frameX="-8" frameY="-12" frameWidth="335" frameHeight="86"/>
    <SubTexture name="mapa_de_bits_99" x="392" y="662" width="318" height="52" frameX="-1" frameY="-9" frameWidth="330" frameHeight="72"/>
</TextureAtlas>
