<?xml version="1.0" encoding="UTF-8"?>
<!-- Created with TexturePacker http://www.codeandweb.com/texturepacker-->
<!-- $TexturePacker:SmartUpdate:4ed8028bbd88ac57405dae6ed5dd62f1:e0c26b8e462ba4ecacb0d2a7d34ee8da:a429f66615db9e3f32a09255175c9ce5$ -->
<TextureAtlas imagePath="1833_dragon_aquaking_1_HD_tweened_dxt5.dds" scale="1.080078125">
    <SubTexture name="bubble_special" x="384" y="271" width="60" height="60"/>
    <SubTexture name="layer_001_png" x="37" y="490" width="29" height="18"/>
    <SubTexture name="layer_002_png" x="2" y="490" width="33" height="20"/>
    <SubTexture name="layer_003_png" x="433" y="455" width="47" height="21"/>
    <SubTexture name="layer_004_png" x="178" y="359" width="21" height="88"/>
    <SubTexture name="layer_005_png" x="426" y="378" width="48" height="21"/>
    <SubTexture name="layer_006_png" x="201" y="420" width="64" height="46"/>
    <SubTexture name="layer_007_png" x="446" y="318" width="63" height="58"/>
    <SubTexture name="layer_008_png" x="481" y="478" width="20" height="18"/>
    <SubTexture name="layer_009_png" x="457" y="478" width="22" height="19"/>
    <SubTexture name="layer_010_png" x="482" y="458" width="20" height="18"/>
    <SubTexture name="layer_011_png" x="2" y="370" width="63" height="118"/>
    <SubTexture name="layer_012_png" x="472" y="407" width="35" height="29"/>
    <SubTexture name="layer_013_png" x="349" y="446" width="58" height="43"/>
    <SubTexture name="layer_014_png" x="267" y="401" width="29" height="41"/>
    <SubTexture name="layer_015_png" x="433" y="428" width="32" height="25"/>
    <SubTexture name="layer_016_png" x="102" y="453" width="50" height="57"/>
    <SubTexture name="layer_017_png" x="366" y="392" width="55" height="52"/>
    <SubTexture name="layer_018_png" x="482" y="438" width="20" height="18"/>
    <SubTexture name="layer_019_png" x="298" y="490" width="21" height="18"/>
    <SubTexture name="layer_020_png" x="387" y="491" width="20" height="18"/>
    <SubTexture name="layer_021_png" x="165" y="180" width="86" height="70"/>
    <SubTexture name="layer_022_png" x="88" y="160" width="75" height="98"/>
    <SubTexture name="layer_023_png" x="299" y="395" width="65" height="47"/>
    <SubTexture name="layer_024_png" x="299" y="335" width="65" height="58"/>
    <SubTexture name="layer_025_png" x="365" y="491" width="20" height="18"/>
    <SubTexture name="layer_026_png" x="433" y="478" width="22" height="19"/>
    <SubTexture name="layer_027_png" x="343" y="491" width="20" height="18"/>
    <SubTexture name="layer_028_png" x="102" y="359" width="74" height="92"/>
    <SubTexture name="layer_029_png" x="311" y="83" width="136" height="89"/>
    <SubTexture name="layer_030_png" x="311" y="2" width="194" height="79"/>
    <SubTexture name="layer_031_png" x="310" y="271" width="72" height="62"/>
    <SubTexture name="layer_032_png" x="166" y="2" width="143" height="131"/>
    <SubTexture name="layer_033_png" x="2" y="2" width="162" height="156"/>
    <SubTexture name="layer_034_png" x="253" y="180" width="64" height="66"/>
    <SubTexture name="layer_035_png" x="2" y="160" width="84" height="208"/>
    <SubTexture name="layer_036_png" x="413" y="174" width="41" height="64"/>
    <SubTexture name="layer_037_png" x="265" y="339" width="32" height="60"/>
    <SubTexture name="layer_038_png" x="188" y="252" width="76" height="85"/>
    <SubTexture name="layer_039_png" x="201" y="339" width="62" height="79"/>
    <SubTexture name="layer_040_png" x="154" y="453" width="27" height="56"/>
    <SubTexture name="layer_041_png" x="67" y="370" width="33" height="109"/>
    <SubTexture name="layer_042_png" x="449" y="83" width="49" height="85"/>
    <SubTexture name="layer_043_png" x="426" y="333" width="15" height="19"/>
    <SubTexture name="layer_044_png" x="266" y="325" width="12" height="12"/>
    <SubTexture name="layer_045_png" x="319" y="174" width="92" height="47"/>
    <SubTexture name="layer_046_png" x="321" y="490" width="20" height="18"/>
    <SubTexture name="layer_047_png" x="446" y="240" width="8" height="15"/>
    <SubTexture name="layer_048_png" x="319" y="223" width="92" height="46"/>
    <SubTexture name="layer_049_png" x="456" y="170" width="54" height="30"/>
    <SubTexture name="layer_050_png" x="266" y="248" width="42" height="75"/>
    <SubTexture name="layer_051_png" x="409" y="446" width="22" height="45"/>
    <SubTexture name="layer_052_png" x="275" y="444" width="72" height="44"/>
    <SubTexture name="layer_053_png" x="88" y="260" width="98" height="97"/>
    <SubTexture name="layer_054_png" x="446" y="260" width="64" height="31"/>
    <SubTexture name="layer_055_png" x="166" y="135" width="102" height="43"/>
    <SubTexture name="layer_056_png" x="413" y="240" width="31" height="25"/>
    <SubTexture name="layer_057_png" x="476" y="378" width="34" height="27"/>
    <SubTexture name="layer_058_png" x="423" y="401" width="47" height="25"/>
    <SubTexture name="layer_059_png" x="183" y="468" width="90" height="23"/>
    <SubTexture name="layer_060_png" x="446" y="293" width="64" height="23"/>
    <SubTexture name="layer_061_png" x="456" y="202" width="52" height="56"/>
    <SubTexture name="layer_062_png" x="366" y="335" width="58" height="55"/>
    <SubTexture name="layer_063_png" x="270" y="135" width="31" height="41"/>
    <SubTexture name="layer_064_png" x="68" y="481" width="32" height="25"/>
    <SubTexture name="layer_065_png" x="365" y="491" width="20" height="18"/>
    <SubTexture name="layer_066_png" x="275" y="490" width="21" height="18"/>
    <SubTexture name="layer_067_png" x="343" y="491" width="20" height="18"/>
</TextureAtlas>
