<?xml version="1.0" encoding="UTF-8"?>
<!-- Created with TexturePacker http://www.codeandweb.com/texturepacker-->
<!-- $TexturePacker:SmartUpdate:3eedec496da76f0bdab13d9e7cdcd6c2:4680872f3a0261310bb04c9097ee5eea:e1856b266709f7b5a9a6a98b9dadd82a$ -->
<TextureAtlas imagePath="1833_dragon_aquaking_1_HD_tweened_dxt5_map.dds" scale="1.0888671875">
    <SubTexture name="layer_001_png" x="373" y="442" width="29" height="18"/>
    <SubTexture name="layer_002_png" x="477" y="428" width="33" height="20"/>
    <SubTexture name="layer_003_png" x="428" y="428" width="47" height="21"/>
    <SubTexture name="layer_004_png" x="180" y="361" width="21" height="89"/>
    <SubTexture name="layer_005_png" x="378" y="419" width="48" height="21"/>
    <SubTexture name="layer_006_png" x="439" y="290" width="65" height="46"/>
    <SubTexture name="layer_007_png" x="312" y="360" width="64" height="58"/>
    <SubTexture name="layer_008_png" x="487" y="405" width="20" height="18"/>
    <SubTexture name="layer_009_png" x="404" y="442" width="22" height="19"/>
    <SubTexture name="layer_010_png" x="487" y="385" width="20" height="18"/>
    <SubTexture name="layer_011_png" x="2" y="373" width="64" height="119"/>
    <SubTexture name="layer_012_png" x="394" y="316" width="35" height="29"/>
    <SubTexture name="layer_013_png" x="452" y="141" width="58" height="43"/>
    <SubTexture name="layer_014_png" x="368" y="462" width="29" height="41"/>
    <SubTexture name="layer_015_png" x="272" y="416" width="32" height="26"/>
    <SubTexture name="layer_016_png" x="378" y="360" width="51" height="57"/>
    <SubTexture name="layer_017_png" x="451" y="186" width="55" height="53"/>
    <SubTexture name="layer_018_png" x="439" y="491" width="20" height="18"/>
    <SubTexture name="layer_019_png" x="399" y="483" width="21" height="18"/>
    <SubTexture name="layer_020_png" x="444" y="471" width="20" height="18"/>
    <SubTexture name="layer_021_png" x="166" y="181" width="87" height="70"/>
    <SubTexture name="layer_022_png" x="88" y="161" width="76" height="99"/>
    <SubTexture name="layer_023_png" x="439" y="241" width="66" height="47"/>
    <SubTexture name="layer_024_png" x="198" y="452" width="66" height="58"/>
    <SubTexture name="layer_025_png" x="422" y="471" width="20" height="18"/>
    <SubTexture name="layer_026_png" x="344" y="478" width="22" height="19"/>
    <SubTexture name="layer_027_png" x="450" y="451" width="20" height="18"/>
    <SubTexture name="layer_028_png" x="103" y="361" width="75" height="93"/>
    <SubTexture name="layer_029_png" x="313" y="84" width="137" height="90"/>
    <SubTexture name="layer_030_png" x="313" y="2" width="195" height="80"/>
    <SubTexture name="layer_031_png" x="322" y="249" width="72" height="63"/>
    <SubTexture name="layer_032_png" x="167" y="2" width="144" height="132"/>
    <SubTexture name="layer_033_png" x="2" y="2" width="163" height="157"/>
    <SubTexture name="layer_034_png" x="255" y="181" width="65" height="67"/>
    <SubTexture name="layer_035_png" x="2" y="161" width="84" height="210"/>
    <SubTexture name="layer_036_png" x="396" y="249" width="41" height="65"/>
    <SubTexture name="layer_037_png" x="417" y="176" width="32" height="60"/>
    <SubTexture name="layer_038_png" x="189" y="253" width="77" height="86"/>
    <SubTexture name="layer_039_png" x="203" y="341" width="63" height="80"/>
    <SubTexture name="layer_040_png" x="266" y="451" width="27" height="56"/>
    <SubTexture name="layer_041_png" x="68" y="373" width="33" height="109"/>
    <SubTexture name="layer_042_png" x="268" y="250" width="50" height="86"/>
    <SubTexture name="layer_043_png" x="422" y="491" width="15" height="19"/>
    <SubTexture name="layer_044_png" x="2" y="494" width="13" height="13"/>
    <SubTexture name="layer_045_png" x="103" y="456" width="93" height="47"/>
    <SubTexture name="layer_046_png" x="428" y="451" width="20" height="18"/>
    <SubTexture name="layer_047_png" x="189" y="341" width="8" height="15"/>
    <SubTexture name="layer_048_png" x="322" y="176" width="93" height="46"/>
    <SubTexture name="layer_049_png" x="431" y="396" width="54" height="30"/>
    <SubTexture name="layer_050_png" x="268" y="338" width="42" height="76"/>
    <SubTexture name="layer_051_png" x="486" y="338" width="22" height="45"/>
    <SubTexture name="layer_052_png" x="320" y="314" width="72" height="44"/>
    <SubTexture name="layer_053_png" x="88" y="262" width="99" height="97"/>
    <SubTexture name="layer_054_png" x="306" y="420" width="65" height="31"/>
    <SubTexture name="layer_055_png" x="167" y="136" width="103" height="43"/>
    <SubTexture name="layer_056_png" x="239" y="423" width="31" height="26"/>
    <SubTexture name="layer_057_png" x="203" y="423" width="34" height="27"/>
    <SubTexture name="layer_058_png" x="295" y="478" width="47" height="26"/>
    <SubTexture name="layer_059_png" x="322" y="224" width="91" height="23"/>
    <SubTexture name="layer_060_png" x="295" y="453" width="65" height="23"/>
    <SubTexture name="layer_061_png" x="431" y="338" width="53" height="56"/>
    <SubTexture name="layer_062_png" x="452" y="84" width="58" height="55"/>
    <SubTexture name="layer_063_png" x="272" y="136" width="31" height="41"/>
    <SubTexture name="layer_064_png" x="68" y="484" width="32" height="26"/>
    <SubTexture name="layer_065_png" x="422" y="471" width="20" height="18"/>
    <SubTexture name="layer_066_png" x="399" y="463" width="21" height="18"/>
    <SubTexture name="layer_067_png" x="450" y="451" width="20" height="18"/>
</TextureAtlas>
