<?xml version="1.0" encoding="UTF-8"?>
<!-- Created with TexturePacker http://www.codeandweb.com/texturepacker-->
<!-- $TexturePacker:SmartUpdate:f31d7492eb2a05344f543268d5e42013:df8eae446a92d3f9129c500ce76260c4:1d508da4321403d238a900a3e59a6cba$ -->
<TextureAtlas imagePath="1929_dragon_wax_1_HD_tweened_dxt5.dds" scale="1.3095703125">
    <SubTexture name="01_png" x="304" y="2" width="140" height="78"/>
    <SubTexture name="02_png" x="2" y="2" width="153" height="142"/>
    <SubTexture name="SPAM_RearrangedBitmap1542957562" x="262" y="214" width="39" height="48" frameX="-4" frameY="-3" frameWidth="51" frameHeight="58"/>
    <SubTexture name="SPAM_RearrangedBitmap2109201241" x="261" y="313" width="37" height="47" frameX="-5" frameY="-3" frameWidth="49" frameHeight="57"/>
    <SubTexture name="SPAM_RearrangedBitmap29130765" x="219" y="342" width="37" height="23"/>
    <SubTexture name="SPAM_RearrangedBitmap3277260825" x="409" y="458" width="32" height="26" frameX="0" frameY="0" frameWidth="34" frameHeight="30"/>
    <SubTexture name="SPAM_RearrangedBitmap3758818261" x="461" y="437" width="32" height="26" frameX="0" frameY="0" frameWidth="34" frameHeight="30"/>
    <SubTexture name="SPAM_RearrangedBitmap4013989714_fx" x="400" y="185" width="5" height="2"/>
    <SubTexture name="SPAM_RearrangedBitmap4077509624_fx" x="262" y="157" width="5" height="5"/>
    <SubTexture name="SPAM_RearrangedBitmap4326876870" x="436" y="382" width="34" height="46" frameX="-6" frameY="-2" frameWidth="48" frameHeight="56"/>
    <SubTexture name="SPAM_RearrangedBitmap4482183566" x="262" y="164" width="39" height="48" frameX="-7" frameY="-3" frameWidth="53" frameHeight="58"/>
    <SubTexture name="SPAM_RearrangedBitmap5265554453" x="261" y="264" width="37" height="47" frameX="-5" frameY="-3" frameWidth="49" frameHeight="57"/>
    <SubTexture name="SPAM_RearrangedBitmap5584909574" x="426" y="430" width="33" height="26" frameX="-2" frameY="0" frameWidth="37" frameHeight="32"/>
    <SubTexture name="SPAM_RearrangedBitmap5670693666" x="472" y="409" width="33" height="26" frameX="0" frameY="0" frameWidth="35" frameHeight="30"/>
    <SubTexture name="SPAM_RearrangedBitmap595760024" x="229" y="470" width="17" height="30"/>
    <SubTexture name="SPAM_RearrangedBitmap6576889203_fx" x="269" y="157" width="2" height="3"/>
    <SubTexture name="SPAM_RearrangedBitmap669860168" x="475" y="465" width="29" height="26" frameX="-9" frameY="0" frameWidth="43" frameHeight="30"/>
    <SubTexture name="SPAM_RearrangedBitmap6983673924" x="258" y="362" width="36" height="48" frameX="-5" frameY="-2" frameWidth="48" frameHeight="56"/>
    <SubTexture name="SPAM_RearrangedBitmap7895575093" x="49" y="486" width="33" height="24" frameX="-1" frameY="-1" frameWidth="35" frameHeight="30"/>
    <SubTexture name="SPAM_RearrangedBitmap8126970198" x="472" y="382" width="34" height="25" frameX="0" frameY="-1" frameWidth="36" frameHeight="31"/>
    <SubTexture name="SPAM_RearrangedBitmap8449238453" x="49" y="408" width="36" height="47" frameX="-5" frameY="-3" frameWidth="48" frameHeight="57"/>
    <SubTexture name="SPAM_RearrangedBitmap8653180432" x="211" y="414" width="35" height="26" frameX="0" frameY="0" frameWidth="35" frameHeight="30"/>
    <SubTexture name="SPAM_RearrangedBitmap9133181788" x="53" y="339" width="36" height="26" frameX="-2" frameY="0" frameWidth="40" frameHeight="30"/>
    <SubTexture name="SPAM_RearrangedBitmap9649242495" x="436" y="333" width="35" height="47" frameX="-5" frameY="-3" frameWidth="47" frameHeight="57"/>
    <SubTexture name="SPAM_RearrangedBitmap9708525171" x="443" y="465" width="30" height="26" frameX="-1" frameY="0" frameWidth="36" frameHeight="28"/>
    <SubTexture name="SPAM_RearrangedBitmap9992403159" x="409" y="405" width="15" height="28"/>
    <SubTexture name="layer_002_png" x="430" y="82" width="13" height="45"/>
    <SubTexture name="layer_003_png" x="2" y="327" width="31" height="11"/>
    <SubTexture name="layer_004_png" x="35" y="327" width="26" height="10"/>
    <SubTexture name="layer_005_png" x="379" y="261" width="9" height="24"/>
    <SubTexture name="layer_006_png" x="303" y="261" width="74" height="44"/>
    <SubTexture name="layer_007_png" x="274" y="106" width="28" height="27"/>
    <SubTexture name="layer_008_png" x="324" y="375" width="36" height="28"/>
    <SubTexture name="layer_009_png" x="84" y="486" width="31" height="24"/>
    <SubTexture name="layer_010_png" x="390" y="249" width="49" height="77"/>
    <SubTexture name="layer_011_png" x="443" y="241" width="62" height="45"/>
    <SubTexture name="layer_012_png" x="28" y="343" width="23" height="22"/>
    <SubTexture name="layer_013_png" x="232" y="282" width="27" height="26"/>
    <SubTexture name="layer_014_png" x="2" y="343" width="24" height="22"/>
    <SubTexture name="layer_015_png" x="111" y="217" width="44" height="43"/>
    <SubTexture name="layer_016_png" x="146" y="443" width="53" height="66"/>
    <SubTexture name="layer_018_png" x="400" y="196" width="41" height="36"/>
    <SubTexture name="layer_019_png" x="2" y="367" width="36" height="43"/>
    <SubTexture name="layer_020_png" x="473" y="333" width="34" height="47"/>
    <SubTexture name="layer_021_png" x="2" y="146" width="107" height="99"/>
    <SubTexture name="layer_022_png" x="157" y="157" width="103" height="94"/>
    <SubTexture name="layer_023_png" x="2" y="247" width="102" height="78"/>
    <SubTexture name="layer_024_png" x="91" y="343" width="60" height="82"/>
    <SubTexture name="layer_025_png" x="443" y="194" width="64" height="45"/>
    <SubTexture name="layer_026_png" x="117" y="486" width="27" height="23"/>
    <SubTexture name="layer_027_png" x="232" y="253" width="27" height="27"/>
    <SubTexture name="layer_028_png" x="363" y="333" width="24" height="23"/>
    <SubTexture name="layer_029_png" x="213" y="367" width="43" height="45"/>
    <SubTexture name="layer_030_png" x="300" y="307" width="61" height="66"/>
    <SubTexture name="layer_031_png" x="87" y="427" width="52" height="57"/>
    <SubTexture name="layer_032_png" x="49" y="457" width="26" height="27"/>
    <SubTexture name="layer_033_png" x="229" y="310" width="30" height="30"/>
    <SubTexture name="layer_034_png" x="274" y="135" width="27" height="27"/>
    <SubTexture name="layer_035_png" x="106" y="262" width="47" height="79"/>
    <SubTexture name="layer_037_png" x="390" y="234" width="51" height="13"/>
    <SubTexture name="layer_038_png" x="430" y="129" width="13" height="32"/>
    <SubTexture name="layer_039_png" x="430" y="163" width="11" height="31"/>
    <SubTexture name="layer_040_png" x="400" y="173" width="27" height="10"/>
    <SubTexture name="layer_041_png" x="155" y="294" width="72" height="31"/>
    <SubTexture name="layer_042_png" x="157" y="106" width="115" height="49"/>
    <SubTexture name="layer_044_png" x="153" y="406" width="56" height="35"/>
    <SubTexture name="layer_045_png" x="304" y="82" width="124" height="89"/>
    <SubTexture name="layer_046_png" x="303" y="173" width="95" height="44"/>
    <SubTexture name="layer_047_png" x="157" y="253" width="73" height="39"/>
    <SubTexture name="layer_048_png" x="389" y="328" width="45" height="75"/>
    <SubTexture name="layer_050_png" x="441" y="288" width="69" height="43"/>
    <SubTexture name="layer_051_png" x="363" y="358" width="23" height="48"/>
    <SubTexture name="layer_052_png" x="296" y="375" width="26" height="31"/>
    <SubTexture name="layer_053_png" x="229" y="442" width="23" height="26"/>
    <SubTexture name="layer_054_png" x="363" y="307" width="24" height="24"/>
    <SubTexture name="layer_056_png" x="201" y="443" width="26" height="64"/>
    <SubTexture name="layer_057_png" x="355" y="408" width="52" height="89"/>
    <SubTexture name="layer_058_png" x="155" y="327" width="62" height="28"/>
    <SubTexture name="layer_059_png" x="296" y="408" width="57" height="99"/>
    <SubTexture name="layer_060_png" x="68" y="367" width="20" height="35"/>
    <SubTexture name="layer_061_png" x="153" y="357" width="58" height="47"/>
    <SubTexture name="layer_062_png" x="40" y="367" width="26" height="39"/>
    <SubTexture name="layer_063_png" x="445" y="140" width="65" height="52"/>
    <SubTexture name="layer_064_png" x="446" y="2" width="64" height="136"/>
    <SubTexture name="layer_065_png" x="111" y="146" width="44" height="69"/>
    <SubTexture name="layer_066_png" x="2" y="412" width="45" height="95"/>
    <SubTexture name="layer_067_png" x="303" y="219" width="85" height="40"/>
    <SubTexture name="layer_068_png" x="258" y="412" width="35" height="72"/>
    <SubTexture name="layer_43_01_png" x="157" y="2" width="145" height="102"/>
</TextureAtlas>
