<?xml version="1.0" encoding="UTF-8"?>
<!-- Created with TexturePacker http://www.codeandweb.com/texturepacker-->
<!-- $TexturePacker:SmartUpdate:99a9277305e39f63486037c65b1bdede:81162d7c96d20cdce4340006886689f5:6bb7df0d9c1601eee8a7eaccc71b5a5e$ -->
<TextureAtlas imagePath="1929_dragon_wax_1_HD_tweened_dxt5_map.dds" scale="1.3154296875">
    <SubTexture name="01_png" x="157" y="2" width="140" height="78"/>
    <SubTexture name="02_png" x="2" y="2" width="153" height="143"/>
    <SubTexture name="SPAM_RearrangedBitmap1542957562" x="315" y="416" width="39" height="47" frameX="-4" frameY="-4" frameWidth="51" frameHeight="59"/>
    <SubTexture name="SPAM_RearrangedBitmap2109201241" x="457" y="247" width="37" height="47" frameX="-5" frameY="-3" frameWidth="49" frameHeight="57"/>
    <SubTexture name="SPAM_RearrangedBitmap3277260825" x="388" y="395" width="32" height="26" frameX="0" frameY="0" frameWidth="34" frameHeight="30"/>
    <SubTexture name="SPAM_RearrangedBitmap3758818261" x="459" y="346" width="32" height="26" frameX="0" frameY="0" frameWidth="34" frameHeight="30"/>
    <SubTexture name="SPAM_RearrangedBitmap4326876870" x="454" y="298" width="34" height="46" frameX="-6" frameY="-2" frameWidth="48" frameHeight="56"/>
    <SubTexture name="SPAM_RearrangedBitmap4482183566" x="361" y="98" width="39" height="47" frameX="-7" frameY="-4" frameWidth="53" frameHeight="59"/>
    <SubTexture name="SPAM_RearrangedBitmap5265554453" x="418" y="249" width="37" height="47" frameX="-5" frameY="-3" frameWidth="49" frameHeight="57"/>
    <SubTexture name="SPAM_RearrangedBitmap5584909574" x="422" y="374" width="34" height="26" frameX="-2" frameY="0" frameWidth="38" frameHeight="32"/>
    <SubTexture name="SPAM_RearrangedBitmap5670693666" x="458" y="374" width="33" height="26" frameX="0" frameY="0" frameWidth="35" frameHeight="30"/>
    <SubTexture name="SPAM_RearrangedBitmap669860168" x="379" y="423" width="29" height="26" frameX="-9" frameY="0" frameWidth="43" frameHeight="30"/>
    <SubTexture name="SPAM_RearrangedBitmap6983673924" x="273" y="342" width="36" height="48" frameX="-5" frameY="-2" frameWidth="48" frameHeight="56"/>
    <SubTexture name="SPAM_RearrangedBitmap7895575093" x="360" y="486" width="33" height="24" frameX="-1" frameY="-1" frameWidth="35" frameHeight="30"/>
    <SubTexture name="SPAM_RearrangedBitmap8126970198" x="340" y="389" width="34" height="25" frameX="0" frameY="-1" frameWidth="36" frameHeight="31"/>
    <SubTexture name="SPAM_RearrangedBitmap8449238453" x="311" y="331" width="36" height="47" frameX="-5" frameY="-3" frameWidth="48" frameHeight="57"/>
    <SubTexture name="SPAM_RearrangedBitmap8653180432" x="422" y="346" width="35" height="26" frameX="0" frameY="0" frameWidth="35" frameHeight="30"/>
    <SubTexture name="SPAM_RearrangedBitmap9133181788" x="351" y="312" width="36" height="26" frameX="-2" frameY="0" frameWidth="40" frameHeight="30"/>
    <SubTexture name="SPAM_RearrangedBitmap9649242495" x="349" y="340" width="35" height="47" frameX="-5" frameY="-3" frameWidth="47" frameHeight="57"/>
    <SubTexture name="SPAM_RearrangedBitmap9708525171" x="455" y="402" width="30" height="26" frameX="-1" frameY="0" frameWidth="36" frameHeight="28"/>
    <SubTexture name="layer_002_png" x="497" y="202" width="13" height="46"/>
    <SubTexture name="layer_003_png" x="157" y="133" width="31" height="11"/>
    <SubTexture name="layer_004_png" x="418" y="457" width="26" height="10"/>
    <SubTexture name="layer_005_png" x="247" y="312" width="9" height="24"/>
    <SubTexture name="layer_006_png" x="182" y="266" width="74" height="44"/>
    <SubTexture name="layer_007_png" x="388" y="451" width="28" height="27"/>
    <SubTexture name="layer_008_png" x="180" y="480" width="36" height="28"/>
    <SubTexture name="layer_009_png" x="422" y="402" width="31" height="24"/>
    <SubTexture name="layer_010_png" x="260" y="140" width="49" height="77"/>
    <SubTexture name="layer_011_png" x="353" y="249" width="63" height="46"/>
    <SubTexture name="layer_012_png" x="299" y="392" width="23" height="22"/>
    <SubTexture name="layer_013_png" x="447" y="430" width="27" height="26"/>
    <SubTexture name="layer_014_png" x="273" y="392" width="24" height="22"/>
    <SubTexture name="layer_015_png" x="258" y="297" width="44" height="43"/>
    <SubTexture name="layer_016_png" x="65" y="443" width="53" height="67"/>
    <SubTexture name="layer_018_png" x="307" y="293" width="42" height="36"/>
    <SubTexture name="layer_019_png" x="294" y="466" width="36" height="43"/>
    <SubTexture name="layer_020_png" x="386" y="346" width="34" height="47"/>
    <SubTexture name="layer_021_png" x="2" y="342" width="107" height="99"/>
    <SubTexture name="layer_022_png" x="299" y="2" width="103" height="94"/>
    <SubTexture name="layer_023_png" x="404" y="2" width="102" height="78"/>
    <SubTexture name="layer_024_png" x="198" y="133" width="60" height="82"/>
    <SubTexture name="layer_025_png" x="360" y="201" width="64" height="46"/>
    <SubTexture name="layer_026_png" x="446" y="458" width="27" height="23"/>
    <SubTexture name="layer_027_png" x="418" y="428" width="27" height="27"/>
    <SubTexture name="layer_028_png" x="475" y="459" width="24" height="23"/>
    <SubTexture name="layer_029_png" x="409" y="298" width="43" height="46"/>
    <SubTexture name="layer_030_png" x="2" y="443" width="61" height="67"/>
    <SubTexture name="layer_031_png" x="236" y="416" width="52" height="57"/>
    <SubTexture name="layer_032_png" x="476" y="430" width="26" height="27"/>
    <SubTexture name="layer_033_png" x="148" y="480" width="30" height="30"/>
    <SubTexture name="layer_034_png" x="395" y="480" width="27" height="27"/>
    <SubTexture name="layer_035_png" x="311" y="140" width="47" height="80"/>
    <SubTexture name="layer_037_png" x="356" y="297" width="51" height="13"/>
    <SubTexture name="layer_038_png" x="148" y="443" width="13" height="32"/>
    <SubTexture name="layer_039_png" x="496" y="250" width="11" height="31"/>
    <SubTexture name="layer_040_png" x="311" y="380" width="27" height="10"/>
    <SubTexture name="layer_041_png" x="427" y="169" width="72" height="31"/>
    <SubTexture name="layer_042_png" x="157" y="82" width="115" height="49"/>
    <SubTexture name="layer_044_png" x="236" y="475" width="56" height="35"/>
    <SubTexture name="layer_045_png" x="2" y="251" width="124" height="89"/>
    <SubTexture name="layer_046_png" x="404" y="82" width="96" height="44"/>
    <SubTexture name="layer_047_png" x="427" y="128" width="73" height="39"/>
    <SubTexture name="layer_048_png" x="259" y="219" width="46" height="76"/>
    <SubTexture name="layer_050_png" x="426" y="202" width="69" height="43"/>
    <SubTexture name="layer_051_png" x="290" y="416" width="23" height="48"/>
    <SubTexture name="layer_052_png" x="360" y="453" width="26" height="31"/>
    <SubTexture name="layer_053_png" x="487" y="402" width="23" height="26"/>
    <SubTexture name="layer_054_png" x="424" y="483" width="24" height="24"/>
    <SubTexture name="layer_056_png" x="120" y="443" width="26" height="64"/>
    <SubTexture name="layer_057_png" x="128" y="251" width="52" height="89"/>
    <SubTexture name="layer_058_png" x="182" y="312" width="63" height="28"/>
    <SubTexture name="layer_059_png" x="111" y="342" width="57" height="99"/>
    <SubTexture name="layer_060_png" x="356" y="416" width="21" height="35"/>
    <SubTexture name="layer_061_png" x="198" y="217" width="59" height="47"/>
    <SubTexture name="layer_062_png" x="332" y="465" width="26" height="39"/>
    <SubTexture name="layer_063_png" x="360" y="147" width="65" height="52"/>
    <SubTexture name="layer_064_png" x="170" y="342" width="64" height="136"/>
    <SubTexture name="layer_065_png" x="307" y="222" width="44" height="69"/>
    <SubTexture name="layer_066_png" x="150" y="147" width="46" height="96"/>
    <SubTexture name="layer_067_png" x="274" y="98" width="85" height="40"/>
    <SubTexture name="layer_068_png" x="236" y="342" width="35" height="72"/>
    <SubTexture name="layer_43_01_png" x="2" y="147" width="146" height="102"/>
</TextureAtlas>
