<?xml version="1.0" encoding="UTF-8"?>
<!-- Created with TexturePacker http://www.codeandweb.com/texturepacker-->
<!-- $TexturePacker:SmartUpdate:7ccaffc7a52040f7248eee3226980b7f:98e1ea269391a487a45242be9cfdcd1b:41354b477cec242d68e53202a1d5422d$ -->
<TextureAtlas imagePath="2779_dragon_dragnomeking_3_HD_tweened_dxt5.dds" scale="0.84375">
    <SubTexture name="SPAM_RearrangedBitmap1006995913_fx" x="171" y="427" width="16" height="15" frameX="-16" frameY="-2" frameWidth="36" frameHeight="23"/>
    <SubTexture name="SPAM_RearrangedBitmap101465877" x="525" y="532" width="46" height="24" frameX="0" frameY="0" frameWidth="48" frameHeight="28"/>
    <SubTexture name="SPAM_RearrangedBitmap1026128579_fx" x="110" y="427" width="32" height="17" frameX="-1" frameY="-1" frameWidth="36" frameHeight="23"/>
    <SubTexture name="SPAM_RearrangedBitmap1101841976_fx" x="750" y="866" width="32" height="20" frameX="-1" frameY="0" frameWidth="36" frameHeight="24"/>
    <SubTexture name="SPAM_RearrangedBitmap1542957562_fx" x="626" y="108" width="48" height="44" frameX="-3" frameY="-5" frameWidth="58" frameHeight="58"/>
    <SubTexture name="SPAM_RearrangedBitmap1791443364" x="868" y="459" width="54" height="45" frameX="-4" frameY="-3" frameWidth="66" frameHeight="55"/>
    <SubTexture name="SPAM_RearrangedBitmap1894464784_fx" x="838" y="889" width="34" height="19" frameX="0" frameY="0" frameWidth="36" frameHeight="23"/>
    <SubTexture name="SPAM_RearrangedBitmap2254443403" x="764" y="652" width="90" height="89" frameX="-3" frameY="-3" frameWidth="100" frameHeight="99"/>
    <SubTexture name="SPAM_RearrangedBitmap2765236914" x="756" y="975" width="52" height="44" frameX="-4" frameY="-3" frameWidth="64" frameHeight="54"/>
    <SubTexture name="SPAM_RearrangedBitmap2858406946" x="618" y="708" width="42" height="79" frameX="0" frameY="-2" frameWidth="46" frameHeight="83"/>
    <SubTexture name="SPAM_RearrangedBitmap2943053712_fx" x="883" y="952" width="32" height="19" frameX="-1" frameY="0" frameWidth="36" frameHeight="23"/>
    <SubTexture name="SPAM_RearrangedBitmap2950249609" x="420" y="136" width="59" height="44" frameX="-3" frameY="-2" frameWidth="75" frameHeight="54"/>
    <SubTexture name="SPAM_RearrangedBitmap3075358096" x="482" y="939" width="39" height="80" frameX="-1" frameY="-1" frameWidth="43" frameHeight="88"/>
    <SubTexture name="SPAM_RearrangedBitmap3169798223" x="820" y="913" width="37" height="37" frameX="-3" frameY="-3" frameWidth="47" frameHeight="47"/>
    <SubTexture name="SPAM_RearrangedBitmap3277260825_fx" x="624" y="272" width="49" height="43" frameX="-3" frameY="-4" frameWidth="61" frameHeight="55"/>
    <SubTexture name="SPAM_RearrangedBitmap3345554134" x="247" y="569" width="57" height="59" frameX="-3" frameY="-3" frameWidth="67" frameHeight="69"/>
    <SubTexture name="SPAM_RearrangedBitmap3398388945" x="732" y="928" width="52" height="45" frameX="-3" frameY="-3" frameWidth="62" frameHeight="55"/>
    <SubTexture name="SPAM_RearrangedBitmap3672508151_fx" x="644" y="999" width="34" height="20" frameX="0" frameY="0" frameWidth="36" frameHeight="24"/>
    <SubTexture name="SPAM_RearrangedBitmap3758818261_fx" x="861" y="607" width="59" height="51" frameX="-5" frameY="-3" frameWidth="77" frameHeight="63"/>
    <SubTexture name="SPAM_RearrangedBitmap3944694877_fx" x="859" y="931" width="32" height="19" frameX="-1" frameY="0" frameWidth="36" frameHeight="23"/>
    <SubTexture name="SPAM_RearrangedBitmap4195946268" x="922" y="608" width="87" height="87" frameX="-3" frameY="-4" frameWidth="97" frameHeight="97"/>
    <SubTexture name="SPAM_RearrangedBitmap4326876870_fx" x="536" y="364" width="29" height="26" frameX="-7" frameY="-3" frameWidth="43" frameHeight="40"/>
    <SubTexture name="SPAM_RearrangedBitmap4404793913" x="345" y="789" width="41" height="98" frameX="-1" frameY="-2" frameWidth="45" frameHeight="102"/>
    <SubTexture name="SPAM_RearrangedBitmap4456335529_fx" x="716" y="867" width="32" height="20" frameX="0" frameY="0" frameWidth="34" frameHeight="24"/>
    <SubTexture name="SPAM_RearrangedBitmap4482183566_fx" x="946" y="198" width="46" height="39" frameX="-5" frameY="-4" frameWidth="58" frameHeight="53"/>
    <SubTexture name="SPAM_RearrangedBitmap4807071897" x="110" y="151" width="81" height="87" frameX="-9" frameY="-4" frameWidth="101" frameHeight="103"/>
    <SubTexture name="SPAM_RearrangedBitmap4930492904" x="946" y="278" width="71" height="78" frameX="-6" frameY="-5" frameWidth="87" frameHeight="94"/>
    <SubTexture name="SPAM_RearrangedBitmap5034862617" x="331" y="374" width="38" height="38" frameX="-6" frameY="-4" frameWidth="54" frameHeight="50"/>
    <SubTexture name="SPAM_RearrangedBitmap5197288459" x="784" y="866" width="52" height="45" frameX="-4" frameY="-2" frameWidth="68" frameHeight="55"/>
    <SubTexture name="SPAM_RearrangedBitmap5285004386" x="926" y="403" width="92" height="111" frameX="-9" frameY="-8" frameWidth="110" frameHeight="127"/>
    <SubTexture name="SPAM_RearrangedBitmap5371677498" x="2" y="939" width="81" height="82" frameX="-1" frameY="0" frameWidth="85" frameHeight="86"/>
    <SubTexture name="SPAM_RearrangedBitmap5402668388" x="475" y="272" width="91" height="90" frameX="-3" frameY="-3" frameWidth="101" frameHeight="100"/>
    <SubTexture name="SPAM_RearrangedBitmap5516101102_fx" x="144" y="427" width="25" height="16" frameX="0" frameY="0" frameWidth="27" frameHeight="20"/>
    <SubTexture name="SPAM_RearrangedBitmap5584909574_fx" x="256" y="187" width="51" height="49" frameX="-5" frameY="-4" frameWidth="69" frameHeight="61"/>
    <SubTexture name="SPAM_RearrangedBitmap5586642213" x="922" y="516" width="90" height="90" frameX="-3" frameY="-4" frameWidth="102" frameHeight="102"/>
    <SubTexture name="SPAM_RearrangedBitmap5603749268_fx" x="680" y="999" width="33" height="20" frameX="0" frameY="0" frameWidth="35" frameHeight="24"/>
    <SubTexture name="SPAM_RearrangedBitmap5670693666_fx" x="849" y="952" width="32" height="32" frameX="-5" frameY="-5" frameWidth="46" frameHeight="44"/>
    <SubTexture name="SPAM_RearrangedBitmap5775007928" x="423" y="364" width="55" height="45" frameX="-2" frameY="-2" frameWidth="65" frameHeight="55"/>
    <SubTexture name="SPAM_RearrangedBitmap6166390137" x="147" y="939" width="79" height="81" frameX="-2" frameY="-2" frameWidth="87" frameHeight="89"/>
    <SubTexture name="SPAM_RearrangedBitmap6511328016" x="644" y="930" width="52" height="67" frameX="-7" frameY="-8" frameWidth="68" frameHeight="85"/>
    <SubTexture name="SPAM_RearrangedBitmap660654836" x="388" y="829" width="40" height="42" frameX="-4" frameY="-3" frameWidth="52" frameHeight="52"/>
    <SubTexture name="SPAM_RearrangedBitmap6614714115" x="856" y="730" width="60" height="42" frameX="-3" frameY="-4" frameWidth="74" frameHeight="54"/>
    <SubTexture name="SPAM_RearrangedBitmap663513224" x="768" y="534" width="91" height="116" frameX="-7" frameY="-7" frameWidth="109" frameHeight="132"/>
    <SubTexture name="SPAM_RearrangedBitmap669860168_fx" x="388" y="745" width="40" height="43" frameX="-5" frameY="-5" frameWidth="56" frameHeight="55"/>
    <SubTexture name="SPAM_RearrangedBitmap6771352062_fx" x="324" y="1021" width="1" height="1" frameX="0" frameY="0" frameWidth="36" frameHeight="21"/>
    <SubTexture name="SPAM_RearrangedBitmap7049435845" x="568" y="265" width="54" height="45" frameX="-2" frameY="-3" frameWidth="64" frameHeight="55"/>
    <SubTexture name="SPAM_RearrangedBitmap7168624658" x="856" y="660" width="63" height="68" frameX="0" frameY="-2" frameWidth="65" frameHeight="74"/>
    <SubTexture name="SPAM_RearrangedBitmap7419318374_fx" x="309" y="542" width="34" height="20" frameX="0" frameY="0" frameWidth="36" frameHeight="24"/>
    <SubTexture name="SPAM_RearrangedBitmap7895575093_fx" x="622" y="562" width="47" height="39" frameX="-6" frameY="-4" frameWidth="63" frameHeight="51"/>
    <SubTexture name="SPAM_RearrangedBitmap7955171125" x="480" y="364" width="54" height="45" frameX="-3" frameY="-3" frameWidth="66" frameHeight="55"/>
    <SubTexture name="SPAM_RearrangedBitmap7958808049" x="774" y="440" width="92" height="92" frameX="-2" frameY="-3" frameWidth="102" frameHeight="102"/>
    <SubTexture name="SPAM_RearrangedBitmap8126970198_fx" x="291" y="374" width="38" height="38" frameX="-5" frameY="-6" frameWidth="52" frameHeight="52"/>
    <SubTexture name="SPAM_RearrangedBitmap8293605860" x="523" y="934" width="86" height="88" frameX="-3" frameY="-2" frameWidth="96" frameHeight="96"/>
    <SubTexture name="SPAM_RearrangedBitmap8405129396_fx" x="874" y="889" width="32" height="19" frameX="-1" frameY="0" frameWidth="36" frameHeight="23"/>
    <SubTexture name="SPAM_RearrangedBitmap8562457731" x="371" y="364" width="50" height="47" frameX="-4" frameY="-2" frameWidth="66" frameHeight="57"/>
    <SubTexture name="SPAM_RearrangedBitmap8653180432_fx" x="435" y="2" width="45" height="44" frameX="-8" frameY="-5" frameWidth="61" frameHeight="58"/>
    <SubTexture name="SPAM_RearrangedBitmap9133181788_fx" x="715" y="986" width="39" height="36" frameX="-4" frameY="-5" frameWidth="51" frameHeight="48"/>
    <SubTexture name="SPAM_RearrangedBitmap9280296696" x="482" y="790" width="41" height="39" frameX="-5" frameY="-3" frameWidth="53" frameHeight="49"/>
    <SubTexture name="SPAM_RearrangedBitmap9346440113" x="664" y="689" width="89" height="88" frameX="-3" frameY="-4" frameWidth="99" frameHeight="98"/>
    <SubTexture name="SPAM_RearrangedBitmap9496328720" x="675" y="455" width="91" height="117" frameX="-8" frameY="-6" frameWidth="109" frameHeight="135"/>
    <SubTexture name="SPAM_RearrangedBitmap9515918734" x="611" y="932" width="31" height="88" frameX="0" frameY="-2" frameWidth="35" frameHeight="96"/>
    <SubTexture name="SPAM_RearrangedBitmap9649242495_fx" x="618" y="665" width="44" height="41" frameX="-5" frameY="-3" frameWidth="56" frameHeight="53"/>
    <SubTexture name="SPAM_RearrangedBitmap9708525171_fx" x="578" y="450" width="43" height="36" frameX="-6" frameY="-6" frameWidth="59" frameHeight="50"/>
    <SubTexture name="SPAM_RearrangedBitmap9909991126" x="662" y="779" width="84" height="86" frameX="-3" frameY="-2" frameWidth="94" frameHeight="94"/>
    <SubTexture name="layer_001_png" x="257" y="883" width="14" height="5"/>
    <SubTexture name="layer_002_png" x="859" y="910" width="32" height="19"/>
    <SubTexture name="layer_003_png" x="894" y="438" width="29" height="19"/>
    <SubTexture name="layer_004_png" x="172" y="630" width="14" height="24"/>
    <SubTexture name="layer_005_png" x="946" y="239" width="72" height="37"/>
    <SubTexture name="layer_006_png" x="421" y="29" width="5" height="20"/>
    <SubTexture name="layer_007_png" x="428" y="29" width="5" height="18"/>
    <SubTexture name="layer_008_png" x="994" y="203" width="14" height="19"/>
    <SubTexture name="layer_009_png" x="420" y="95" width="13" height="19"/>
    <SubTexture name="layer_010_png" x="998" y="31" width="23" height="9"/>
    <SubTexture name="layer_011_png" x="496" y="187" width="16" height="34"/>
    <SubTexture name="layer_012_png" x="345" y="702" width="41" height="85"/>
    <SubTexture name="layer_013_png" x="388" y="790" width="87" height="37"/>
    <SubTexture name="layer_014_png" x="671" y="574" width="91" height="113"/>
    <SubTexture name="layer_015_png" x="798" y="198" width="146" height="80"/>
    <SubTexture name="layer_016_png" x="921" y="697" width="86" height="62"/>
    <SubTexture name="layer_017_png" x="525" y="612" width="91" height="57"/>
    <SubTexture name="layer_018_png" x="228" y="939" width="64" height="81"/>
    <SubTexture name="layer_019_png" x="551" y="59" width="52" height="48"/>
    <SubTexture name="layer_020_png" x="630" y="867" width="84" height="61"/>
    <SubTexture name="layer_021_png" x="998" y="2" width="23" height="27"/>
    <SubTexture name="layer_022_png" x="2" y="2" width="106" height="442"/>
    <SubTexture name="layer_023_png" x="626" y="154" width="48" height="30"/>
    <SubTexture name="layer_024_png" x="716" y="889" width="58" height="37"/>
    <SubTexture name="layer_025_png" x="197" y="414" width="48" height="26"/>
    <SubTexture name="layer_026_png" x="786" y="913" width="32" height="44"/>
    <SubTexture name="layer_027_png" x="578" y="522" width="42" height="88"/>
    <SubTexture name="layer_028_png" x="324" y="939" width="156" height="80"/>
    <SubTexture name="layer_029_png" x="95" y="446" width="75" height="210"/>
    <SubTexture name="layer_030_png" x="247" y="414" width="60" height="153"/>
    <SubTexture name="layer_031_png" x="167" y="891" width="266" height="46"/>
    <SubTexture name="layer_032_png" x="994" y="180" width="25" height="21"/>
    <SubTexture name="layer_033_png" x="994" y="109" width="27" height="38"/>
    <SubTexture name="layer_034_png" x="578" y="411" width="43" height="37"/>
    <SubTexture name="layer_035_png" x="462" y="630" width="61" height="113"/>
    <SubTexture name="layer_036_png" x="525" y="671" width="91" height="42"/>
    <SubTexture name="layer_037_png" x="193" y="630" width="114" height="71"/>
    <SubTexture name="layer_038_png" x="623" y="425" width="50" height="36"/>
    <SubTexture name="layer_039_png" x="622" y="603" width="44" height="60"/>
    <SubTexture name="layer_040_png" x="193" y="2" width="62" height="41"/>
    <SubTexture name="layer_041_png" x="787" y="369" width="105" height="69"/>
    <SubTexture name="layer_042_png" x="435" y="745" width="88" height="43"/>
    <SubTexture name="layer_043_png" x="85" y="939" width="60" height="82"/>
    <SubTexture name="layer_044_png" x="790" y="280" width="134" height="87"/>
    <SubTexture name="layer_045_png" x="257" y="2" width="162" height="91"/>
    <SubTexture name="layer_046_png" x="807" y="2" width="189" height="97"/>
    <SubTexture name="layer_047_png" x="110" y="2" width="81" height="147"/>
    <SubTexture name="layer_048_png" x="309" y="187" width="92" height="48"/>
    <SubTexture name="layer_049_png" x="486" y="411" width="90" height="119"/>
    <SubTexture name="layer_050_png" x="306" y="569" width="37" height="59"/>
    <SubTexture name="layer_051_png" x="481" y="59" width="68" height="48"/>
    <SubTexture name="layer_052_png" x="605" y="59" width="69" height="47"/>
    <SubTexture name="layer_053_png" x="623" y="317" width="50" height="106"/>
    <SubTexture name="layer_054_png" x="803" y="101" width="189" height="95"/>
    <SubTexture name="layer_055_png" x="2" y="446" width="91" height="255"/>
    <SubTexture name="layer_056_png" x="172" y="444" width="73" height="184"/>
    <SubTexture name="layer_057_png" x="482" y="2" width="323" height="55"/>
    <SubTexture name="layer_058_png" x="994" y="149" width="26" height="29"/>
    <SubTexture name="layer_059_png" x="475" y="237" width="46" height="32"/>
    <SubTexture name="layer_060_png" x="110" y="240" width="85" height="185"/>
    <SubTexture name="layer_061_png" x="309" y="630" width="151" height="70"/>
    <SubTexture name="layer_062_png" x="623" y="496" width="47" height="64"/>
    <SubTexture name="layer_063_png" x="365" y="237" width="108" height="125"/>
    <SubTexture name="layer_064_png" x="676" y="113" width="120" height="97"/>
    <SubTexture name="layer_065_png" x="2" y="703" width="163" height="234"/>
    <SubTexture name="layer_066_png" x="294" y="939" width="28" height="81"/>
    <SubTexture name="layer_067_png" x="525" y="715" width="88" height="105"/>
    <SubTexture name="layer_068_png" x="257" y="703" width="86" height="178"/>
    <SubTexture name="layer_069_png" x="481" y="109" width="143" height="76"/>
    <SubTexture name="layer_070_png" x="675" y="212" width="120" height="61"/>
    <SubTexture name="layer_071_png" x="568" y="312" width="53" height="97"/>
    <SubTexture name="layer_072_png" x="291" y="238" width="72" height="134"/>
    <SubTexture name="layer_073_png" x="379" y="413" width="105" height="125"/>
    <SubTexture name="layer_074_png" x="868" y="506" width="52" height="99"/>
    <SubTexture name="layer_075_png" x="435" y="831" width="65" height="106"/>
    <SubTexture name="layer_076_png" x="675" y="393" width="97" height="60"/>
    <SubTexture name="layer_077_png" x="502" y="831" width="86" height="101"/>
    <SubTexture name="layer_078_png" x="523" y="187" width="99" height="76"/>
    <SubTexture name="layer_079_png" x="345" y="542" width="178" height="86"/>
    <SubTexture name="layer_080_png" x="894" y="369" width="30" height="67"/>
    <SubTexture name="layer_081_png" x="435" y="48" width="44" height="86"/>
    <SubTexture name="layer_082_png" x="309" y="414" width="68" height="126"/>
    <SubTexture name="layer_083_png" x="626" y="186" width="47" height="84"/>
    <SubTexture name="layer_084_png" x="748" y="823" width="77" height="41"/>
    <SubTexture name="layer_085_png" x="842" y="774" width="68" height="113"/>
    <SubTexture name="layer_086_png" x="998" y="88" width="17" height="19"/>
    <SubTexture name="layer_087_png" x="403" y="187" width="91" height="48"/>
    <SubTexture name="layer_088_png" x="421" y="16" width="7" height="11"/>
    <SubTexture name="layer_089_png" x="810" y="959" width="37" height="43"/>
    <SubTexture name="layer_090_png" x="193" y="226" width="16" height="10"/>
    <SubTexture name="layer_091_png" x="849" y="986" width="36" height="24"/>
    <SubTexture name="layer_092_png" x="810" y="1004" width="31" height="18"/>
    <SubTexture name="layer_093_png" x="998" y="42" width="18" height="44"/>
    <SubTexture name="layer_094_png" x="675" y="333" width="110" height="58"/>
    <SubTexture name="layer_095_png" x="193" y="45" width="61" height="179"/>
    <SubTexture name="layer_096_png" x="421" y="2" width="11" height="12"/>
    <SubTexture name="layer_097_png" x="95" y="658" width="96" height="43"/>
    <SubTexture name="layer_098_png" x="675" y="275" width="113" height="56"/>
    <SubTexture name="layer_099_png" x="698" y="930" width="32" height="54"/>
    <SubTexture name="layer_100_png" x="676" y="59" width="125" height="52"/>
    <SubTexture name="layer_101_png" x="167" y="703" width="88" height="186"/>
    <SubTexture name="layer_102_png" x="257" y="95" width="161" height="90"/>
    <SubTexture name="layer_103_png" x="197" y="238" width="92" height="174"/>
    <SubTexture name="layer_104_png" x="755" y="743" width="85" height="78"/>
    <SubTexture name="layer_105_png" x="918" y="761" width="80" height="116"/>
    <SubTexture name="layer_106_png" x="926" y="358" width="94" height="43"/>
    <SubTexture name="layer_107_png" x="388" y="702" width="41" height="41"/>
    <SubTexture name="layer_108_png" x="525" y="558" width="38" height="52"/>
    <SubTexture name="layer_109_png" x="623" y="463" width="50" height="31"/>
    <SubTexture name="layer_110_png" x="590" y="861" width="38" height="69"/>
    <SubTexture name="layer_111_png" x="578" y="488" width="43" height="32"/>
    <SubTexture name="layer_112_png" x="615" y="789" width="42" height="70"/>
</TextureAtlas>
