<?xml version="1.0" encoding="UTF-8"?>
<!-- Created with TexturePacker http://www.codeandweb.com/texturepacker-->
<!-- $TexturePacker:SmartUpdate:58cc59e5f9ffa065d3038208f9060f2c:be703c364909cc7c9fb4c3ad28520096:0a2ec450647caee74367cd6bb9b3a2d9$ -->
<TextureAtlas imagePath="2779_dragon_dragnomeking_3_HD_tweened_dxt5_map.dds" scale="0.477294921875">
    <SubTexture name="layer_001_png" x="448" y="437" width="8" height="3"/>
    <SubTexture name="layer_002_png" x="324" y="397" width="18" height="10"/>
    <SubTexture name="layer_003_png" x="478" y="454" width="16" height="10"/>
    <SubTexture name="layer_004_png" x="502" y="319" width="8" height="13"/>
    <SubTexture name="layer_005_png" x="419" y="470" width="41" height="21"/>
    <SubTexture name="layer_006_png" x="404" y="241" width="3" height="11"/>
    <SubTexture name="layer_007_png" x="324" y="376" width="3" height="10"/>
    <SubTexture name="layer_008_png" x="502" y="334" width="8" height="10"/>
    <SubTexture name="layer_009_png" x="400" y="155" width="7" height="10"/>
    <SubTexture name="layer_010_png" x="478" y="505" width="13" height="5"/>
    <SubTexture name="layer_011_png" x="248" y="238" width="9" height="19"/>
    <SubTexture name="layer_012_png" x="431" y="332" width="23" height="48"/>
    <SubTexture name="layer_013_png" x="208" y="399" width="49" height="21"/>
    <SubTexture name="layer_014_png" x="346" y="102" width="52" height="64"/>
    <SubTexture name="layer_015_png" x="400" y="108" width="83" height="45"/>
    <SubTexture name="layer_016_png" x="259" y="246" width="49" height="35"/>
    <SubTexture name="layer_017_png" x="329" y="337" width="51" height="32"/>
    <SubTexture name="layer_018_png" x="346" y="397" width="36" height="46"/>
    <SubTexture name="layer_019_png" x="386" y="441" width="29" height="27"/>
    <SubTexture name="layer_020_png" x="382" y="332" width="47" height="34"/>
    <SubTexture name="layer_021_png" x="381" y="312" width="13" height="15"/>
    <SubTexture name="layer_022_png" x="2" y="2" width="60" height="250"/>
    <SubTexture name="layer_023_png" x="449" y="493" width="27" height="17"/>
    <SubTexture name="layer_024_png" x="478" y="296" width="32" height="21"/>
    <SubTexture name="layer_025_png" x="310" y="291" width="27" height="14"/>
    <SubTexture name="layer_026_png" x="485" y="387" width="18" height="25"/>
    <SubTexture name="layer_027_png" x="252" y="451" width="23" height="50"/>
    <SubTexture name="layer_028_png" x="158" y="226" width="88" height="45"/>
    <SubTexture name="layer_029_png" x="64" y="136" width="42" height="119"/>
    <SubTexture name="layer_030_png" x="310" y="138" width="34" height="86"/>
    <SubTexture name="layer_031_png" x="158" y="35" width="150" height="26"/>
    <SubTexture name="layer_032_png" x="496" y="454" width="14" height="11"/>
    <SubTexture name="layer_033_png" x="462" y="470" width="15" height="21"/>
    <SubTexture name="layer_034_png" x="456" y="364" width="24" height="21"/>
    <SubTexture name="layer_035_png" x="310" y="226" width="34" height="63"/>
    <SubTexture name="layer_036_png" x="327" y="312" width="52" height="23"/>
    <SubTexture name="layer_037_png" x="55" y="360" width="64" height="40"/>
    <SubTexture name="layer_038_png" x="482" y="350" width="28" height="20"/>
    <SubTexture name="layer_039_png" x="367" y="474" width="25" height="34"/>
    <SubTexture name="layer_040_png" x="448" y="387" width="35" height="23"/>
    <SubTexture name="layer_041_png" x="409" y="228" width="59" height="39"/>
    <SubTexture name="layer_042_png" x="329" y="371" width="50" height="24"/>
    <SubTexture name="layer_043_png" x="384" y="393" width="34" height="46"/>
    <SubTexture name="layer_044_png" x="124" y="400" width="75" height="49"/>
    <SubTexture name="layer_045_png" x="400" y="55" width="91" height="51"/>
    <SubTexture name="layer_046_png" x="158" y="63" width="107" height="55"/>
    <SubTexture name="layer_047_png" x="159" y="273" width="46" height="83"/>
    <SubTexture name="layer_048_png" x="401" y="303" width="52" height="27"/>
    <SubTexture name="layer_049_png" x="106" y="289" width="51" height="67"/>
    <SubTexture name="layer_050_png" x="456" y="329" width="21" height="33"/>
    <SubTexture name="layer_051_png" x="346" y="445" width="38" height="27"/>
    <SubTexture name="layer_052_png" x="417" y="442" width="39" height="26"/>
    <SubTexture name="layer_053_png" x="316" y="409" width="28" height="60"/>
    <SubTexture name="layer_054_png" x="158" y="120" width="107" height="53"/>
    <SubTexture name="layer_055_png" x="2" y="254" width="51" height="144"/>
    <SubTexture name="layer_056_png" x="267" y="63" width="41" height="104"/>
    <SubTexture name="layer_057_png" x="158" y="2" width="182" height="31"/>
    <SubTexture name="layer_058_png" x="493" y="90" width="14" height="16"/>
    <SubTexture name="layer_059_png" x="473" y="414" width="26" height="18"/>
    <SubTexture name="layer_060_png" x="108" y="136" width="48" height="105"/>
    <SubTexture name="layer_061_png" x="121" y="358" width="85" height="40"/>
    <SubTexture name="layer_062_png" x="339" y="474" width="26" height="36"/>
    <SubTexture name="layer_063_png" x="346" y="168" width="61" height="71"/>
    <SubTexture name="layer_064_png" x="54" y="402" width="68" height="55"/>
    <SubTexture name="layer_065_png" x="64" y="2" width="92" height="132"/>
    <SubTexture name="layer_066_png" x="493" y="42" width="16" height="46"/>
    <SubTexture name="layer_067_png" x="137" y="451" width="50" height="59"/>
    <SubTexture name="layer_068_png" x="55" y="257" width="49" height="101"/>
    <SubTexture name="layer_069_png" x="54" y="459" width="81" height="43"/>
    <SubTexture name="layer_070_png" x="259" y="340" width="68" height="34"/>
    <SubTexture name="layer_071_png" x="220" y="451" width="30" height="54"/>
    <SubTexture name="layer_072_png" x="267" y="169" width="41" height="75"/>
    <SubTexture name="layer_073_png" x="409" y="155" width="59" height="71"/>
    <SubTexture name="layer_074_png" x="189" y="451" width="29" height="56"/>
    <SubTexture name="layer_075_png" x="277" y="445" width="37" height="60"/>
    <SubTexture name="layer_076_png" x="259" y="409" width="55" height="34"/>
    <SubTexture name="layer_077_png" x="208" y="340" width="49" height="57"/>
    <SubTexture name="layer_078_png" x="346" y="241" width="56" height="43"/>
    <SubTexture name="layer_079_png" x="158" y="175" width="101" height="49"/>
    <SubTexture name="layer_080_png" x="493" y="2" width="17" height="38"/>
    <SubTexture name="layer_081_png" x="485" y="108" width="25" height="48"/>
    <SubTexture name="layer_082_png" x="470" y="158" width="38" height="71"/>
    <SubTexture name="layer_083_png" x="420" y="393" width="26" height="47"/>
    <SubTexture name="layer_084_png" x="386" y="368" width="43" height="23"/>
    <SubTexture name="layer_085_png" x="470" y="231" width="38" height="63"/>
    <SubTexture name="layer_086_png" x="478" y="493" width="10" height="10"/>
    <SubTexture name="layer_087_png" x="201" y="422" width="52" height="27"/>
    <SubTexture name="layer_088_png" x="261" y="175" width="4" height="6"/>
    <SubTexture name="layer_089_png" x="455" y="303" width="21" height="24"/>
    <SubTexture name="layer_090_png" x="248" y="259" width="9" height="5"/>
    <SubTexture name="layer_091_png" x="482" y="372" width="20" height="13"/>
    <SubTexture name="layer_092_png" x="248" y="226" width="17" height="10"/>
    <SubTexture name="layer_093_png" x="479" y="466" width="10" height="25"/>
    <SubTexture name="layer_094_png" x="404" y="269" width="62" height="32"/>
    <SubTexture name="layer_095_png" x="310" y="35" width="34" height="101"/>
    <SubTexture name="layer_096_png" x="504" y="372" width="6" height="7"/>
    <SubTexture name="layer_097_png" x="254" y="283" width="54" height="24"/>
    <SubTexture name="layer_098_png" x="259" y="376" width="63" height="31"/>
    <SubTexture name="layer_099_png" x="458" y="437" width="18" height="31"/>
    <SubTexture name="layer_100_png" x="254" y="309" width="71" height="29"/>
    <SubTexture name="layer_101_png" x="2" y="400" width="50" height="105"/>
    <SubTexture name="layer_102_png" x="400" y="2" width="91" height="51"/>
    <SubTexture name="layer_103_png" x="346" y="2" width="52" height="98"/>
    <SubTexture name="layer_104_png" x="108" y="243" width="48" height="44"/>
    <SubTexture name="layer_105_png" x="207" y="273" width="45" height="65"/>
    <SubTexture name="layer_106_png" x="346" y="286" width="53" height="24"/>
    <SubTexture name="layer_107_png" x="448" y="412" width="23" height="23"/>
    <SubTexture name="layer_108_png" x="479" y="319" width="21" height="29"/>
    <SubTexture name="layer_109_png" x="419" y="493" width="28" height="17"/>
    <SubTexture name="layer_110_png" x="316" y="471" width="21" height="39"/>
    <SubTexture name="layer_111_png" x="478" y="434" width="24" height="18"/>
    <SubTexture name="layer_112_png" x="394" y="470" width="23" height="40"/>
</TextureAtlas>
