<?xml version="1.0" encoding="UTF-8"?>
<!-- Created with TexturePacker http://www.codeandweb.com/texturepacker-->
<!-- $TexturePacker:SmartUpdate:5f13598accfbd32ef732d550ea4b729f:bb648672e81a3c40fe20d64e175bdec9:279e1fe30dfdbd96ebb7d2d7a49dd162$ -->
<TextureAtlas imagePath="1000_dragon_nature_1_HD_tweened_dxt5_map.dds" scale="1.4130859375">
    <SubTexture name="layer_001_png" x="470" y="143" width="28" height="38"/>
    <SubTexture name="layer_002_png" x="404" y="472" width="56" height="38"/>
    <SubTexture name="layer_003_png" x="244" y="362" width="52" height="55"/>
    <SubTexture name="layer_004_png" x="496" y="483" width="14" height="16"/>
    <SubTexture name="layer_005_png" x="494" y="95" width="16" height="16"/>
    <SubTexture name="layer_006_png" x="491" y="183" width="19" height="18"/>
    <SubTexture name="layer_007_png" x="105" y="426" width="48" height="84"/>
    <SubTexture name="layer_008_png" x="428" y="264" width="57" height="39"/>
    <SubTexture name="layer_009_png" x="496" y="457" width="14" height="24"/>
    <SubTexture name="layer_010_png" x="481" y="333" width="26" height="24"/>
    <SubTexture name="layer_011_png" x="455" y="376" width="55" height="38"/>
    <SubTexture name="layer_012_png" x="470" y="95" width="22" height="46"/>
    <SubTexture name="layer_013_png" x="455" y="416" width="42" height="39"/>
    <SubTexture name="layer_014_png" x="2" y="412" width="101" height="76"/>
    <SubTexture name="layer_015_png" x="152" y="199" width="79" height="105"/>
    <SubTexture name="layer_016_png" x="203" y="419" width="63" height="59"/>
    <SubTexture name="layer_017_png" x="339" y="429" width="63" height="45"/>
    <SubTexture name="layer_018_png" x="426" y="200" width="57" height="62"/>
    <SubTexture name="layer_019_png" x="494" y="113" width="15" height="16"/>
    <SubTexture name="layer_020_png" x="485" y="241" width="18" height="19"/>
    <SubTexture name="layer_021_png" x="462" y="487" width="22" height="19"/>
    <SubTexture name="layer_022_png" x="321" y="200" width="103" height="62"/>
    <SubTexture name="layer_023_png" x="268" y="429" width="69" height="46"/>
    <SubTexture name="layer_024_png" x="264" y="480" width="24" height="25"/>
    <SubTexture name="layer_025_png" x="481" y="305" width="26" height="26"/>
    <SubTexture name="layer_026_png" x="462" y="457" width="32" height="28"/>
    <SubTexture name="layer_027_png" x="203" y="480" width="59" height="24"/>
    <SubTexture name="layer_028_png" x="404" y="427" width="48" height="43"/>
    <SubTexture name="layer_029_png" x="298" y="370" width="79" height="57"/>
    <SubTexture name="layer_030_png" x="119" y="320" width="55" height="104"/>
    <SubTexture name="layer_031_png" x="2" y="2" width="148" height="316"/>
    <SubTexture name="layer_032_png" x="363" y="2" width="105" height="196"/>
    <SubTexture name="layer_033_png" x="379" y="376" width="74" height="49"/>
    <SubTexture name="layer_034_png" x="470" y="2" width="39" height="49"/>
    <SubTexture name="layer_035_png" x="485" y="203" width="24" height="36"/>
    <SubTexture name="layer_036_png" x="470" y="183" width="19" height="15"/>
    <SubTexture name="layer_037_png" x="308" y="305" width="90" height="63"/>
    <SubTexture name="layer_038_png" x="155" y="426" width="46" height="79"/>
    <SubTexture name="layer_039_png" x="152" y="2" width="209" height="195"/>
    <SubTexture name="layer_040_png" x="244" y="287" width="62" height="73"/>
    <SubTexture name="layer_041_png" x="176" y="306" width="66" height="105"/>
    <SubTexture name="layer_042_png" x="233" y="199" width="86" height="86"/>
    <SubTexture name="layer_043_png" x="400" y="305" width="63" height="69"/>
    <SubTexture name="layer_044_png" x="470" y="53" width="39" height="40"/>
    <SubTexture name="layer_045_png" x="2" y="490" width="26" height="18"/>
    <SubTexture name="layer_046_png" x="2" y="320" width="115" height="90"/>
    <SubTexture name="layer_047_png" x="321" y="264" width="105" height="39"/>
    <SubTexture name="layer_048_png" x="505" y="241" width="5" height="19"/>
    <SubTexture name="layer_049_png" x="465" y="305" width="14" height="53"/>
</TextureAtlas>
