<?xml version="1.0" encoding="UTF-8"?>
<!-- Created with TexturePacker http://www.codeandweb.com/texturepacker-->
<!-- $TexturePacker:SmartUpdate:1e68cc0f00e94fb00e26b1c638a8503a:9ec8d4064f482c09a4e7173c20a598c2:5fe33ecf2a5b36b2b609d58473b5c8f3$ -->
<TextureAtlas imagePath="1000_dragon_nature_1_HD_tweened_dxt5.dds" scale="1.365234375">
    <SubTexture name="eye_s" x="147" y="192" width="230" height="70"/>
    <SubTexture name="layer_001_png" x="437" y="418" width="27" height="36"/>
    <SubTexture name="layer_002_png" x="226" y="457" width="54" height="36"/>
    <SubTexture name="layer_003_png" x="457" y="232" width="50" height="53"/>
    <SubTexture name="layer_004_png" x="483" y="447" width="13" height="16"/>
    <SubTexture name="layer_005_png" x="445" y="456" width="16" height="16"/>
    <SubTexture name="layer_006_png" x="424" y="457" width="19" height="17"/>
    <SubTexture name="layer_007_png" x="464" y="2" width="46" height="81"/>
    <SubTexture name="layer_008_png" x="172" y="398" width="55" height="38"/>
    <SubTexture name="layer_009_png" x="439" y="476" width="13" height="23"/>
    <SubTexture name="layer_010_png" x="370" y="483" width="25" height="23"/>
    <SubTexture name="layer_011_png" x="457" y="194" width="53" height="36"/>
    <SubTexture name="layer_012_png" x="332" y="405" width="21" height="45"/>
    <SubTexture name="layer_013_png" x="355" y="416" width="40" height="38"/>
    <SubTexture name="layer_014_png" x="351" y="91" width="98" height="73"/>
    <SubTexture name="layer_015_png" x="379" y="166" width="76" height="102"/>
    <SubTexture name="layer_016_png" x="444" y="334" width="61" height="57"/>
    <SubTexture name="layer_017_png" x="229" y="412" width="61" height="43"/>
    <SubTexture name="layer_018_png" x="169" y="438" width="55" height="60"/>
    <SubTexture name="layer_019_png" x="466" y="447" width="15" height="16"/>
    <SubTexture name="layer_020_png" x="420" y="476" width="17" height="19"/>
    <SubTexture name="layer_021_png" x="397" y="476" width="21" height="19"/>
    <SubTexture name="layer_022_png" x="147" y="264" width="99" height="60"/>
    <SubTexture name="layer_023_png" x="444" y="287" width="66" height="45"/>
    <SubTexture name="layer_024_png" x="351" y="166" width="23" height="24"/>
    <SubTexture name="layer_025_png" x="370" y="456" width="25" height="25"/>
    <SubTexture name="layer_026_png" x="466" y="418" width="31" height="27"/>
    <SubTexture name="layer_027_png" x="440" y="393" width="57" height="23"/>
    <SubTexture name="layer_028_png" x="282" y="461" width="46" height="42"/>
    <SubTexture name="layer_029_png" x="366" y="310" width="76" height="55"/>
    <SubTexture name="layer_030_png" x="457" y="91" width="53" height="101"/>
    <SubTexture name="layer_031_png" x="2" y="2" width="143" height="305"/>
    <SubTexture name="layer_032_png" x="2" y="309" width="102" height="189"/>
    <SubTexture name="layer_033_png" x="366" y="367" width="72" height="47"/>
    <SubTexture name="layer_034_png" x="292" y="412" width="38" height="47"/>
    <SubTexture name="layer_035_png" x="330" y="461" width="23" height="35"/>
    <SubTexture name="layer_036_png" x="106" y="309" width="19" height="15"/>
    <SubTexture name="layer_037_png" x="248" y="264" width="87" height="61"/>
    <SubTexture name="layer_038_png" x="319" y="327" width="45" height="76"/>
    <SubTexture name="layer_039_png" x="147" y="2" width="202" height="188"/>
    <SubTexture name="layer_040_png" x="172" y="326" width="60" height="70"/>
    <SubTexture name="layer_041_png" x="106" y="326" width="64" height="102"/>
    <SubTexture name="layer_042_png" x="234" y="327" width="83" height="83"/>
    <SubTexture name="layer_043_png" x="106" y="430" width="61" height="66"/>
    <SubTexture name="layer_044_png" x="397" y="416" width="38" height="39"/>
    <SubTexture name="layer_045_png" x="397" y="457" width="25" height="17"/>
    <SubTexture name="layer_046_png" x="351" y="2" width="111" height="87"/>
    <SubTexture name="layer_047_png" x="337" y="270" width="102" height="38"/>
    <SubTexture name="layer_048_png" x="499" y="393" width="5" height="19"/>
    <SubTexture name="layer_049_png" x="355" y="456" width="13" height="51"/>
</TextureAtlas>
