<?xml version="1.0" encoding="UTF-8"?>
<!-- Created with TexturePacker http://www.codeandweb.com/texturepacker-->
<!-- $TexturePacker:SmartUpdate:ecec3b74b1b070951922694882488555:5439054df0825453c474ac2d45b5e40d:de010aae040bfbd654cc239b224c2908$ -->
<TextureAtlas imagePath="1045_dragon_vulcano_d_3_HD_tweened_dxt5_map.dds" scale="0.932006835938">
    <SubTexture name="SPAM_RearrangedBitmap1006995913" x="379" y="2" width="114" height="141"/>
    <SubTexture name="SPAM_RearrangedBitmap1026128579" x="428" y="414" width="65" height="40"/>
    <SubTexture name="SPAM_RearrangedBitmap1101841976" x="314" y="318" width="43" height="71"/>
    <SubTexture name="SPAM_RearrangedBitmap1236621671" x="2" y="193" width="146" height="176"/>
    <SubTexture name="SPAM_RearrangedBitmap1490119599" x="2" y="2" width="236" height="189"/>
    <SubTexture name="SPAM_RearrangedBitmap1671734047" x="273" y="154" width="104" height="84" frameX="-5" frameY="-10" frameWidth="120" frameHeight="104"/>
    <SubTexture name="SPAM_RearrangedBitmap1894464784" x="468" y="145" width="40" height="71"/>
    <SubTexture name="SPAM_RearrangedBitmap29130765" x="408" y="456" width="48" height="39" frameX="-2" frameY="-4" frameWidth="54" frameHeight="47"/>
    <SubTexture name="SPAM_RearrangedBitmap2943053712" x="359" y="453" width="47" height="57"/>
    <SubTexture name="SPAM_RearrangedBitmap2989518749" x="246" y="440" width="66" height="59"/>
    <SubTexture name="SPAM_RearrangedBitmap3944694877" x="230" y="318" width="82" height="72"/>
    <SubTexture name="SPAM_RearrangedBitmap4013989714" x="230" y="392" width="58" height="46" frameX="-2" frameY="-5" frameWidth="66" frameHeight="56"/>
    <SubTexture name="SPAM_RearrangedBitmap4077509624" x="359" y="397" width="67" height="54" frameX="-3" frameY="-6" frameWidth="77" frameHeight="66"/>
    <SubTexture name="SPAM_RearrangedBitmap4456335529" x="368" y="240" width="87" height="92"/>
    <SubTexture name="SPAM_RearrangedBitmap5076510266" x="150" y="193" width="121" height="122"/>
    <SubTexture name="SPAM_RearrangedBitmap5377896167" x="458" y="456" width="33" height="47"/>
    <SubTexture name="SPAM_RearrangedBitmap5516101102" x="160" y="359" width="68" height="79"/>
    <SubTexture name="SPAM_RearrangedBitmap5603749268" x="150" y="317" width="75" height="40"/>
    <SubTexture name="SPAM_RearrangedBitmap595760024" x="273" y="240" width="93" height="76" frameX="-6" frameY="-9" frameWidth="109" frameHeight="94"/>
    <SubTexture name="SPAM_RearrangedBitmap6292116069" x="436" y="334" width="66" height="78"/>
    <SubTexture name="SPAM_RearrangedBitmap6576889203" x="160" y="440" width="84" height="68" frameX="-5" frameY="-8" frameWidth="98" frameHeight="84"/>
    <SubTexture name="SPAM_RearrangedBitmap6771352062" x="314" y="432" width="43" height="56"/>
    <SubTexture name="SPAM_RearrangedBitmap6871806784" x="290" y="392" width="67" height="38"/>
    <SubTexture name="SPAM_RearrangedBitmap7419318374" x="2" y="371" width="156" height="109"/>
    <SubTexture name="SPAM_RearrangedBitmap8405129396" x="240" y="154" width="27" height="27"/>
    <SubTexture name="SPAM_RearrangedBitmap8695154848" x="457" y="240" width="46" height="75"/>
    <SubTexture name="SPAM_RearrangedBitmap9443806021" x="240" y="2" width="137" height="150"/>
    <SubTexture name="SPAM_RearrangedBitmap9645380225" x="379" y="145" width="87" height="93"/>
    <SubTexture name="SPAM_RearrangedBitmap9943812345" x="408" y="453" width="1" height="1" frameX="0" frameY="0" frameWidth="131" frameHeight="113"/>
    <SubTexture name="SPAM_RearrangedBitmap9992403159" x="359" y="334" width="75" height="61" frameX="-4" frameY="-7" frameWidth="87" frameHeight="75"/>
</TextureAtlas>
