<?xml version="1.0" encoding="UTF-8"?>
<!-- Created with TexturePacker http://www.codeandweb.com/texturepacker-->
<!-- $TexturePacker:SmartUpdate:66c6c8d37466e7387627df235e8fac46:a44b4579fe2e3521dc3c7e5f45a24a3e:9ffd3068f795653a45d1de80b84f8f07$ -->
<TextureAtlas imagePath="1045_dragon_vulcano_d_3_HD_tweened_dxt5.dds" scale="1.58740234375">
    <SubTexture name="SPAM_RearrangedBitmap1006995913" x="2" y="628" width="195" height="241"/>
    <SubTexture name="SPAM_RearrangedBitmap1026128579" x="772" y="191" width="111" height="68"/>
    <SubTexture name="SPAM_RearrangedBitmap1101841976" x="846" y="855" width="74" height="122"/>
    <SubTexture name="SPAM_RearrangedBitmap1236621671" x="2" y="326" width="249" height="300"/>
    <SubTexture name="SPAM_RearrangedBitmap1490119599" x="2" y="2" width="403" height="322"/>
    <SubTexture name="SPAM_RearrangedBitmap1671734047" x="2" y="871" width="178" height="143" frameX="-9" frameY="-17" frameWidth="204" frameHeight="177"/>
    <SubTexture name="SPAM_RearrangedBitmap1894464784" x="911" y="680" width="68" height="122"/>
    <SubTexture name="SPAM_RearrangedBitmap29130765" x="601" y="476" width="87" height="72" frameX="-2" frameY="-4" frameWidth="93" frameHeight="80"/>
    <SubTexture name="SPAM_RearrangedBitmap2943053712" x="531" y="922" width="80" height="98"/>
    <SubTexture name="SPAM_RearrangedBitmap2989518749" x="755" y="593" width="112" height="101"/>
    <SubTexture name="SPAM_RearrangedBitmap3277260825" x="334" y="740" width="133" height="184" frameX="0" frameY="0" frameWidth="139" frameHeight="190"/>
    <SubTexture name="SPAM_RearrangedBitmap3672508151" x="407" y="261" width="52" height="52"/>
    <SubTexture name="SPAM_RearrangedBitmap3758818261" x="455" y="535" width="133" height="194" frameX="0" frameY="-1" frameWidth="139" frameHeight="200"/>
    <SubTexture name="SPAM_RearrangedBitmap3944694877" x="733" y="468" width="141" height="123"/>
    <SubTexture name="SPAM_RearrangedBitmap4013989714" x="869" y="594" width="102" height="84" frameX="-3" frameY="-6" frameWidth="112" frameHeight="96"/>
    <SubTexture name="SPAM_RearrangedBitmap4077509624" x="334" y="926" width="119" height="96" frameX="-3" frameY="-8" frameWidth="131" frameHeight="112"/>
    <SubTexture name="SPAM_RearrangedBitmap4456335529" x="760" y="696" width="149" height="157"/>
    <SubTexture name="SPAM_RearrangedBitmap4950982043" x="910" y="137" width="112" height="101"/>
    <SubTexture name="SPAM_RearrangedBitmap5076510266" x="253" y="326" width="206" height="207"/>
    <SubTexture name="SPAM_RearrangedBitmap5377896167" x="253" y="535" width="57" height="80"/>
    <SubTexture name="SPAM_RearrangedBitmap5516101102" x="876" y="458" width="115" height="134"/>
    <SubTexture name="SPAM_RearrangedBitmap5584909574" x="469" y="731" width="138" height="189" frameX="0" frameY="0" frameWidth="144" frameHeight="195"/>
    <SubTexture name="SPAM_RearrangedBitmap5603749268" x="642" y="191" width="128" height="68"/>
    <SubTexture name="SPAM_RearrangedBitmap5670693666" x="199" y="628" width="133" height="213" frameX="0" frameY="0" frameWidth="139" frameHeight="219"/>
    <SubTexture name="SPAM_RearrangedBitmap595760024" x="590" y="593" width="163" height="134" frameX="-8" frameY="-14" frameWidth="187" frameHeight="160"/>
    <SubTexture name="SPAM_RearrangedBitmap6292116069" x="910" y="2" width="112" height="133"/>
    <SubTexture name="SPAM_RearrangedBitmap6576889203" x="613" y="889" width="150" height="122" frameX="-6" frameY="-11" frameWidth="168" frameHeight="144"/>
    <SubTexture name="SPAM_RearrangedBitmap669860168" x="334" y="535" width="119" height="203" frameX="0" frameY="0" frameWidth="125" frameHeight="209"/>
    <SubTexture name="SPAM_RearrangedBitmap6771352062" x="455" y="926" width="74" height="96"/>
    <SubTexture name="SPAM_RearrangedBitmap6871806784" x="182" y="953" width="114" height="65"/>
    <SubTexture name="SPAM_RearrangedBitmap7419318374" x="642" y="2" width="266" height="187"/>
    <SubTexture name="SPAM_RearrangedBitmap7895575093" x="461" y="261" width="138" height="219" frameX="0" frameY="0" frameWidth="144" frameHeight="225"/>
    <SubTexture name="SPAM_RearrangedBitmap8126970198" x="601" y="261" width="130" height="213" frameX="0" frameY="0" frameWidth="136" frameHeight="219"/>
    <SubTexture name="SPAM_RearrangedBitmap8405129396" x="461" y="482" width="47" height="47"/>
    <SubTexture name="SPAM_RearrangedBitmap8695154848" x="765" y="855" width="79" height="128"/>
    <SubTexture name="SPAM_RearrangedBitmap9133181788" x="865" y="261" width="117" height="195" frameX="-1" frameY="0" frameWidth="125" frameHeight="201"/>
    <SubTexture name="SPAM_RearrangedBitmap9443806021" x="407" y="2" width="233" height="257"/>
    <SubTexture name="SPAM_RearrangedBitmap9645380225" x="609" y="729" width="149" height="158"/>
    <SubTexture name="SPAM_RearrangedBitmap9708525171" x="733" y="261" width="130" height="205" frameX="0" frameY="-1" frameWidth="136" frameHeight="211"/>
    <SubTexture name="SPAM_RearrangedBitmap9943812345" x="885" y="191" width="1" height="1" frameX="0" frameY="0" frameWidth="223" frameHeight="193"/>
    <SubTexture name="SPAM_RearrangedBitmap9992403159" x="199" y="843" width="133" height="108" frameX="-5" frameY="-11" frameWidth="149" frameHeight="128"/>
</TextureAtlas>
