<?xml version="1.0" encoding="UTF-8"?>
<!-- Created with TexturePacker http://www.codeandweb.com/texturepacker-->
<!-- $TexturePacker:SmartUpdate:5d88579ed5d78031156ab199c6f08714:4d63d37a0007c784be8856ab23642b3d:a9132893431ee97b6d10118d857ba3c0$ -->
<TextureAtlas imagePath="1026_dragon_ice_d_1_HD_tweened_dxt5_map.dds" scale="1.182403564453125">
    <SubTexture name="SPAM_RearrangedBitmap1014470135" x="184" y="399" width="56" height="33"/>
    <SubTexture name="SPAM_RearrangedBitmap101465877" x="408" y="328" width="26" height="62"/>
    <SubTexture name="SPAM_RearrangedBitmap1236621671" x="206" y="434" width="68" height="65"/>
    <SubTexture name="SPAM_RearrangedBitmap1542957562" x="470" y="462" width="36" height="37"/>
    <SubTexture name="SPAM_RearrangedBitmap1663709825" x="182" y="2" width="188" height="118"/>
    <SubTexture name="SPAM_RearrangedBitmap1671734047" x="126" y="399" width="56" height="33"/>
    <SubTexture name="SPAM_RearrangedBitmap1791443364" x="457" y="423" width="36" height="37"/>
    <SubTexture name="SPAM_RearrangedBitmap2109201241" x="126" y="399" width="56" height="33"/>
    <SubTexture name="SPAM_RearrangedBitmap2229528892" x="477" y="329" width="15" height="27"/>
    <SubTexture name="SPAM_RearrangedBitmap2254443403" x="358" y="148" width="144" height="34"/>
    <SubTexture name="SPAM_RearrangedBitmap2689846847" x="495" y="329" width="15" height="14"/>
    <SubTexture name="SPAM_RearrangedBitmap2765236914" x="184" y="399" width="56" height="33"/>
    <SubTexture name="SPAM_RearrangedBitmap2858406946" x="182" y="2" width="188" height="118"/>
    <SubTexture name="SPAM_RearrangedBitmap2882289824" x="145" y="148" width="28" height="61"/>
    <SubTexture name="SPAM_RearrangedBitmap29130765" x="399" y="431" width="56" height="30"/>
    <SubTexture name="SPAM_RearrangedBitmap2950249609" x="2" y="441" width="151" height="59"/>
    <SubTexture name="SPAM_RearrangedBitmap3075358096" x="126" y="297" width="87" height="100"/>
    <SubTexture name="SPAM_RearrangedBitmap3144694356" x="408" y="328" width="26" height="62"/>
    <SubTexture name="SPAM_RearrangedBitmap3169798223" x="495" y="329" width="15" height="14"/>
    <SubTexture name="SPAM_RearrangedBitmap3277260825" x="448" y="251" width="36" height="43"/>
    <SubTexture name="SPAM_RearrangedBitmap3345554134" x="496" y="2" width="8" height="23"/>
    <SubTexture name="SPAM_RearrangedBitmap3398388945" x="184" y="399" width="56" height="33"/>
    <SubTexture name="SPAM_RearrangedBitmap3758818261" x="432" y="463" width="36" height="37"/>
    <SubTexture name="SPAM_RearrangedBitmap3794880535" x="486" y="240" width="23" height="56"/>
    <SubTexture name="SPAM_RearrangedBitmap3996843562" x="457" y="423" width="36" height="37"/>
    <SubTexture name="SPAM_RearrangedBitmap4013989714" x="126" y="399" width="56" height="33"/>
    <SubTexture name="SPAM_RearrangedBitmap4077509624" x="350" y="373" width="56" height="43"/>
    <SubTexture name="SPAM_RearrangedBitmap4195946268" x="2" y="2" width="178" height="144"/>
    <SubTexture name="SPAM_RearrangedBitmap4326876870" x="432" y="463" width="36" height="37"/>
    <SubTexture name="SPAM_RearrangedBitmap4381861515" x="416" y="296" width="56" height="30"/>
    <SubTexture name="SPAM_RearrangedBitmap4404793913" x="436" y="328" width="39" height="54"/>
    <SubTexture name="SPAM_RearrangedBitmap4456335529" x="341" y="418" width="56" height="30"/>
    <SubTexture name="SPAM_RearrangedBitmap4482183566" x="448" y="251" width="36" height="43"/>
    <SubTexture name="SPAM_RearrangedBitmap4513256437" x="486" y="240" width="23" height="56"/>
    <SubTexture name="SPAM_RearrangedBitmap4757443929" x="215" y="297" width="66" height="92"/>
    <SubTexture name="SPAM_RearrangedBitmap4807071897" x="315" y="217" width="41" height="94"/>
    <SubTexture name="SPAM_RearrangedBitmap4818015480" x="155" y="434" width="49" height="70"/>
    <SubTexture name="SPAM_RearrangedBitmap4857089301" x="343" y="450" width="49" height="47"/>
    <SubTexture name="SPAM_RearrangedBitmap4930492904" x="283" y="313" width="65" height="91"/>
    <SubTexture name="SPAM_RearrangedBitmap4950982043" x="394" y="463" width="36" height="37"/>
    <SubTexture name="SPAM_RearrangedBitmap5197288459" x="184" y="399" width="56" height="33"/>
    <SubTexture name="SPAM_RearrangedBitmap5265554453" x="126" y="399" width="56" height="33"/>
    <SubTexture name="SPAM_RearrangedBitmap5285004386" x="446" y="384" width="36" height="37"/>
    <SubTexture name="SPAM_RearrangedBitmap5300803008" x="145" y="148" width="28" height="61"/>
    <SubTexture name="SPAM_RearrangedBitmap5371677498" x="155" y="434" width="49" height="70"/>
    <SubTexture name="SPAM_RearrangedBitmap5402668388" x="276" y="406" width="63" height="52"/>
    <SubTexture name="SPAM_RearrangedBitmap5516101102" x="126" y="399" width="56" height="33"/>
    <SubTexture name="SPAM_RearrangedBitmap5556315498" x="341" y="418" width="56" height="30"/>
    <SubTexture name="SPAM_RearrangedBitmap5584909574" x="470" y="462" width="36" height="37"/>
    <SubTexture name="SPAM_RearrangedBitmap5586642213" x="145" y="217" width="92" height="78"/>
    <SubTexture name="SPAM_RearrangedBitmap5603749268" x="399" y="431" width="56" height="30"/>
    <SubTexture name="SPAM_RearrangedBitmap5670693666" x="448" y="251" width="36" height="43"/>
    <SubTexture name="SPAM_RearrangedBitmap5760018857" x="358" y="296" width="56" height="30"/>
    <SubTexture name="SPAM_RearrangedBitmap5775007928" x="184" y="399" width="56" height="33"/>
    <SubTexture name="SPAM_RearrangedBitmap595760024" x="399" y="431" width="56" height="30"/>
    <SubTexture name="SPAM_RearrangedBitmap6166390137" x="477" y="329" width="15" height="27"/>
    <SubTexture name="SPAM_RearrangedBitmap6413044178" x="126" y="297" width="87" height="100"/>
    <SubTexture name="SPAM_RearrangedBitmap6511328016" x="394" y="463" width="36" height="37"/>
    <SubTexture name="SPAM_RearrangedBitmap6576889203" x="341" y="418" width="56" height="30"/>
    <SubTexture name="SPAM_RearrangedBitmap6601560834" x="436" y="328" width="39" height="54"/>
    <SubTexture name="SPAM_RearrangedBitmap660654836" x="394" y="463" width="36" height="37"/>
    <SubTexture name="SPAM_RearrangedBitmap6614714115" x="358" y="296" width="56" height="30"/>
    <SubTexture name="SPAM_RearrangedBitmap663513224" x="394" y="463" width="36" height="37"/>
    <SubTexture name="SPAM_RearrangedBitmap6635639284" x="416" y="296" width="56" height="30"/>
    <SubTexture name="SPAM_RearrangedBitmap669860168" x="470" y="462" width="36" height="37"/>
    <SubTexture name="SPAM_RearrangedBitmap6871806784" x="358" y="251" width="88" height="43"/>
    <SubTexture name="SPAM_RearrangedBitmap6983673924" x="408" y="392" width="36" height="37"/>
    <SubTexture name="SPAM_RearrangedBitmap7049435845" x="350" y="328" width="56" height="43"/>
    <SubTexture name="SPAM_RearrangedBitmap7168624658" x="358" y="122" width="11" height="20"/>
    <SubTexture name="SPAM_RearrangedBitmap7172438546" x="496" y="2" width="8" height="23"/>
    <SubTexture name="SPAM_RearrangedBitmap7592890683" x="465" y="184" width="39" height="54"/>
    <SubTexture name="SPAM_RearrangedBitmap7775137272" x="343" y="450" width="49" height="47"/>
    <SubTexture name="SPAM_RearrangedBitmap7895575093" x="432" y="463" width="36" height="37"/>
    <SubTexture name="SPAM_RearrangedBitmap7955171125" x="350" y="328" width="56" height="43"/>
    <SubTexture name="SPAM_RearrangedBitmap7958808049" x="276" y="460" width="65" height="49"/>
    <SubTexture name="SPAM_RearrangedBitmap8004335264" x="465" y="184" width="39" height="54"/>
    <SubTexture name="SPAM_RearrangedBitmap8116173854" x="239" y="217" width="74" height="75"/>
    <SubTexture name="SPAM_RearrangedBitmap8126970198" x="470" y="462" width="36" height="37"/>
    <SubTexture name="SPAM_RearrangedBitmap8204493345" x="358" y="296" width="56" height="30"/>
    <SubTexture name="SPAM_RearrangedBitmap8293605860" x="2" y="148" width="141" height="145"/>
    <SubTexture name="SPAM_RearrangedBitmap8307186886" x="350" y="328" width="56" height="43"/>
    <SubTexture name="SPAM_RearrangedBitmap8449238453" x="350" y="373" width="56" height="43"/>
    <SubTexture name="SPAM_RearrangedBitmap8472535027" x="184" y="399" width="56" height="33"/>
    <SubTexture name="SPAM_RearrangedBitmap8479940241" x="477" y="298" width="33" height="29"/>
    <SubTexture name="SPAM_RearrangedBitmap8653180432" x="408" y="392" width="36" height="37"/>
    <SubTexture name="SPAM_RearrangedBitmap9133181788" x="408" y="392" width="36" height="37"/>
    <SubTexture name="SPAM_RearrangedBitmap9280296696" x="394" y="463" width="36" height="37"/>
    <SubTexture name="SPAM_RearrangedBitmap9346440113" x="358" y="184" width="105" height="65"/>
    <SubTexture name="SPAM_RearrangedBitmap9496328720" x="457" y="423" width="36" height="37"/>
    <SubTexture name="SPAM_RearrangedBitmap9515918734" x="477" y="298" width="33" height="29"/>
    <SubTexture name="SPAM_RearrangedBitmap9649242495" x="470" y="462" width="36" height="37"/>
    <SubTexture name="SPAM_RearrangedBitmap9708525171" x="470" y="462" width="36" height="37"/>
    <SubTexture name="SPAM_RearrangedBitmap9778228021" x="394" y="463" width="36" height="37"/>
    <SubTexture name="SPAM_RearrangedBitmap9909991126" x="182" y="122" width="174" height="93"/>
    <SubTexture name="SPAM_RearrangedBitmap9943812345" x="350" y="373" width="56" height="43"/>
    <SubTexture name="SPAM_RearrangedBitmap9992403159" x="126" y="399" width="56" height="33"/>
    <SubTexture name="mapa_de_bits_1" x="372" y="2" width="122" height="144"/>
    <SubTexture name="mapa_de_bits_1_" x="2" y="295" width="122" height="144"/>
    <SubTexture name="mapa_de_bits_2" x="2" y="295" width="122" height="144"/>
</TextureAtlas>
