<?xml version="1.0" encoding="UTF-8"?>
<!-- Created with TexturePacker http://www.codeandweb.com/texturepacker-->
<!-- $TexturePacker:SmartUpdate:a3b4b2abe93fe73241830e94bc07659d:cc80d9bc148120295b8120506be662e6:57792a00b68121e45eb22b5af1edc643$ -->
<TextureAtlas imagePath="1026_dragon_ice_d_1_HD_tweened_dxt5.dds" scale="1.148193359375">
    <SubTexture name="SPAM_RearrangedBitmap1014470135" x="144" y="446" width="55" height="32"/>
    <SubTexture name="SPAM_RearrangedBitmap101465877" x="477" y="206" width="25" height="60"/>
    <SubTexture name="SPAM_RearrangedBitmap1026128579_fx" x="500" y="26" width="6" height="6" frameX="-3" frameY="-1" frameWidth="16" frameHeight="16"/>
    <SubTexture name="SPAM_RearrangedBitmap1101841976" x="140" y="409" width="38" height="21" frameX="0" frameY="-1" frameWidth="42" frameHeight="25"/>
    <SubTexture name="SPAM_RearrangedBitmap1236621671" x="443" y="325" width="66" height="63"/>
    <SubTexture name="SPAM_RearrangedBitmap1542957562" x="242" y="377" width="35" height="36"/>
    <SubTexture name="SPAM_RearrangedBitmap1663709825" x="177" y="2" width="182" height="114"/>
    <SubTexture name="SPAM_RearrangedBitmap1671734047" x="455" y="478" width="55" height="32"/>
    <SubTexture name="SPAM_RearrangedBitmap1791443364" x="205" y="377" width="35" height="36"/>
    <SubTexture name="SPAM_RearrangedBitmap1894464784_fx" x="340" y="182" width="14" height="12" frameX="0" frameY="0" frameWidth="18" frameHeight="16"/>
    <SubTexture name="SPAM_RearrangedBitmap2109201241" x="455" y="478" width="55" height="32"/>
    <SubTexture name="SPAM_RearrangedBitmap2229528892" x="340" y="118" width="14" height="26"/>
    <SubTexture name="SPAM_RearrangedBitmap2254443403" x="2" y="446" width="140" height="33"/>
    <SubTexture name="SPAM_RearrangedBitmap2689846847" x="340" y="167" width="14" height="13"/>
    <SubTexture name="SPAM_RearrangedBitmap2765236914" x="144" y="446" width="55" height="32"/>
    <SubTexture name="SPAM_RearrangedBitmap2858406946" x="177" y="2" width="182" height="114"/>
    <SubTexture name="SPAM_RearrangedBitmap2882289824" x="477" y="145" width="27" height="59"/>
    <SubTexture name="SPAM_RearrangedBitmap29130765" x="173" y="480" width="55" height="29"/>
    <SubTexture name="SPAM_RearrangedBitmap2943053712_fx" x="337" y="248" width="11" height="11" frameX="-1" frameY="0" frameWidth="17" frameHeight="17"/>
    <SubTexture name="SPAM_RearrangedBitmap2950249609" x="2" y="236" width="146" height="57"/>
    <SubTexture name="SPAM_RearrangedBitmap3075358096" x="150" y="260" width="84" height="97"/>
    <SubTexture name="SPAM_RearrangedBitmap3144694356" x="477" y="206" width="25" height="60"/>
    <SubTexture name="SPAM_RearrangedBitmap3169798223" x="340" y="167" width="14" height="13"/>
    <SubTexture name="SPAM_RearrangedBitmap3277260825" x="90" y="295" width="35" height="42"/>
    <SubTexture name="SPAM_RearrangedBitmap3345554134" x="500" y="2" width="8" height="22"/>
    <SubTexture name="SPAM_RearrangedBitmap3398388945" x="144" y="446" width="55" height="32"/>
    <SubTexture name="SPAM_RearrangedBitmap3672508151_fx" x="340" y="210" width="14" height="10" frameX="-1" frameY="-1" frameWidth="18" frameHeight="16"/>
    <SubTexture name="SPAM_RearrangedBitmap3701877959" x="2" y="377" width="62" height="64"/>
    <SubTexture name="SPAM_RearrangedBitmap3758818261" x="103" y="391" width="35" height="36"/>
    <SubTexture name="SPAM_RearrangedBitmap3794880535" x="477" y="268" width="22" height="55"/>
    <SubTexture name="SPAM_RearrangedBitmap3944694877_fx" x="337" y="235" width="12" height="11" frameX="-1" frameY="-1" frameWidth="16" frameHeight="17"/>
    <SubTexture name="SPAM_RearrangedBitmap3996843562" x="205" y="377" width="35" height="36"/>
    <SubTexture name="SPAM_RearrangedBitmap4013989714" x="455" y="478" width="55" height="32"/>
    <SubTexture name="SPAM_RearrangedBitmap4077509624" x="455" y="434" width="55" height="42"/>
    <SubTexture name="SPAM_RearrangedBitmap4195946268" x="2" y="2" width="173" height="140"/>
    <SubTexture name="SPAM_RearrangedBitmap4326876870" x="103" y="391" width="35" height="36"/>
    <SubTexture name="SPAM_RearrangedBitmap4381861515" x="116" y="481" width="55" height="29"/>
    <SubTexture name="SPAM_RearrangedBitmap4404793913" x="294" y="446" width="37" height="52"/>
    <SubTexture name="SPAM_RearrangedBitmap4456335529" x="59" y="481" width="55" height="29"/>
    <SubTexture name="SPAM_RearrangedBitmap4482183566" x="90" y="295" width="35" height="42"/>
    <SubTexture name="SPAM_RearrangedBitmap4513256437" x="477" y="268" width="22" height="55"/>
    <SubTexture name="SPAM_RearrangedBitmap4757443929" x="286" y="265" width="64" height="89"/>
    <SubTexture name="SPAM_RearrangedBitmap4807071897" x="298" y="118" width="40" height="91"/>
    <SubTexture name="SPAM_RearrangedBitmap4818015480" x="236" y="260" width="48" height="68"/>
    <SubTexture name="SPAM_RearrangedBitmap4857089301" x="236" y="330" width="48" height="45"/>
    <SubTexture name="SPAM_RearrangedBitmap4930492904" x="286" y="356" width="63" height="88"/>
    <SubTexture name="SPAM_RearrangedBitmap4950982043" x="66" y="391" width="35" height="36"/>
    <SubTexture name="SPAM_RearrangedBitmap5034862617" x="230" y="446" width="62" height="64"/>
    <SubTexture name="SPAM_RearrangedBitmap5197288459" x="144" y="446" width="55" height="32"/>
    <SubTexture name="SPAM_RearrangedBitmap5265554453" x="455" y="478" width="55" height="32"/>
    <SubTexture name="SPAM_RearrangedBitmap5285004386" x="39" y="339" width="35" height="36"/>
    <SubTexture name="SPAM_RearrangedBitmap5300803008" x="477" y="145" width="27" height="59"/>
    <SubTexture name="SPAM_RearrangedBitmap5371677498" x="236" y="260" width="48" height="68"/>
    <SubTexture name="SPAM_RearrangedBitmap5402668388" x="76" y="339" width="62" height="50"/>
    <SubTexture name="SPAM_RearrangedBitmap5516101102" x="455" y="478" width="55" height="32"/>
    <SubTexture name="SPAM_RearrangedBitmap5556315498" x="59" y="481" width="55" height="29"/>
    <SubTexture name="SPAM_RearrangedBitmap5584909574" x="242" y="377" width="35" height="36"/>
    <SubTexture name="SPAM_RearrangedBitmap5586642213" x="352" y="287" width="89" height="75"/>
    <SubTexture name="SPAM_RearrangedBitmap5603749268" x="173" y="480" width="55" height="29"/>
    <SubTexture name="SPAM_RearrangedBitmap5670693666" x="90" y="295" width="35" height="42"/>
    <SubTexture name="SPAM_RearrangedBitmap5760018857" x="2" y="481" width="55" height="29"/>
    <SubTexture name="SPAM_RearrangedBitmap5775007928" x="144" y="446" width="55" height="32"/>
    <SubTexture name="SPAM_RearrangedBitmap595760024" x="173" y="480" width="55" height="29"/>
    <SubTexture name="SPAM_RearrangedBitmap6166390137" x="340" y="118" width="14" height="26"/>
    <SubTexture name="SPAM_RearrangedBitmap6413044178" x="150" y="260" width="84" height="97"/>
    <SubTexture name="SPAM_RearrangedBitmap6511328016" x="66" y="391" width="35" height="36"/>
    <SubTexture name="SPAM_RearrangedBitmap6576889203" x="59" y="481" width="55" height="29"/>
    <SubTexture name="SPAM_RearrangedBitmap6601560834" x="294" y="446" width="37" height="52"/>
    <SubTexture name="SPAM_RearrangedBitmap660654836" x="66" y="391" width="35" height="36"/>
    <SubTexture name="SPAM_RearrangedBitmap6614714115" x="2" y="481" width="55" height="29"/>
    <SubTexture name="SPAM_RearrangedBitmap663513224" x="66" y="391" width="35" height="36"/>
    <SubTexture name="SPAM_RearrangedBitmap6635639284" x="116" y="481" width="55" height="29"/>
    <SubTexture name="SPAM_RearrangedBitmap669860168" x="242" y="377" width="35" height="36"/>
    <SubTexture name="SPAM_RearrangedBitmap6871806784" x="2" y="295" width="86" height="42"/>
    <SubTexture name="SPAM_RearrangedBitmap6983673924" x="2" y="339" width="35" height="36"/>
    <SubTexture name="SPAM_RearrangedBitmap7049435845" x="425" y="390" width="55" height="42"/>
    <SubTexture name="SPAM_RearrangedBitmap7168624658" x="340" y="146" width="11" height="19"/>
    <SubTexture name="SPAM_RearrangedBitmap7172438546" x="500" y="2" width="8" height="22"/>
    <SubTexture name="SPAM_RearrangedBitmap7419318374_fx" x="340" y="196" width="13" height="12" frameX="-1" frameY="0" frameWidth="17" frameHeight="16"/>
    <SubTexture name="SPAM_RearrangedBitmap7592890683" x="298" y="211" width="37" height="52"/>
    <SubTexture name="SPAM_RearrangedBitmap7775137272" x="236" y="330" width="48" height="45"/>
    <SubTexture name="SPAM_RearrangedBitmap7895575093" x="103" y="391" width="35" height="36"/>
    <SubTexture name="SPAM_RearrangedBitmap7955171125" x="425" y="390" width="55" height="42"/>
    <SubTexture name="SPAM_RearrangedBitmap7958808049" x="140" y="359" width="63" height="48"/>
    <SubTexture name="SPAM_RearrangedBitmap8004335264" x="298" y="211" width="37" height="52"/>
    <SubTexture name="SPAM_RearrangedBitmap8116173854" x="351" y="364" width="72" height="73"/>
    <SubTexture name="SPAM_RearrangedBitmap8126970198" x="242" y="377" width="35" height="36"/>
    <SubTexture name="SPAM_RearrangedBitmap8204493345" x="2" y="481" width="55" height="29"/>
    <SubTexture name="SPAM_RearrangedBitmap8293605860" x="361" y="2" width="137" height="141"/>
    <SubTexture name="SPAM_RearrangedBitmap8307186886" x="425" y="390" width="55" height="42"/>
    <SubTexture name="SPAM_RearrangedBitmap8405129396_fx" x="337" y="222" width="15" height="11" frameX="0" frameY="-1" frameWidth="17" frameHeight="17"/>
    <SubTexture name="SPAM_RearrangedBitmap8449238453" x="455" y="434" width="55" height="42"/>
    <SubTexture name="SPAM_RearrangedBitmap8472535027" x="144" y="446" width="55" height="32"/>
    <SubTexture name="SPAM_RearrangedBitmap8479940241" x="443" y="287" width="32" height="28"/>
    <SubTexture name="SPAM_RearrangedBitmap8653180432" x="2" y="339" width="35" height="36"/>
    <SubTexture name="SPAM_RearrangedBitmap9133181788" x="2" y="339" width="35" height="36"/>
    <SubTexture name="SPAM_RearrangedBitmap9280296696" x="66" y="391" width="35" height="36"/>
    <SubTexture name="SPAM_RearrangedBitmap9346440113" x="351" y="439" width="102" height="63"/>
    <SubTexture name="SPAM_RearrangedBitmap9496328720" x="205" y="377" width="35" height="36"/>
    <SubTexture name="SPAM_RearrangedBitmap9515918734" x="443" y="287" width="32" height="28"/>
    <SubTexture name="SPAM_RearrangedBitmap9649242495" x="242" y="377" width="35" height="36"/>
    <SubTexture name="SPAM_RearrangedBitmap9708525171" x="242" y="377" width="35" height="36"/>
    <SubTexture name="SPAM_RearrangedBitmap9778228021" x="66" y="391" width="35" height="36"/>
    <SubTexture name="SPAM_RearrangedBitmap9909991126" x="2" y="144" width="169" height="90"/>
    <SubTexture name="SPAM_RearrangedBitmap9943812345" x="455" y="434" width="55" height="42"/>
    <SubTexture name="SPAM_RearrangedBitmap9992403159" x="455" y="478" width="55" height="32"/>
    <SubTexture name="mapa_de_bits_1" x="356" y="145" width="119" height="140"/>
    <SubTexture name="mapa_de_bits_1_" x="177" y="118" width="119" height="140"/>
    <SubTexture name="mapa_de_bits_2" x="177" y="118" width="119" height="140"/>
</TextureAtlas>
