<?xml version="1.0" encoding="UTF-8"?>
<!-- Created with TexturePacker http://www.codeandweb.com/texturepacker-->
<!-- $TexturePacker:SmartUpdate:533c246c8d3bd6b7f1e65874f2afe965:92690fa028b7b8d93bd3f10055c55359:73b62ef1c8af9bfb66d20798b806f788$ -->
<TextureAtlas imagePath="2474_dragon_hatchling_b_1_HD_tweened_dxt5.dds" scale="1.59375">
    <SubTexture name="SPAM_RearrangedBitmap1101841976_fx" x="838" y="858" width="32" height="39" frameX="-1" frameY="-1" frameWidth="36" frameHeight="43"/>
    <SubTexture name="SPAM_RearrangedBitmap1542957562_fx" x="975" y="706" width="47" height="68" frameX="-4" frameY="-3" frameWidth="57" frameHeight="76"/>
    <SubTexture name="SPAM_RearrangedBitmap1671734047_fx" x="672" y="848" width="34" height="35" frameX="-1" frameY="-1" frameWidth="38" frameHeight="39"/>
    <SubTexture name="SPAM_RearrangedBitmap2109201241_fx" x="917" y="326" width="32" height="39" frameX="-1" frameY="-1" frameWidth="36" frameHeight="43"/>
    <SubTexture name="SPAM_RearrangedBitmap29130765_fx" x="547" y="758" width="32" height="42" frameX="-1" frameY="-1" frameWidth="36" frameHeight="46"/>
    <SubTexture name="SPAM_RearrangedBitmap3277260825" x="705" y="368" width="172" height="74"/>
    <SubTexture name="SPAM_RearrangedBitmap3758818261_fx" x="757" y="770" width="42" height="66" frameX="-5" frameY="-5" frameWidth="54" frameHeight="76"/>
    <SubTexture name="SPAM_RearrangedBitmap4013989714_fx" x="787" y="860" width="31" height="39" frameX="-1" frameY="-1" frameWidth="35" frameHeight="43"/>
    <SubTexture name="SPAM_RearrangedBitmap4077509624_fx" x="975" y="830" width="32" height="37" frameX="-1" frameY="-1" frameWidth="36" frameHeight="41"/>
    <SubTexture name="SPAM_RearrangedBitmap4326876870_fx" x="422" y="403" width="103" height="49" frameX="-2" frameY="-1" frameWidth="111" frameHeight="55"/>
    <SubTexture name="SPAM_RearrangedBitmap4456335529_fx" x="787" y="860" width="31" height="39" frameX="-1" frameY="-1" frameWidth="35" frameHeight="43"/>
    <SubTexture name="SPAM_RearrangedBitmap4482183566_fx" x="767" y="444" width="100" height="48" frameX="-2" frameY="-2" frameWidth="108" frameHeight="54"/>
    <SubTexture name="SPAM_RearrangedBitmap5265554453_fx" x="672" y="848" width="34" height="35" frameX="-1" frameY="-1" frameWidth="38" frameHeight="39"/>
    <SubTexture name="SPAM_RearrangedBitmap5516101102_fx" x="547" y="758" width="32" height="42" frameX="-1" frameY="-1" frameWidth="36" frameHeight="46"/>
    <SubTexture name="SPAM_RearrangedBitmap5556315498_fx" x="672" y="809" width="34" height="37" frameX="0" frameY="-1" frameWidth="36" frameHeight="41"/>
    <SubTexture name="SPAM_RearrangedBitmap5584909574_fx" x="925" y="655" width="48" height="70" frameX="-4" frameY="-3" frameWidth="58" frameHeight="78"/>
    <SubTexture name="SPAM_RearrangedBitmap5603749268_fx" x="975" y="830" width="32" height="37" frameX="-1" frameY="-1" frameWidth="36" frameHeight="41"/>
    <SubTexture name="SPAM_RearrangedBitmap595760024_fx" x="801" y="770" width="36" height="37" frameX="0" frameY="-1" frameWidth="38" frameHeight="41"/>
    <SubTexture name="SPAM_RearrangedBitmap6576889203_fx" x="917" y="326" width="32" height="39" frameX="-1" frameY="-1" frameWidth="36" frameHeight="43"/>
    <SubTexture name="SPAM_RearrangedBitmap6983673924_fx" x="294" y="802" width="101" height="47" frameX="-4" frameY="-3" frameWidth="111" frameHeight="55"/>
    <SubTexture name="SPAM_RearrangedBitmap7895575093" x="869" y="473" width="148" height="97"/>
    <SubTexture name="SPAM_RearrangedBitmap8126970198" x="126" y="853" width="92" height="157" frameX="0" frameY="0" frameWidth="92" frameHeight="159"/>
    <SubTexture name="SPAM_RearrangedBitmap8449238453_fx" x="801" y="770" width="36" height="37" frameX="0" frameY="-1" frameWidth="38" frameHeight="41"/>
    <SubTexture name="SPAM_RearrangedBitmap8653180432_fx" x="708" y="816" width="42" height="61" frameX="-4" frameY="-7" frameWidth="52" frameHeight="73"/>
    <SubTexture name="SPAM_RearrangedBitmap9133181788" x="708" y="564" width="147" height="97" frameX="0" frameY="0" frameWidth="149" frameHeight="97"/>
    <SubTexture name="SPAM_RearrangedBitmap9649242495_fx" x="422" y="454" width="101" height="49" frameX="-2" frameY="-1" frameWidth="109" frameHeight="55"/>
    <SubTexture name="SPAM_RearrangedBitmap9708525171" x="704" y="2" width="261" height="92" frameX="0" frameY="0" frameWidth="267" frameHeight="98"/>
    <SubTexture name="SPAM_RearrangedBitmap9943812345_fx" x="672" y="809" width="34" height="37" frameX="0" frameY="-1" frameWidth="36" frameHeight="41"/>
    <SubTexture name="SPAM_RearrangedBitmap9992403159_fx" x="838" y="858" width="32" height="39" frameX="-1" frameY="-1" frameWidth="36" frameHeight="43"/>
    <SubTexture name="bitmap_1" x="2" y="1012" width="23" height="9" frameX="-2" frameY="-2" frameWidth="39" frameHeight="17"/>
    <SubTexture name="bitmap_10" x="220" y="1002" width="62" height="19" frameX="-4" frameY="0" frameWidth="78" frameHeight="25"/>
    <SubTexture name="bitmap_11" x="608" y="996" width="94" height="22" frameX="-1" frameY="0" frameWidth="108" frameHeight="28"/>
    <SubTexture name="bitmap_12" x="857" y="572" width="125" height="29" frameX="-2" frameY="-1" frameWidth="137" frameHeight="35"/>
    <SubTexture name="bitmap_13" x="879" y="436" width="125" height="35" frameX="-3" frameY="0" frameWidth="137" frameHeight="41"/>
    <SubTexture name="bitmap_14" x="436" y="216" width="107" height="40" frameX="-12" frameY="-5" frameWidth="133" frameHeight="58"/>
    <SubTexture name="bitmap_15" x="708" y="723" width="63" height="27" frameX="-1" frameY="-2" frameWidth="73" frameHeight="35"/>
    <SubTexture name="bitmap_16" x="563" y="996" width="43" height="23" frameX="-3" frameY="0" frameWidth="55" frameHeight="31"/>
    <SubTexture name="bitmap_1_" x="547" y="220" width="71" height="57"/>
    <SubTexture name="bitmap_2" x="451" y="996" width="88" height="26" frameX="-4" frameY="-3" frameWidth="106" frameHeight="38"/>
    <SubTexture name="bitmap_29" x="297" y="2" width="137" height="280" frameX="0" frameY="-18" frameWidth="137" frameHeight="298"/>
    <SubTexture name="bitmap_2_" x="967" y="2" width="55" height="35"/>
    <SubTexture name="bitmap_3" x="708" y="692" width="64" height="29" frameX="-5" frameY="-2" frameWidth="78" frameHeight="39"/>
    <SubTexture name="bitmap_30" x="2" y="2" width="148" height="283" frameX="0" frameY="-18" frameWidth="148" frameHeight="301"/>
    <SubTexture name="bitmap_31" x="152" y="2" width="143" height="280" frameX="0" frameY="-18" frameWidth="143" frameHeight="298"/>
    <SubTexture name="bitmap_32" x="2" y="571" width="148" height="280" frameX="0" frameY="-24" frameWidth="148" frameHeight="304"/>
    <SubTexture name="bitmap_33" x="137" y="287" width="143" height="280" frameX="0" frameY="-26" frameWidth="143" frameHeight="306"/>
    <SubTexture name="bitmap_34" x="152" y="569" width="140" height="280" frameX="0" frameY="-26" frameWidth="140" frameHeight="306"/>
    <SubTexture name="bitmap_35" x="2" y="287" width="133" height="282" frameX="0" frameY="-24" frameWidth="133" frameHeight="306"/>
    <SubTexture name="bitmap_36" x="282" y="284" width="138" height="280" frameX="0" frameY="-22" frameWidth="138" frameHeight="302"/>
    <SubTexture name="bitmap_4" x="925" y="603" width="50" height="50" frameX="-4" frameY="-2" frameWidth="62" frameHeight="60"/>
    <SubTexture name="bitmap_5" x="581" y="758" width="60" height="41" frameX="-3" frameY="0" frameWidth="70" frameHeight="51"/>
    <SubTexture name="bitmap_6" x="882" y="285" width="56" height="36" frameX="-2" frameY="0" frameWidth="68" frameHeight="44"/>
    <SubTexture name="bitmap_7" x="940" y="808" width="33" height="36" frameX="0" frameY="-2" frameWidth="43" frameHeight="46"/>
    <SubTexture name="bitmap_8" x="284" y="1002" width="25" height="14" frameX="-5" frameY="-2" frameWidth="39" frameHeight="22"/>
    <SubTexture name="bitmap_9" x="311" y="1002" width="23" height="14" frameX="-2" frameY="0" frameWidth="31" frameHeight="20"/>
    <SubTexture name="layer_001_png" x="696" y="915" width="30" height="71"/>
    <SubTexture name="layer_002_png" x="903" y="727" width="43" height="55"/>
    <SubTexture name="layer_003_png" x="975" y="776" width="43" height="52"/>
    <SubTexture name="layer_004_png" x="970" y="869" width="28" height="39"/>
    <SubTexture name="layer_005_png" x="876" y="848" width="22" height="35"/>
    <SubTexture name="layer_006_png" x="708" y="879" width="23" height="33"/>
    <SubTexture name="layer_007_png" x="1006" y="436" width="15" height="33"/>
    <SubTexture name="layer_008_png" x="876" y="772" width="25" height="36"/>
    <SubTexture name="layer_009_png" x="527" y="403" width="17" height="28"/>
    <SubTexture name="layer_010_png" x="436" y="258" width="105" height="57"/>
    <SubTexture name="layer_011_png" x="704" y="988" width="25" height="27"/>
    <SubTexture name="layer_012_png" x="842" y="532" width="25" height="28"/>
    <SubTexture name="layer_013_png" x="812" y="532" width="28" height="30"/>
    <SubTexture name="layer_014_png" x="627" y="809" width="43" height="51"/>
    <SubTexture name="layer_015_png" x="857" y="603" width="66" height="105"/>
    <SubTexture name="layer_016_png" x="962" y="154" width="60" height="133"/>
    <SubTexture name="layer_017_png" x="940" y="215" width="19" height="44"/>
    <SubTexture name="layer_018_png" x="940" y="261" width="17" height="28"/>
    <SubTexture name="layer_019_png" x="664" y="918" width="30" height="71"/>
    <SubTexture name="layer_020_png" x="708" y="663" width="66" height="27"/>
    <SubTexture name="layer_021_png" x="627" y="918" width="35" height="71"/>
    <SubTexture name="layer_022_png" x="959" y="289" width="63" height="52"/>
    <SubTexture name="layer_023_png" x="627" y="189" width="73" height="90"/>
    <SubTexture name="layer_024_png" x="619" y="321" width="84" height="122"/>
    <SubTexture name="layer_025_png" x="767" y="494" width="90" height="36"/>
    <SubTexture name="layer_026_png" x="948" y="727" width="25" height="79"/>
    <SubTexture name="layer_027_png" x="728" y="914" width="28" height="62"/>
    <SubTexture name="layer_028_png" x="220" y="851" width="137" height="149"/>
    <SubTexture name="layer_029_png" x="2" y="853" width="122" height="157"/>
    <SubTexture name="layer_030_png" x="359" y="851" width="90" height="148"/>
    <SubTexture name="layer_031_png" x="436" y="141" width="108" height="73"/>
    <SubTexture name="layer_032_png" x="547" y="279" width="70" height="125"/>
    <SubTexture name="layer_033_png" x="902" y="822" width="33" height="35"/>
    <SubTexture name="layer_034_png" x="882" y="326" width="33" height="39"/>
    <SubTexture name="layer_035_png" x="486" y="505" width="39" height="41"/>
    <SubTexture name="layer_036_png" x="776" y="663" width="65" height="65"/>
    <SubTexture name="layer_037_png" x="547" y="102" width="73" height="116"/>
    <SubTexture name="layer_038_png" x="546" y="406" width="49" height="22"/>
    <SubTexture name="layer_039_png" x="422" y="505" width="62" height="58"/>
    <SubTexture name="layer_040_png" x="627" y="862" width="41" height="54"/>
    <SubTexture name="layer_041_png" x="436" y="2" width="109" height="137"/>
    <SubTexture name="layer_042_png" x="839" y="772" width="35" height="84"/>
    <SubTexture name="layer_043_png" x="773" y="730" width="58" height="38"/>
    <SubTexture name="layer_044_png" x="903" y="784" width="35" height="36"/>
    <SubTexture name="layer_045_png" x="767" y="532" width="43" height="30"/>
    <SubTexture name="layer_046_png" x="752" y="838" width="33" height="55"/>
    <SubTexture name="layer_047_png" x="801" y="809" width="35" height="49"/>
    <SubTexture name="layer_048_png" x="708" y="752" width="47" height="62"/>
    <SubTexture name="layer_049_png" x="643" y="758" width="44" height="49"/>
    <SubTexture name="layer_050_png" x="422" y="317" width="111" height="84"/>
    <SubTexture name="layer_051_png" x="704" y="185" width="234" height="98"/>
    <SubTexture name="layer_052_png" x="708" y="285" width="172" height="81"/>
    <SubTexture name="layer_053_png" x="704" y="96" width="256" height="87"/>
    <SubTexture name="layer_054_png" x="547" y="564" width="159" height="192"/>
    <SubTexture name="layer_055_png" x="452" y="802" width="173" height="192"/>
    <SubTexture name="layer_056_png" x="984" y="572" width="36" height="68"/>
    <SubTexture name="layer_057_png" x="900" y="859" width="31" height="49"/>
    <SubTexture name="layer_058_png" x="940" y="185" width="20" height="28"/>
    <SubTexture name="layer_059_png" x="547" y="2" width="78" height="98"/>
    <SubTexture name="layer_060_png" x="843" y="710" width="58" height="60"/>
    <SubTexture name="layer_061_png" x="937" y="846" width="31" height="49"/>
    <SubTexture name="layer_062_png" x="967" y="39" width="52" height="113"/>
    <SubTexture name="layer_063_new_png" x="627" y="281" width="73" height="38"/>
    <SubTexture name="layer_063_png" x="294" y="566" width="251" height="234"/>
    <SubTexture name="layer_064_png" x="879" y="368" width="143" height="66"/>
    <SubTexture name="layer_065_png" x="622" y="121" width="79" height="66"/>
    <SubTexture name="layer_066_png" x="619" y="445" width="146" height="117"/>
    <SubTexture name="layer_067_png" x="420" y="802" width="30" height="44"/>
    <SubTexture name="layer_068_png" x="977" y="642" width="44" height="62"/>
    <SubTexture name="layer_069_png" x="627" y="2" width="73" height="117"/>
    <SubTexture name="layer_070_png" x="527" y="433" width="90" height="129"/>
    <SubTexture name="smoke1" x="541" y="996" width="20" height="25" frameX="-2" frameY="0" frameWidth="28" frameHeight="31"/>
    <SubTexture name="smoke2" x="670" y="885" width="30" height="28" frameX="-2" frameY="-2" frameWidth="38" frameHeight="36"/>
    <SubTexture name="smoke3" x="876" y="810" width="24" height="36" frameX="-3" frameY="-2" frameWidth="36" frameHeight="46"/>
    <SubTexture name="smoke4" x="397" y="802" width="21" height="47" frameX="-2" frameY="-2" frameWidth="31" frameHeight="57"/>
    <SubTexture name="smoke5" x="731" y="978" width="25" height="41" frameX="-2" frameY="0" frameWidth="35" frameHeight="47"/>
    <SubTexture name="smoke6" x="940" y="291" width="15" height="33" frameX="-2" frameY="-2" frameWidth="25" frameHeight="43"/>
</TextureAtlas>
