<?xml version="1.0" encoding="UTF-8"?>
<!-- Created with TexturePacker http://www.codeandweb.com/texturepacker-->
<!-- $TexturePacker:SmartUpdate:3d105f4a892f49cd3bd7f930568d87c1:c9cc6ada0cd799f49b43b37dcafe3ab3:4ec11ef4fe0203e9b84520856bb46090$ -->
<TextureAtlas imagePath="2474_dragon_hatchling_b_1_HD_tweened_dxt5_map.dds" scale="0.873046875">
    <SubTexture name="SPAM_RearrangedBitmap1101841976_fx" x="492" y="225" width="18" height="21" frameX="-1" frameY="-1" frameWidth="20" frameHeight="23"/>
    <SubTexture name="SPAM_RearrangedBitmap1671734047_fx" x="417" y="442" width="18" height="19" frameX="0" frameY="0" frameWidth="20" frameHeight="21"/>
    <SubTexture name="SPAM_RearrangedBitmap4456335529_fx" x="485" y="417" width="17" height="21" frameX="-1" frameY="-1" frameWidth="19" frameHeight="23"/>
    <SubTexture name="SPAM_RearrangedBitmap5516101102_fx" x="492" y="154" width="18" height="23" frameX="0" frameY="-1" frameWidth="20" frameHeight="25"/>
    <SubTexture name="SPAM_RearrangedBitmap5603749268_fx" x="453" y="484" width="18" height="20" frameX="0" frameY="0" frameWidth="20" frameHeight="22"/>
    <SubTexture name="SPAM_RearrangedBitmap595760024_fx" x="469" y="350" width="18" height="20" frameX="0" frameY="-1" frameWidth="20" frameHeight="22"/>
    <SubTexture name="SPAM_RearrangedBitmap6576889203_fx" x="492" y="202" width="18" height="21" frameX="0" frameY="-1" frameWidth="20" frameHeight="23"/>
    <SubTexture name="SPAM_RearrangedBitmap9943812345_fx" x="469" y="282" width="20" height="20" frameX="0" frameY="-1" frameWidth="20" frameHeight="22"/>
    <SubTexture name="bitmap_29" x="242" y="109" width="75" height="153" frameX="0" frameY="-10" frameWidth="75" frameHeight="163"/>
    <SubTexture name="bitmap_30" x="2" y="132" width="81" height="155" frameX="0" frameY="-10" frameWidth="81" frameHeight="165"/>
    <SubTexture name="bitmap_31" x="162" y="109" width="78" height="153" frameX="0" frameY="-10" frameWidth="78" frameHeight="163"/>
    <SubTexture name="bitmap_32" x="2" y="289" width="81" height="154" frameX="0" frameY="-12" frameWidth="81" frameHeight="166"/>
    <SubTexture name="bitmap_33" x="85" y="287" width="78" height="153" frameX="0" frameY="-14" frameWidth="78" frameHeight="167"/>
    <SubTexture name="bitmap_34" x="165" y="264" width="76" height="153" frameX="0" frameY="-14" frameWidth="76" frameHeight="167"/>
    <SubTexture name="bitmap_35" x="243" y="264" width="73" height="153" frameX="0" frameY="-14" frameWidth="73" frameHeight="167"/>
    <SubTexture name="bitmap_36" x="85" y="132" width="75" height="153" frameX="0" frameY="-12" frameWidth="75" frameHeight="165"/>
    <SubTexture name="layer_001_png" x="468" y="372" width="16" height="39"/>
    <SubTexture name="layer_002_png" x="84" y="480" width="23" height="30"/>
    <SubTexture name="layer_003_png" x="373" y="463" width="23" height="28"/>
    <SubTexture name="layer_004_png" x="471" y="442" width="15" height="21"/>
    <SubTexture name="layer_005_png" x="437" y="442" width="12" height="19"/>
    <SubTexture name="layer_006_png" x="497" y="340" width="13" height="18"/>
    <SubTexture name="layer_007_png" x="501" y="394" width="8" height="18"/>
    <SubTexture name="layer_008_png" x="497" y="318" width="13" height="20"/>
    <SubTexture name="layer_009_png" x="501" y="377" width="9" height="15"/>
    <SubTexture name="layer_010_png" x="410" y="244" width="57" height="31"/>
    <SubTexture name="layer_011_png" x="451" y="442" width="13" height="14"/>
    <SubTexture name="layer_012_png" x="409" y="493" width="13" height="15"/>
    <SubTexture name="layer_013_png" x="392" y="493" width="15" height="16"/>
    <SubTexture name="layer_014_png" x="448" y="413" width="23" height="27"/>
    <SubTexture name="layer_015_png" x="410" y="185" width="36" height="57"/>
    <SubTexture name="layer_016_png" x="338" y="418" width="33" height="73"/>
    <SubTexture name="layer_017_png" x="473" y="413" width="10" height="24"/>
    <SubTexture name="layer_018_png" x="501" y="360" width="9" height="15"/>
    <SubTexture name="layer_019_png" x="450" y="372" width="16" height="39"/>
    <SubTexture name="layer_020_png" x="370" y="267" width="36" height="14"/>
    <SubTexture name="layer_021_png" x="491" y="248" width="19" height="39"/>
    <SubTexture name="layer_022_png" x="398" y="463" width="34" height="28"/>
    <SubTexture name="layer_023_png" x="469" y="2" width="40" height="49"/>
    <SubTexture name="layer_024_png" x="457" y="53" width="46" height="67"/>
    <SubTexture name="layer_025_png" x="109" y="480" width="49" height="20"/>
    <SubTexture name="layer_026_png" x="486" y="372" width="13" height="43"/>
    <SubTexture name="layer_027_png" x="461" y="314" width="15" height="34"/>
    <SubTexture name="layer_028_png" x="261" y="419" width="75" height="82"/>
    <SubTexture name="layer_029_png" x="319" y="109" width="67" height="86"/>
    <SubTexture name="layer_030_png" x="319" y="197" width="49" height="81"/>
    <SubTexture name="layer_031_png" x="165" y="465" width="59" height="40"/>
    <SubTexture name="layer_032_png" x="370" y="197" width="38" height="68"/>
    <SubTexture name="layer_033_png" x="369" y="331" width="18" height="19"/>
    <SubTexture name="layer_034_png" x="492" y="179" width="18" height="21"/>
    <SubTexture name="layer_035_png" x="394" y="439" width="21" height="22"/>
    <SubTexture name="layer_036_png" x="432" y="277" width="35" height="35"/>
    <SubTexture name="layer_037_png" x="450" y="122" width="40" height="63"/>
    <SubTexture name="layer_038_png" x="338" y="493" width="27" height="12"/>
    <SubTexture name="layer_039_png" x="390" y="369" width="34" height="32"/>
    <SubTexture name="layer_040_png" x="426" y="372" width="22" height="29"/>
    <SubTexture name="layer_041_png" x="388" y="108" width="60" height="75"/>
    <SubTexture name="layer_042_png" x="373" y="415" width="19" height="46"/>
    <SubTexture name="layer_043_png" x="435" y="350" width="32" height="20"/>
    <SubTexture name="layer_044_png" x="141" y="109" width="19" height="20"/>
    <SubTexture name="layer_045_png" x="367" y="493" width="23" height="16"/>
    <SubTexture name="layer_046_png" x="492" y="122" width="18" height="30"/>
    <SubTexture name="layer_047_png" x="491" y="289" width="19" height="27"/>
    <SubTexture name="layer_048_png" x="394" y="403" width="26" height="34"/>
    <SubTexture name="layer_049_png" x="422" y="403" width="24" height="27"/>
    <SubTexture name="layer_050_png" x="369" y="283" width="61" height="46"/>
    <SubTexture name="layer_051_png" x="327" y="52" width="128" height="54"/>
    <SubTexture name="layer_052_png" x="165" y="419" width="94" height="44"/>
    <SubTexture name="layer_053_png" x="327" y="2" width="140" height="48"/>
    <SubTexture name="layer_054_png" x="238" y="2" width="87" height="105"/>
    <SubTexture name="layer_055_png" x="141" y="2" width="95" height="105"/>
    <SubTexture name="layer_056_png" x="469" y="243" width="20" height="37"/>
    <SubTexture name="layer_057_png" x="434" y="463" width="17" height="27"/>
    <SubTexture name="layer_058_png" x="424" y="493" width="11" height="15"/>
    <SubTexture name="layer_059_png" x="448" y="187" width="42" height="54"/>
    <SubTexture name="layer_060_png" x="226" y="465" width="32" height="33"/>
    <SubTexture name="layer_061_png" x="478" y="318" width="17" height="27"/>
    <SubTexture name="layer_062_png" x="360" y="352" width="28" height="61"/>
    <SubTexture name="layer_063_png" x="2" y="2" width="137" height="128"/>
    <SubTexture name="layer_064_png" x="85" y="442" width="78" height="36"/>
    <SubTexture name="layer_065_png" x="390" y="331" width="43" height="36"/>
    <SubTexture name="layer_066_png" x="2" y="445" width="80" height="64"/>
    <SubTexture name="layer_067_png" x="453" y="458" width="16" height="24"/>
    <SubTexture name="layer_068_png" x="435" y="314" width="24" height="34"/>
    <SubTexture name="layer_069_png" x="318" y="352" width="40" height="64"/>
    <SubTexture name="layer_070_png" x="318" y="280" width="49" height="70"/>
</TextureAtlas>
