<?xml version="1.0" encoding="UTF-8"?>
<!-- Created with TexturePacker http://www.codeandweb.com/texturepacker-->
<!-- $TexturePacker:SmartUpdate:a010ebc719634eeaeaac053815c20773:ecf3677c3772be386785d95af1e5ca99:ebef48259d82a93f3855e37e896aacb4$ -->
<TextureAtlas imagePath="1764_dragon_highentity_3_HD_tweened_dxt5.dds" scale="0.5390625">
    <SubTexture name="SPAM_RearrangedBitmap1006995913" x="471" y="335" width="189" height="162" frameX="0" frameY="0" frameWidth="191" frameHeight="164"/>
    <SubTexture name="SPAM_RearrangedBitmap101465877_fx" x="771" y="871" width="34" height="33" frameX="-5" frameY="-2" frameWidth="44" frameHeight="39"/>
    <SubTexture name="SPAM_RearrangedBitmap1026128579" x="464" y="711" width="119" height="104" frameX="-1" frameY="-1" frameWidth="123" frameHeight="108"/>
    <SubTexture name="SPAM_RearrangedBitmap1038339948" x="407" y="898" width="85" height="68" frameX="0" frameY="0" frameWidth="87" frameHeight="70"/>
    <SubTexture name="SPAM_RearrangedBitmap1149157092" x="858" y="351" width="57" height="76"/>
    <SubTexture name="SPAM_RearrangedBitmap1180757473" x="900" y="983" width="24" height="33"/>
    <SubTexture name="SPAM_RearrangedBitmap1236621671" x="249" y="969" width="87" height="22" frameX="-1" frameY="-1" frameWidth="93" frameHeight="26"/>
    <SubTexture name="SPAM_RearrangedBitmap1468123905" x="347" y="776" width="113" height="120" frameX="-1" frameY="-1" frameWidth="119" frameHeight="124"/>
    <SubTexture name="SPAM_RearrangedBitmap1542957562" x="811" y="718" width="24" height="34"/>
    <SubTexture name="SPAM_RearrangedBitmap1791443364" x="388" y="606" width="48" height="46" frameX="-21" frameY="-14" frameWidth="80" frameHeight="72"/>
    <SubTexture name="SPAM_RearrangedBitmap1817687916" x="473" y="170" width="217" height="163" frameX="-1" frameY="0" frameWidth="219" frameHeight="163"/>
    <SubTexture name="SPAM_RearrangedBitmap1828603019" x="482" y="968" width="21" height="17"/>
    <SubTexture name="SPAM_RearrangedBitmap1851186121" x="287" y="993" width="60" height="28"/>
    <SubTexture name="SPAM_RearrangedBitmap2109201241" x="2" y="378" width="150" height="191"/>
    <SubTexture name="SPAM_RearrangedBitmap2224299924" x="703" y="177" width="212" height="172" frameX="0" frameY="0" frameWidth="214" frameHeight="172"/>
    <SubTexture name="SPAM_RearrangedBitmap2254443403_fx" x="1010" y="398" width="12" height="16" frameX="0" frameY="0" frameWidth="14" frameHeight="18"/>
    <SubTexture name="SPAM_RearrangedBitmap2396956791" x="143" y="781" width="85" height="68" frameX="0" frameY="0" frameWidth="87" frameHeight="70"/>
    <SubTexture name="SPAM_RearrangedBitmap2427778940" x="634" y="792" width="22" height="12"/>
    <SubTexture name="SPAM_RearrangedBitmap2535241227" x="807" y="800" width="30" height="32"/>
    <SubTexture name="SPAM_RearrangedBitmap2765236914" x="98" y="762" width="43" height="27" frameX="-4" frameY="-2" frameWidth="49" frameHeight="31"/>
    <SubTexture name="SPAM_RearrangedBitmap2809677231" x="359" y="552" width="27" height="32"/>
    <SubTexture name="SPAM_RearrangedBitmap2858406946_fx" x="51" y="571" width="14" height="22" frameX="-4" frameY="-3" frameWidth="24" frameHeight="38"/>
    <SubTexture name="SPAM_RearrangedBitmap2896721936" x="833" y="643" width="57" height="67"/>
    <SubTexture name="SPAM_RearrangedBitmap29130765" x="703" y="351" width="153" height="181"/>
    <SubTexture name="SPAM_RearrangedBitmap2950249609" x="933" y="906" width="56" height="31" frameX="-3" frameY="-3" frameWidth="60" frameHeight="37"/>
    <SubTexture name="SPAM_RearrangedBitmap2989518749" x="388" y="476" width="76" height="25" frameX="0" frameY="-2" frameWidth="80" frameHeight="29"/>
    <SubTexture name="SPAM_RearrangedBitmap3075358096_fx" x="635" y="917" width="36" height="32" frameX="-3" frameY="-1" frameWidth="44" frameHeight="36"/>
    <SubTexture name="SPAM_RearrangedBitmap3169798223_fx" x="452" y="228" width="18" height="31" frameX="-3" frameY="-2" frameWidth="26" frameHeight="39"/>
    <SubTexture name="SPAM_RearrangedBitmap3277260825" x="119" y="697" width="22" height="31"/>
    <SubTexture name="SPAM_RearrangedBitmap3354074969" x="927" y="24" width="92" height="45"/>
    <SubTexture name="SPAM_RearrangedBitmap3398388945" x="230" y="824" width="30" height="25" frameX="-3" frameY="-3" frameWidth="38" frameHeight="33"/>
    <SubTexture name="SPAM_RearrangedBitmap3422167223" x="143" y="711" width="85" height="68" frameX="0" frameY="0" frameWidth="87" frameHeight="70"/>
    <SubTexture name="SPAM_RearrangedBitmap3436543386" x="338" y="969" width="60" height="22"/>
    <SubTexture name="SPAM_RearrangedBitmap373750402" x="631" y="967" width="23" height="14"/>
    <SubTexture name="SPAM_RearrangedBitmap3758818261" x="839" y="930" width="25" height="33"/>
    <SubTexture name="SPAM_RearrangedBitmap3794880535_fx" x="359" y="516" width="27" height="34" frameX="-5" frameY="-1" frameWidth="37" frameHeight="40"/>
    <SubTexture name="SPAM_RearrangedBitmap3840579628" x="452" y="261" width="17" height="43"/>
    <SubTexture name="SPAM_RearrangedBitmap3996843562" x="917" y="204" width="7" height="6" frameX="-2" frameY="-2" frameWidth="17" frameHeight="14"/>
    <SubTexture name="SPAM_RearrangedBitmap4013989714" x="465" y="602" width="129" height="107"/>
    <SubTexture name="SPAM_RearrangedBitmap4021824478" x="67" y="762" width="28" height="26"/>
    <SubTexture name="SPAM_RearrangedBitmap4041788806" x="240" y="2" width="231" height="177" frameX="0" frameY="0" frameWidth="233" frameHeight="177"/>
    <SubTexture name="SPAM_RearrangedBitmap4195946268_fx" x="917" y="193" width="7" height="9" frameX="0" frameY="0" frameWidth="9" frameHeight="11"/>
    <SubTexture name="SPAM_RearrangedBitmap4326876870" x="154" y="453" width="77" height="107"/>
    <SubTexture name="SPAM_RearrangedBitmap4454454777" x="635" y="883" width="36" height="32"/>
    <SubTexture name="SPAM_RearrangedBitmap445541575" x="372" y="993" width="30" height="27"/>
    <SubTexture name="SPAM_RearrangedBitmap4482183566" x="438" y="606" width="25" height="34"/>
    <SubTexture name="SPAM_RearrangedBitmap4509435763" x="886" y="771" width="71" height="38"/>
    <SubTexture name="SPAM_RearrangedBitmap4588576241" x="833" y="534" width="23" height="41"/>
    <SubTexture name="SPAM_RearrangedBitmap4706836926" x="388" y="356" width="61" height="92" frameX="-2" frameY="-2" frameWidth="67" frameHeight="98"/>
    <SubTexture name="SPAM_RearrangedBitmap4724820647" x="400" y="969" width="28" height="19"/>
    <SubTexture name="SPAM_RearrangedBitmap4838103846" x="874" y="904" width="57" height="42" frameX="0" frameY="-8" frameWidth="57" frameHeight="50"/>
    <SubTexture name="SPAM_RearrangedBitmap4857089301_fx" x="451" y="428" width="15" height="15" frameX="-3" frameY="-3" frameWidth="23" frameHeight="23"/>
    <SubTexture name="SPAM_RearrangedBitmap4930492904_fx" x="917" y="177" width="8" height="7"/>
    <SubTexture name="SPAM_RearrangedBitmap4950982043" x="1017" y="134" width="5" height="5"/>
    <SubTexture name="SPAM_RearrangedBitmap4974376582" x="763" y="718" width="46" height="34"/>
    <SubTexture name="SPAM_RearrangedBitmap5004552715" x="662" y="411" width="39" height="40" frameX="-3" frameY="-2" frameWidth="45" frameHeight="44"/>
    <SubTexture name="SPAM_RearrangedBitmap5076510266" x="927" y="71" width="90" height="19" frameX="-1" frameY="-3" frameWidth="96" frameHeight="25"/>
    <SubTexture name="SPAM_RearrangedBitmap5077812788" x="451" y="366" width="15" height="37"/>
    <SubTexture name="SPAM_RearrangedBitmap5197288459" x="109" y="641" width="32" height="19" frameX="-2" frameY="-2" frameWidth="38" frameHeight="25"/>
    <SubTexture name="SPAM_RearrangedBitmap5250482002" x="873" y="948" width="20" height="41"/>
    <SubTexture name="SPAM_RearrangedBitmap5265554453" x="858" y="429" width="150" height="195"/>
    <SubTexture name="SPAM_RearrangedBitmap5285004386" x="563" y="895" width="70" height="70" frameX="-2" frameY="-3" frameWidth="74" frameHeight="76"/>
    <SubTexture name="SPAM_RearrangedBitmap5300803008_fx" x="805" y="925" width="32" height="33" frameX="-4" frameY="-1" frameWidth="40" frameHeight="37"/>
    <SubTexture name="SPAM_RearrangedBitmap5377896167" x="1010" y="474" width="11" height="12" frameX="-2" frameY="-1" frameWidth="17" frameHeight="16"/>
    <SubTexture name="SPAM_RearrangedBitmap5402668388_fx" x="989" y="416" width="13" height="11" frameX="0" frameY="-4" frameWidth="15" frameHeight="17"/>
    <SubTexture name="SPAM_RearrangedBitmap5421676013" x="807" y="862" width="30" height="26"/>
    <SubTexture name="SPAM_RearrangedBitmap5477352691" x="225" y="994" width="60" height="28"/>
    <SubTexture name="SPAM_RearrangedBitmap554104639" x="388" y="503" width="75" height="101" frameX="-2" frameY="-1" frameWidth="81" frameHeight="105"/>
    <SubTexture name="SPAM_RearrangedBitmap5556315498" x="703" y="351" width="153" height="181"/>
    <SubTexture name="SPAM_RearrangedBitmap5584909574" x="921" y="948" width="21" height="31"/>
    <SubTexture name="SPAM_RearrangedBitmap5586642213_fx" x="50" y="817" width="70" height="32" frameX="0" frameY="0" frameWidth="74" frameHeight="34"/>
    <SubTexture name="SPAM_RearrangedBitmap5670693666" x="873" y="991" width="25" height="31"/>
    <SubTexture name="SPAM_RearrangedBitmap5753226691" x="143" y="641" width="85" height="68" frameX="0" frameY="0" frameWidth="87" frameHeight="70"/>
    <SubTexture name="SPAM_RearrangedBitmap5760018857" x="230" y="664" width="115" height="116" frameX="-20" frameY="-20" frameWidth="157" frameHeight="158"/>
    <SubTexture name="SPAM_RearrangedBitmap5768576347" x="1010" y="356" width="12" height="22"/>
    <SubTexture name="SPAM_RearrangedBitmap5775007928" x="945" y="819" width="65" height="26" frameX="-2" frameY="-2" frameWidth="67" frameHeight="30"/>
    <SubTexture name="SPAM_RearrangedBitmap582592485" x="505" y="967" width="41" height="16"/>
    <SubTexture name="SPAM_RearrangedBitmap5862675927" x="703" y="2" width="222" height="173" frameX="0" frameY="0" frameWidth="224" frameHeight="173"/>
    <SubTexture name="SPAM_RearrangedBitmap5912043007" x="608" y="499" width="51" height="46"/>
    <SubTexture name="SPAM_RearrangedBitmap6037489148" x="1017" y="117" width="5" height="8"/>
    <SubTexture name="SPAM_RearrangedBitmap610248079" x="689" y="806" width="57" height="68"/>
    <SubTexture name="SPAM_RearrangedBitmap6153395486" x="997" y="939" width="25" height="25" frameX="-2" frameY="-1" frameWidth="31" frameHeight="29"/>
    <SubTexture name="SPAM_RearrangedBitmap618447795" x="240" y="181" width="210" height="173" frameX="0" frameY="0" frameWidth="212" frameHeight="173"/>
    <SubTexture name="SPAM_RearrangedBitmap6292116069" x="154" y="399" width="80" height="26" frameX="-1" frameY="-2" frameWidth="86" frameHeight="30"/>
    <SubTexture name="SPAM_RearrangedBitmap6424638320" x="154" y="203" width="83" height="66" frameX="-1" frameY="-1" frameWidth="87" frameHeight="70"/>
    <SubTexture name="SPAM_RearrangedBitmap6511328016" x="876" y="845" width="58" height="57" frameX="0" frameY="-1" frameWidth="60" frameHeight="59"/>
    <SubTexture name="SPAM_RearrangedBitmap6574557297" x="807" y="834" width="30" height="26"/>
    <SubTexture name="SPAM_RearrangedBitmap660654836" x="892" y="626" width="66" height="64" frameX="-11" frameY="-12" frameWidth="80" frameHeight="80"/>
    <SubTexture name="SPAM_RearrangedBitmap6608502562" x="67" y="571" width="85" height="68" frameX="0" frameY="0" frameWidth="87" frameHeight="70"/>
    <SubTexture name="SPAM_RearrangedBitmap6614714115" x="608" y="547" width="50" height="26" frameX="-2" frameY="-2" frameWidth="52" frameHeight="30"/>
    <SubTexture name="SPAM_RearrangedBitmap663513224" x="596" y="653" width="61" height="63" frameX="-2" frameY="-1" frameWidth="65" frameHeight="65"/>
    <SubTexture name="SPAM_RearrangedBitmap669860168" x="119" y="730" width="22" height="30"/>
    <SubTexture name="SPAM_RearrangedBitmap6756285486" x="452" y="189" width="18" height="37"/>
    <SubTexture name="SPAM_RearrangedBitmap6771352062" x="51" y="664" width="66" height="79" frameX="-2" frameY="-15" frameWidth="74" frameHeight="97"/>
    <SubTexture name="SPAM_RearrangedBitmap6815229420" x="602" y="984" width="71" height="38"/>
    <SubTexture name="SPAM_RearrangedBitmap6821412335" x="230" y="824" width="30" height="25" frameX="-3" frameY="-3" frameWidth="38" frameHeight="33"/>
    <SubTexture name="SPAM_RearrangedBitmap6871806784" x="154" y="182" width="84" height="19" frameX="-1" frameY="-3" frameWidth="90" frameHeight="25"/>
    <SubTexture name="SPAM_RearrangedBitmap6950126629" x="451" y="405" width="15" height="21"/>
    <SubTexture name="SPAM_RearrangedBitmap6983673924" x="703" y="534" width="128" height="182"/>
    <SubTexture name="SPAM_RearrangedBitmap7008948032" x="977" y="356" width="25" height="39"/>
    <SubTexture name="SPAM_RearrangedBitmap7011600544" x="452" y="181" width="19" height="6"/>
    <SubTexture name="SPAM_RearrangedBitmap7032981811" x="230" y="568" width="121" height="94" frameX="-1" frameY="-1" frameWidth="127" frameHeight="98"/>
    <SubTexture name="SPAM_RearrangedBitmap7049435845" x="97" y="791" width="36" height="22" frameX="-2" frameY="-1" frameWidth="38" frameHeight="28"/>
    <SubTexture name="SPAM_RearrangedBitmap7098713788" x="1010" y="439" width="11" height="33"/>
    <SubTexture name="SPAM_RearrangedBitmap7168624658" x="917" y="212" width="7" height="5" frameX="0" frameY="0" frameWidth="7" frameHeight="7"/>
    <SubTexture name="SPAM_RearrangedBitmap7172438546_fx" x="1017" y="127" width="5" height="5"/>
    <SubTexture name="SPAM_RearrangedBitmap7273886782" x="748" y="802" width="57" height="67"/>
    <SubTexture name="SPAM_RearrangedBitmap7366958215" x="2" y="2" width="236" height="178" frameX="0" frameY="0" frameWidth="238" frameHeight="178"/>
    <SubTexture name="SPAM_RearrangedBitmap7387235996" x="722" y="755" width="47" height="45" frameX="-1" frameY="-1" frameWidth="49" frameHeight="47"/>
    <SubTexture name="SPAM_RearrangedBitmap7478437480" x="196" y="584" width="32" height="42"/>
    <SubTexture name="SPAM_RearrangedBitmap7493426102" x="839" y="830" width="35" height="32"/>
    <SubTexture name="SPAM_RearrangedBitmap7888207718" x="349" y="993" width="21" height="28"/>
    <SubTexture name="SPAM_RearrangedBitmap7895575093" x="944" y="939" width="24" height="30"/>
    <SubTexture name="SPAM_RearrangedBitmap7955171125" x="917" y="398" width="70" height="29" frameX="-1" frameY="-3" frameWidth="78" frameHeight="35"/>
    <SubTexture name="SPAM_RearrangedBitmap7974785807" x="895" y="948" width="24" height="33"/>
    <SubTexture name="SPAM_RearrangedBitmap8006408967" x="353" y="586" width="33" height="66"/>
    <SubTexture name="SPAM_RearrangedBitmap8126970198" x="926" y="981" width="25" height="30"/>
    <SubTexture name="SPAM_RearrangedBitmap8307186886" x="452" y="348" width="17" height="16"/>
    <SubTexture name="SPAM_RearrangedBitmap8337717865" x="927" y="92" width="88" height="126" frameX="-2" frameY="-1" frameWidth="94" frameHeight="130"/>
    <SubTexture name="SPAM_RearrangedBitmap8449238453" x="2" y="182" width="150" height="194"/>
    <SubTexture name="SPAM_RearrangedBitmap8470463167" x="466" y="499" width="140" height="101" frameX="-1" frameY="-1" frameWidth="146" frameHeight="105"/>
    <SubTexture name="SPAM_RearrangedBitmap847251123" x="970" y="939" width="25" height="26"/>
    <SubTexture name="SPAM_RearrangedBitmap8472535027" x="1010" y="416" width="12" height="10"/>
    <SubTexture name="SPAM_RearrangedBitmap8503127355" x="347" y="898" width="58" height="69"/>
    <SubTexture name="SPAM_RearrangedBitmap8562457731" x="585" y="792" width="22" height="14" frameX="-27" frameY="-26" frameWidth="72" frameHeight="54"/>
    <SubTexture name="SPAM_RearrangedBitmap857822801" x="833" y="610" width="23" height="31"/>
    <SubTexture name="SPAM_RearrangedBitmap8579828367" x="154" y="271" width="80" height="126" frameX="-2" frameY="0" frameWidth="86" frameHeight="130"/>
    <SubTexture name="SPAM_RearrangedBitmap8653180432" x="807" y="890" width="25" height="33"/>
    <SubTexture name="SPAM_RearrangedBitmap8695154848" x="388" y="450" width="77" height="24" frameX="-2" frameY="-3" frameWidth="83" frameHeight="30"/>
    <SubTexture name="SPAM_RearrangedBitmap8797390341" x="287" y="911" width="57" height="56"/>
    <SubTexture name="SPAM_RearrangedBitmap9133181788" x="953" y="971" width="23" height="30"/>
    <SubTexture name="SPAM_RearrangedBitmap9171525910" x="548" y="967" width="30" height="16" frameX="0" frameY="0" frameWidth="30" frameHeight="22"/>
    <SubTexture name="SPAM_RearrangedBitmap9280296696" x="585" y="718" width="72" height="72" frameX="-3" frameY="-3" frameWidth="78" frameHeight="78"/>
    <SubTexture name="SPAM_RearrangedBitmap9346440113_fx" x="1010" y="380" width="12" height="16" frameX="0" frameY="0" frameWidth="14" frameHeight="18"/>
    <SubTexture name="SPAM_RearrangedBitmap9443806021" x="927" y="2" width="94" height="20" frameX="-1" frameY="-3" frameWidth="100" frameHeight="26"/>
    <SubTexture name="SPAM_RearrangedBitmap9461552806" x="692" y="170" width="9" height="35"/>
    <SubTexture name="SPAM_RearrangedBitmap9487388886" x="473" y="2" width="228" height="166" frameX="0" frameY="0" frameWidth="230" frameHeight="166"/>
    <SubTexture name="SPAM_RearrangedBitmap9496328720" x="494" y="897" width="67" height="68" frameX="-2" frameY="-2" frameWidth="71" frameHeight="72"/>
    <SubTexture name="SPAM_RearrangedBitmap9515918734_fx" x="119" y="662" width="22" height="33" frameX="-3" frameY="-1" frameWidth="30" frameHeight="39"/>
    <SubTexture name="SPAM_RearrangedBitmap9645380225" x="154" y="427" width="80" height="24" frameX="0" frameY="-4" frameWidth="84" frameHeight="30"/>
    <SubTexture name="SPAM_RearrangedBitmap9649242495" x="737" y="718" width="24" height="35"/>
    <SubTexture name="SPAM_RearrangedBitmap9694309459" x="609" y="792" width="23" height="13"/>
    <SubTexture name="SPAM_RearrangedBitmap9708525171" x="991" y="906" width="25" height="31"/>
    <SubTexture name="SPAM_RearrangedBitmap9778228021" x="67" y="790" width="28" height="25" frameX="0" frameY="0" frameWidth="28" frameHeight="27"/>
    <SubTexture name="SPAM_RearrangedBitmap9852804810" x="833" y="577" width="23" height="31"/>
    <SubTexture name="SPAM_RearrangedBitmap9998837646" x="1017" y="92" width="5" height="23"/>
    <SubTexture name="layer_001_png" x="587" y="808" width="35" height="76"/>
    <SubTexture name="layer_002_png" x="662" y="453" width="38" height="66"/>
    <SubTexture name="layer_003_png" x="50" y="851" width="88" height="45"/>
    <SubTexture name="layer_004_png" x="51" y="641" width="56" height="21"/>
    <SubTexture name="layer_005_png" x="771" y="960" width="54" height="59"/>
    <SubTexture name="layer_006_png" x="98" y="1007" width="26" height="15"/>
    <SubTexture name="layer_007_png" x="462" y="817" width="45" height="78"/>
    <SubTexture name="layer_008_png" x="839" y="864" width="33" height="64"/>
    <SubTexture name="layer_009_png" x="456" y="968" width="24" height="18"/>
    <SubTexture name="layer_010_png" x="98" y="898" width="40" height="73"/>
    <SubTexture name="layer_011_png" x="850" y="965" width="21" height="44"/>
    <SubTexture name="layer_012_png" x="877" y="811" width="66" height="32"/>
    <SubTexture name="layer_013_png" x="978" y="993" width="22" height="25"/>
    <SubTexture name="layer_014_png" x="31" y="998" width="27" height="24"/>
    <SubTexture name="layer_015_png" x="430" y="968" width="24" height="18"/>
    <SubTexture name="layer_016_png" x="661" y="521" width="40" height="73"/>
    <SubTexture name="layer_017_png" x="827" y="965" width="21" height="44"/>
    <SubTexture name="layer_018_png" x="404" y="990" width="66" height="32"/>
    <SubTexture name="layer_019_png" x="997" y="966" width="22" height="25"/>
    <SubTexture name="layer_020_png" x="2" y="998" width="27" height="24"/>
    <SubTexture name="layer_021_png" x="287" y="824" width="58" height="85"/>
    <SubTexture name="layer_022_png" x="723" y="876" width="46" height="133"/>
    <SubTexture name="layer_023_png" x="154" y="584" width="40" height="55"/>
    <SubTexture name="layer_024_png" x="548" y="817" width="37" height="76"/>
    <SubTexture name="layer_025_png" x="249" y="910" width="36" height="57"/>
    <SubTexture name="layer_026_png" x="236" y="436" width="150" height="78"/>
    <SubTexture name="layer_027_png" x="98" y="973" width="40" height="32"/>
    <SubTexture name="layer_028_png" x="840" y="795" width="35" height="33"/>
    <SubTexture name="layer_029_png" x="216" y="851" width="31" height="141"/>
    <SubTexture name="layer_030_png" x="659" y="596" width="41" height="157"/>
    <SubTexture name="layer_031_png" x="605" y="967" width="24" height="14"/>
    <SubTexture name="layer_032_png" x="472" y="988" width="63" height="34"/>
    <SubTexture name="layer_033_png" x="230" y="782" width="112" height="40"/>
    <SubTexture name="layer_034_png" x="917" y="259" width="97" height="95"/>
    <SubTexture name="layer_035_png" x="347" y="746" width="115" height="28"/>
    <SubTexture name="layer_036_png" x="659" y="755" width="61" height="49"/>
    <SubTexture name="layer_037_png" x="177" y="998" width="46" height="23"/>
    <SubTexture name="layer_038_png" x="771" y="754" width="67" height="44"/>
    <SubTexture name="layer_039_png" x="917" y="186" width="8" height="5"/>
    <SubTexture name="layer_040_png" x="989" y="397" width="11" height="17"/>
    <SubTexture name="layer_041_png" x="1010" y="428" width="12" height="9"/>
    <SubTexture name="layer_042_png" x="580" y="967" width="23" height="15"/>
    <SubTexture name="layer_043_png" x="692" y="207" width="9" height="17"/>
    <SubTexture name="layer_044_png" x="452" y="306" width="17" height="40"/>
    <SubTexture name="layer_045_png" x="662" y="335" width="39" height="74"/>
    <SubTexture name="layer_046_png" x="917" y="356" width="58" height="40"/>
    <SubTexture name="layer_047_png" x="2" y="571" width="47" height="173"/>
    <SubTexture name="layer_048_png" x="60" y="898" width="36" height="123"/>
    <SubTexture name="layer_049_png" x="177" y="851" width="37" height="145"/>
    <SubTexture name="layer_050_png" x="917" y="220" width="105" height="37"/>
    <SubTexture name="layer_051_png" x="233" y="516" width="124" height="50"/>
    <SubTexture name="layer_052_png" x="624" y="807" width="63" height="74"/>
    <SubTexture name="layer_053_png" x="353" y="654" width="109" height="90"/>
    <SubTexture name="layer_054_png" x="2" y="746" width="63" height="69"/>
    <SubTexture name="layer_055_png" x="936" y="847" width="85" height="57"/>
    <SubTexture name="layer_056_png" x="675" y="883" width="46" height="133"/>
    <SubTexture name="layer_057_png" x="837" y="712" width="55" height="40"/>
    <SubTexture name="layer_058_png" x="509" y="817" width="37" height="76"/>
    <SubTexture name="layer_059_png" x="249" y="851" width="36" height="57"/>
    <SubTexture name="layer_060_png" x="236" y="356" width="150" height="78"/>
    <SubTexture name="layer_061_png" x="771" y="906" width="32" height="40"/>
    <SubTexture name="layer_062_png" x="702" y="718" width="33" height="35"/>
    <SubTexture name="layer_063_png" x="140" y="851" width="35" height="161"/>
    <SubTexture name="layer_064_png" x="2" y="817" width="46" height="179"/>
    <SubTexture name="layer_065_png" x="154" y="562" width="74" height="20"/>
    <SubTexture name="layer_066_png" x="67" y="745" width="27" height="15"/>
    <SubTexture name="layer_067_png" x="262" y="824" width="23" height="25"/>
    <SubTexture name="mapa_de_bits_1" x="840" y="754" width="44" height="39" frameX="0" frameY="0" frameWidth="46" frameHeight="41"/>
    <SubTexture name="mapa_de_bits_10" x="959" y="784" width="59" height="33" frameX="0" frameY="0" frameWidth="61" frameHeight="35"/>
    <SubTexture name="mapa_de_bits_11" x="608" y="575" width="49" height="76" frameX="-1" frameY="-2" frameWidth="53" frameHeight="80"/>
    <SubTexture name="mapa_de_bits_2" x="959" y="743" width="59" height="39" frameX="0" frameY="0" frameWidth="61" frameHeight="41"/>
    <SubTexture name="mapa_de_bits_3" x="959" y="743" width="59" height="39" frameX="0" frameY="0" frameWidth="61" frameHeight="41"/>
    <SubTexture name="mapa_de_bits_4" x="959" y="703" width="63" height="38" frameX="0" frameY="0" frameWidth="65" frameHeight="40"/>
    <SubTexture name="mapa_de_bits_5" x="537" y="985" width="63" height="37" frameX="0" frameY="0" frameWidth="65" frameHeight="39"/>
    <SubTexture name="mapa_de_bits_6" x="894" y="692" width="63" height="39" frameX="0" frameY="0" frameWidth="65" frameHeight="41"/>
    <SubTexture name="mapa_de_bits_7" x="960" y="665" width="61" height="36" frameX="0" frameY="0" frameWidth="63" frameHeight="38"/>
    <SubTexture name="mapa_de_bits_8" x="894" y="733" width="63" height="36" frameX="0" frameY="0" frameWidth="65" frameHeight="38"/>
    <SubTexture name="mapa_de_bits_9" x="960" y="626" width="61" height="37" frameX="0" frameY="0" frameWidth="63" frameHeight="39"/>
</TextureAtlas>
