<?xml version="1.0" encoding="UTF-8"?>
<!-- Created with TexturePacker http://www.codeandweb.com/texturepacker-->
<!-- $TexturePacker:SmartUpdate:ed80a624bd44570c7ee6aa4401e490c3:31255be4093e43c2eeb883c44bc18a6f:f4e24017660409bc2cc71ae1776e5296$ -->
<TextureAtlas imagePath="1764_dragon_highentity_3_HD_tweened_dxt5_map.dds" scale="0.376968383789">
    <SubTexture name="SPAM_RearrangedBitmap1542957562" x="471" y="438" width="17" height="24"/>
    <SubTexture name="SPAM_RearrangedBitmap1817687916" x="168" y="125" width="153" height="114"/>
    <SubTexture name="SPAM_RearrangedBitmap2224299924" x="326" y="2" width="150" height="120"/>
    <SubTexture name="SPAM_RearrangedBitmap3277260825" x="484" y="382" width="15" height="21"/>
    <SubTexture name="SPAM_RearrangedBitmap3758818261" x="480" y="357" width="17" height="23"/>
    <SubTexture name="SPAM_RearrangedBitmap4041788806" x="2" y="129" width="161" height="124" frameX="0" frameY="0" frameWidth="163" frameHeight="124"/>
    <SubTexture name="SPAM_RearrangedBitmap4482183566" x="465" y="389" width="17" height="24"/>
    <SubTexture name="SPAM_RearrangedBitmap5584909574" x="495" y="268" width="15" height="22"/>
    <SubTexture name="SPAM_RearrangedBitmap5670693666" x="421" y="212" width="18" height="21"/>
    <SubTexture name="SPAM_RearrangedBitmap5862675927" x="168" y="2" width="156" height="121"/>
    <SubTexture name="SPAM_RearrangedBitmap618447795" x="2" y="373" width="148" height="121"/>
    <SubTexture name="SPAM_RearrangedBitmap669860168" x="495" y="292" width="15" height="21"/>
    <SubTexture name="SPAM_RearrangedBitmap7366958215" x="2" y="2" width="164" height="125" frameX="0" frameY="0" frameWidth="166" frameHeight="125"/>
    <SubTexture name="SPAM_RearrangedBitmap7895575093" x="484" y="405" width="17" height="21"/>
    <SubTexture name="SPAM_RearrangedBitmap8126970198" x="468" y="309" width="17" height="21"/>
    <SubTexture name="SPAM_RearrangedBitmap8653180432" x="475" y="332" width="17" height="23"/>
    <SubTexture name="SPAM_RearrangedBitmap9133181788" x="477" y="286" width="16" height="21"/>
    <SubTexture name="SPAM_RearrangedBitmap9487388886" x="2" y="255" width="158" height="116" frameX="0" frameY="0" frameWidth="160" frameHeight="116"/>
    <SubTexture name="SPAM_RearrangedBitmap9649242495" x="461" y="363" width="17" height="24"/>
    <SubTexture name="SPAM_RearrangedBitmap9708525171" x="465" y="415" width="17" height="21"/>
    <SubTexture name="layer_001_png" x="350" y="347" width="24" height="53"/>
    <SubTexture name="layer_002_png" x="432" y="344" width="27" height="46"/>
    <SubTexture name="layer_003_png" x="376" y="399" width="62" height="32"/>
    <SubTexture name="layer_004_png" x="351" y="495" width="39" height="15"/>
    <SubTexture name="layer_005_png" x="403" y="301" width="38" height="41"/>
    <SubTexture name="layer_006_png" x="421" y="235" width="18" height="10"/>
    <SubTexture name="layer_007_png" x="441" y="124" width="32" height="55"/>
    <SubTexture name="layer_008_png" x="440" y="392" width="23" height="44"/>
    <SubTexture name="layer_009_png" x="56" y="496" width="16" height="13"/>
    <SubTexture name="layer_010_png" x="441" y="181" width="28" height="51"/>
    <SubTexture name="layer_011_png" x="495" y="236" width="15" height="30"/>
    <SubTexture name="layer_012_png" x="430" y="258" width="46" height="22"/>
    <SubTexture name="layer_013_png" x="494" y="335" width="15" height="18"/>
    <SubTexture name="layer_014_png" x="471" y="236" width="19" height="16"/>
    <SubTexture name="layer_015_png" x="323" y="225" width="16" height="13"/>
    <SubTexture name="layer_016_png" x="475" y="129" width="28" height="51"/>
    <SubTexture name="layer_017_png" x="478" y="254" width="15" height="30"/>
    <SubTexture name="layer_018_png" x="394" y="475" width="46" height="22"/>
    <SubTexture name="layer_019_png" x="495" y="315" width="15" height="18"/>
    <SubTexture name="layer_020_png" x="476" y="494" width="19" height="16"/>
    <SubTexture name="layer_021_png" x="342" y="247" width="40" height="59"/>
    <SubTexture name="layer_022_png" x="380" y="124" width="32" height="93"/>
    <SubTexture name="layer_023_png" x="187" y="465" width="28" height="38"/>
    <SubTexture name="layer_024_png" x="404" y="344" width="26" height="53"/>
    <SubTexture name="layer_025_png" x="404" y="433" width="25" height="40"/>
    <SubTexture name="layer_026_png" x="162" y="297" width="105" height="54"/>
    <SubTexture name="layer_027_png" x="441" y="234" width="28" height="22"/>
    <SubTexture name="layer_028_png" x="451" y="282" width="24" height="23"/>
    <SubTexture name="layer_029_png" x="323" y="125" width="21" height="98"/>
    <SubTexture name="layer_030_png" x="187" y="353" width="29" height="110"/>
    <SubTexture name="layer_031_png" x="443" y="333" width="16" height="9"/>
    <SubTexture name="layer_032_png" x="442" y="468" width="44" height="24"/>
    <SubTexture name="layer_033_png" x="272" y="411" width="78" height="28"/>
    <SubTexture name="layer_034_png" x="272" y="241" width="68" height="67"/>
    <SubTexture name="layer_035_png" x="272" y="441" width="81" height="19"/>
    <SubTexture name="layer_036_png" x="358" y="308" width="43" height="34"/>
    <SubTexture name="layer_037_png" x="442" y="494" width="32" height="16"/>
    <SubTexture name="layer_038_png" x="355" y="433" width="47" height="30"/>
    <SubTexture name="layer_039_png" x="244" y="456" width="5" height="4"/>
    <SubTexture name="layer_040_png" x="92" y="496" width="8" height="12"/>
    <SubTexture name="layer_041_png" x="290" y="504" width="8" height="6"/>
    <SubTexture name="layer_042_png" x="74" y="496" width="16" height="10"/>
    <SubTexture name="layer_043_png" x="487" y="309" width="6" height="12"/>
    <SubTexture name="layer_044_png" x="461" y="333" width="12" height="28"/>
    <SubTexture name="layer_045_png" x="471" y="182" width="27" height="52"/>
    <SubTexture name="layer_046_png" x="351" y="465" width="41" height="28"/>
    <SubTexture name="layer_047_png" x="152" y="373" width="33" height="121"/>
    <SubTexture name="layer_048_png" x="414" y="124" width="25" height="86"/>
    <SubTexture name="layer_049_png" x="244" y="353" width="26" height="101"/>
    <SubTexture name="layer_050_png" x="346" y="219" width="73" height="26"/>
    <SubTexture name="layer_051_png" x="269" y="310" width="87" height="35"/>
    <SubTexture name="layer_052_png" x="384" y="247" width="44" height="52"/>
    <SubTexture name="layer_053_png" x="272" y="347" width="76" height="62"/>
    <SubTexture name="layer_054_png" x="244" y="462" width="44" height="48"/>
    <SubTexture name="layer_055_png" x="290" y="462" width="59" height="40"/>
    <SubTexture name="layer_056_png" x="346" y="124" width="32" height="93"/>
    <SubTexture name="layer_057_png" x="431" y="438" width="38" height="28"/>
    <SubTexture name="layer_058_png" x="376" y="344" width="26" height="53"/>
    <SubTexture name="layer_059_png" x="217" y="467" width="25" height="40"/>
    <SubTexture name="layer_060_png" x="165" y="241" width="105" height="54"/>
    <SubTexture name="layer_061_png" x="352" y="402" width="22" height="28"/>
    <SubTexture name="layer_062_png" x="443" y="307" width="23" height="24"/>
    <SubTexture name="layer_063_png" x="218" y="353" width="24" height="112"/>
    <SubTexture name="layer_064_png" x="478" y="2" width="32" height="125"/>
    <SubTexture name="layer_065_png" x="2" y="496" width="52" height="14"/>
    <SubTexture name="layer_066_png" x="430" y="282" width="19" height="10"/>
    <SubTexture name="layer_067_png" x="162" y="353" width="16" height="18"/>
</TextureAtlas>
