<?xml version="1.0" encoding="UTF-8"?>
<!-- Created with TexturePacker http://www.codeandweb.com/texturepacker-->
<!-- $TexturePacker:SmartUpdate:c8f91045a3a6ab8431a6375809750074:735e5907bd7225b03c32dcab2740c883:a82c11b7b106015a272d568111892c9d$ -->
<TextureAtlas imagePath="2117_dragon_spaceknight_b_3_HD_tweened_dxt5_map.dds" scale="0.5888671875">
    <SubTexture name="layer_001_png" x="193" y="77" width="107" height="52"/>
    <SubTexture name="layer_002_png" x="136" y="19" width="55" height="120"/>
    <SubTexture name="layer_003_png" x="71" y="245" width="44" height="108"/>
    <SubTexture name="layer_004_png" x="377" y="357" width="30" height="30"/>
    <SubTexture name="layer_005_png" x="400" y="486" width="15" height="24"/>
    <SubTexture name="layer_006_png" x="174" y="349" width="47" height="74"/>
    <SubTexture name="layer_007_png" x="417" y="160" width="64" height="31"/>
    <SubTexture name="layer_008_png" x="118" y="188" width="72" height="51"/>
    <SubTexture name="layer_009_png" x="223" y="399" width="44" height="45"/>
    <SubTexture name="layer_010_png" x="418" y="473" width="25" height="19"/>
    <SubTexture name="layer_011_png" x="174" y="425" width="24" height="12"/>
    <SubTexture name="layer_012_png" x="305" y="130" width="28" height="15"/>
    <SubTexture name="layer_013_png" x="467" y="474" width="18" height="35"/>
    <SubTexture name="layer_014_png" x="136" y="2" width="199" height="15"/>
    <SubTexture name="layer_015_png" x="471" y="359" width="20" height="37"/>
    <SubTexture name="layer_016_png" x="128" y="494" width="32" height="16"/>
    <SubTexture name="layer_017_png" x="471" y="398" width="19" height="35"/>
    <SubTexture name="layer_018_png" x="473" y="193" width="20" height="40"/>
    <SubTexture name="layer_019_png" x="337" y="2" width="118" height="48"/>
    <SubTexture name="layer_020_png" x="2" y="167" width="114" height="76"/>
    <SubTexture name="layer_021_png" x="420" y="104" width="87" height="24"/>
    <SubTexture name="layer_022_png" x="398" y="389" width="4" height="45"/>
    <SubTexture name="layer_023_png" x="117" y="245" width="34" height="106"/>
    <SubTexture name="layer_024_png" x="89" y="494" width="37" height="16"/>
    <SubTexture name="layer_025_png" x="334" y="265" width="57" height="46"/>
    <SubTexture name="layer_026_png" x="483" y="160" width="10" height="24"/>
    <SubTexture name="layer_027_png" x="420" y="130" width="75" height="28"/>
    <SubTexture name="layer_028_png" x="36" y="441" width="85" height="49"/>
    <SubTexture name="layer_029_png" x="291" y="446" width="24" height="48"/>
    <SubTexture name="layer_030_png" x="426" y="61" width="82" height="41"/>
    <SubTexture name="layer_031_png" x="302" y="319" width="30" height="29"/>
    <SubTexture name="layer_032_png" x="302" y="256" width="30" height="61"/>
    <SubTexture name="layer_033_png" x="465" y="235" width="45" height="35"/>
    <SubTexture name="layer_034_png" x="121" y="353" width="51" height="85"/>
    <SubTexture name="layer_035_png" x="319" y="487" width="42" height="23"/>
    <SubTexture name="layer_036_png" x="308" y="147" width="30" height="30"/>
    <SubTexture name="layer_037_png" x="340" y="174" width="67" height="45"/>
    <SubTexture name="layer_038_png" x="2" y="245" width="67" height="106"/>
    <SubTexture name="layer_039_png" x="192" y="203" width="100" height="51"/>
    <SubTexture name="layer_040_png" x="200" y="425" width="8" height="13"/>
    <SubTexture name="layer_041_png" x="418" y="446" width="29" height="25"/>
    <SubTexture name="layer_042_png" x="136" y="141" width="55" height="45"/>
    <SubTexture name="layer_043_png" x="411" y="323" width="42" height="24"/>
    <SubTexture name="layer_044_png" x="123" y="440" width="92" height="52"/>
    <SubTexture name="layer_045_png" x="404" y="389" width="31" height="38"/>
    <SubTexture name="layer_046_png" x="457" y="2" width="48" height="57"/>
    <SubTexture name="layer_047_png" x="340" y="221" width="69" height="42"/>
    <SubTexture name="layer_048_png" x="369" y="391" width="27" height="47"/>
    <SubTexture name="layer_049_png" x="217" y="446" width="40" height="55"/>
    <SubTexture name="layer_050_png" x="162" y="494" width="44" height="15"/>
    <SubTexture name="layer_051_png" x="350" y="441" width="28" height="44"/>
    <SubTexture name="layer_052_png" x="477" y="436" width="19" height="31"/>
    <SubTexture name="layer_053_png" x="437" y="419" width="32" height="25"/>
    <SubTexture name="layer_054_png" x="492" y="398" width="18" height="36"/>
    <SubTexture name="layer_055_png" x="445" y="349" width="24" height="38"/>
    <SubTexture name="layer_056_png" x="382" y="317" width="27" height="38"/>
    <SubTexture name="layer_057_png" x="363" y="489" width="17" height="21"/>
    <SubTexture name="layer_058_png" x="216" y="256" width="51" height="82"/>
    <SubTexture name="layer_059_png" x="299" y="350" width="34" height="37"/>
    <SubTexture name="layer_060_png" x="335" y="52" width="89" height="40"/>
    <SubTexture name="layer_061_png" x="471" y="329" width="32" height="28"/>
    <SubTexture name="layer_062_png" x="259" y="446" width="30" height="56"/>
    <SubTexture name="layer_063_png" x="335" y="346" width="40" height="43"/>
    <SubTexture name="layer_064_png" x="335" y="94" width="83" height="51"/>
    <SubTexture name="layer_065_png" x="465" y="305" width="44" height="22"/>
    <SubTexture name="layer_066_png" x="437" y="389" width="32" height="28"/>
    <SubTexture name="layer_067_png" x="193" y="131" width="110" height="36"/>
    <SubTexture name="layer_068_png" x="2" y="492" width="59" height="18"/>
    <SubTexture name="layer_069_png" x="193" y="19" width="111" height="56"/>
    <SubTexture name="layer_070_png" x="449" y="446" width="26" height="26"/>
    <SubTexture name="layer_071_png" x="193" y="169" width="113" height="32"/>
    <SubTexture name="layer_072_png" x="380" y="440" width="18" height="47"/>
    <SubTexture name="layer_073_png" x="393" y="265" width="16" height="50"/>
    <SubTexture name="layer_074_png" x="409" y="174" width="6" height="7"/>
    <SubTexture name="layer_075_png" x="2" y="481" width="15" height="6"/>
    <SubTexture name="layer_076_png" x="311" y="389" width="22" height="45"/>
    <SubTexture name="layer_077_png" x="382" y="489" width="10" height="12"/>
    <SubTexture name="layer_078_png" x="210" y="425" width="8" height="10"/>
    <SubTexture name="layer_079_png" x="118" y="167" width="8" height="18"/>
    <SubTexture name="layer_080_png" x="417" y="147" width="1" height="7"/>
    <SubTexture name="layer_081_png" x="340" y="147" width="75" height="25"/>
    <SubTexture name="layer_082_png" x="269" y="256" width="31" height="78"/>
    <SubTexture name="layer_083_png" x="497" y="130" width="13" height="58"/>
    <SubTexture name="layer_084_png" x="2" y="353" width="32" height="126"/>
    <SubTexture name="layer_085_png" x="411" y="349" width="32" height="38"/>
    <SubTexture name="layer_086_png" x="306" y="19" width="27" height="56"/>
    <SubTexture name="layer_087_png" x="411" y="193" width="60" height="40"/>
    <SubTexture name="layer_088_png" x="223" y="340" width="40" height="57"/>
    <SubTexture name="layer_089_png" x="153" y="256" width="61" height="91"/>
    <SubTexture name="layer_090_png" x="291" y="496" width="26" height="14"/>
    <SubTexture name="layer_091_png" x="404" y="429" width="25" height="15"/>
    <SubTexture name="layer_092_png" x="417" y="494" width="24" height="11"/>
    <SubTexture name="layer_093_png" x="493" y="359" width="15" height="28"/>
    <SubTexture name="layer_094_png" x="308" y="179" width="30" height="17"/>
    <SubTexture name="layer_095_png" x="317" y="441" width="31" height="44"/>
    <SubTexture name="layer_096_png" x="455" y="329" width="13" height="18"/>
    <SubTexture name="layer_097_png" x="63" y="492" width="24" height="18"/>
    <SubTexture name="layer_098_png" x="445" y="474" width="20" height="25"/>
    <SubTexture name="layer_099_png" x="335" y="391" width="32" height="48"/>
    <SubTexture name="layer_100_png" x="2" y="2" width="132" height="163"/>
    <SubTexture name="layer_101_png" x="465" y="272" width="45" height="31"/>
    <SubTexture name="layer_102_png" x="302" y="77" width="31" height="51"/>
    <SubTexture name="layer_103_png" x="36" y="355" width="83" height="84"/>
    <SubTexture name="layer_104_png" x="411" y="235" width="52" height="40"/>
    <SubTexture name="layer_105_png" x="294" y="203" width="44" height="51"/>
    <SubTexture name="layer_106_png" x="495" y="190" width="15" height="40"/>
    <SubTexture name="layer_107_png" x="334" y="313" width="46" height="31"/>
    <SubTexture name="layer_108_png" x="265" y="340" width="32" height="51"/>
    <SubTexture name="layer_109_png" x="269" y="393" width="40" height="51"/>
    <SubTexture name="layer_110_png" x="411" y="277" width="52" height="44"/>
    <SubTexture name="layer_111_png" x="400" y="446" width="16" height="38"/>
</TextureAtlas>
