<?xml version="1.0" encoding="UTF-8"?>
<!-- Created with TexturePacker http://www.codeandweb.com/texturepacker-->
<!-- $TexturePacker:SmartUpdate:96998ae376b2e9b7b6136d3c7ed85f3d:9babae57f75661af3758f8cc40894365:e95f3274f2b24f403dbc0c34e500835d$ -->
<TextureAtlas imagePath="2117_dragon_spaceknight_b_3_HD_tweened_dxt5.dds" scale="0.94921875">
    <SubTexture name="SPAM_RearrangedBitmap1006995913" x="805" y="320" width="70" height="67" frameX="-3" frameY="-2" frameWidth="80" frameHeight="75"/>
    <SubTexture name="SPAM_RearrangedBitmap1026128579" x="273" y="601" width="114" height="77" frameX="-2" frameY="-2" frameWidth="124" frameHeight="85"/>
    <SubTexture name="SPAM_RearrangedBitmap1101841976" x="663" y="610" width="86" height="72" frameX="-4" frameY="0" frameWidth="96" frameHeight="78"/>
    <SubTexture name="SPAM_RearrangedBitmap1236621671" x="59" y="841" width="136" height="133" frameX="-3" frameY="-2" frameWidth="144" frameHeight="141"/>
    <SubTexture name="SPAM_RearrangedBitmap1490119599" x="877" y="329" width="86" height="71" frameX="-2" frameY="-2" frameWidth="92" frameHeight="77"/>
    <SubTexture name="SPAM_RearrangedBitmap1542957562" x="432" y="178" width="84" height="120" frameX="-4" frameY="-5" frameWidth="96" frameHeight="134"/>
    <SubTexture name="SPAM_RearrangedBitmap1894464784" x="269" y="373" width="113" height="107" frameX="-3" frameY="-2" frameWidth="123" frameHeight="115"/>
    <SubTexture name="SPAM_RearrangedBitmap2943053712" x="890" y="177" width="124" height="103" frameX="-2" frameY="-1" frameWidth="134" frameHeight="111"/>
    <SubTexture name="SPAM_RearrangedBitmap2950249609_fx" x="845" y="668" width="63" height="67" frameX="-13" frameY="-11" frameWidth="93" frameHeight="93"/>
    <SubTexture name="SPAM_RearrangedBitmap2989518749" x="297" y="831" width="105" height="106" frameX="-22" frameY="-9" frameWidth="151" frameHeight="140"/>
    <SubTexture name="SPAM_RearrangedBitmap3277260825" x="635" y="380" width="40" height="85" frameX="-5" frameY="-6" frameWidth="52" frameHeight="99"/>
    <SubTexture name="SPAM_RearrangedBitmap3672508151" x="483" y="603" width="105" height="88" frameX="-1" frameY="-3" frameWidth="113" frameHeight="98"/>
    <SubTexture name="SPAM_RearrangedBitmap3758818261" x="381" y="680" width="79" height="119" frameX="-5" frameY="-6" frameWidth="93" frameHeight="133"/>
    <SubTexture name="SPAM_RearrangedBitmap3944694877" x="309" y="186" width="121" height="104" frameX="-2" frameY="-1" frameWidth="129" frameHeight="112"/>
    <SubTexture name="SPAM_RearrangedBitmap4013989714" x="42" y="1003" width="14" height="11" frameX="-1" frameY="-2" frameWidth="20" frameHeight="17"/>
    <SubTexture name="SPAM_RearrangedBitmap4326876870" x="552" y="693" width="65" height="98" frameX="-6" frameY="-6" frameWidth="79" frameHeight="114"/>
    <SubTexture name="SPAM_RearrangedBitmap4482183566" x="197" y="831" width="98" height="116" frameX="-4" frameY="-7" frameWidth="110" frameHeight="132"/>
    <SubTexture name="SPAM_RearrangedBitmap5076510266" x="309" y="29" width="118" height="155" frameX="-4" frameY="-3" frameWidth="130" frameHeight="165"/>
    <SubTexture name="SPAM_RearrangedBitmap5265554453" x="948" y="402" width="14" height="18" frameX="-2" frameY="-1" frameWidth="20" frameHeight="24"/>
    <SubTexture name="SPAM_RearrangedBitmap5377896167" x="565" y="913" width="45" height="92" frameX="-2" frameY="-2" frameWidth="53" frameHeight="98"/>
    <SubTexture name="SPAM_RearrangedBitmap5584909574" x="188" y="266" width="77" height="123" frameX="-5" frameY="-6" frameWidth="89" frameHeight="137"/>
    <SubTexture name="SPAM_RearrangedBitmap5603749268" x="845" y="508" width="77" height="40" frameX="-4" frameY="-1" frameWidth="87" frameHeight="48"/>
    <SubTexture name="SPAM_RearrangedBitmap5670693666" x="612" y="978" width="38" height="29" frameX="-3" frameY="-2" frameWidth="48" frameHeight="39"/>
    <SubTexture name="SPAM_RearrangedBitmap6292116069" x="462" y="693" width="88" height="94" frameX="-2" frameY="-2" frameWidth="96" frameHeight="102"/>
    <SubTexture name="SPAM_RearrangedBitmap6576889203" x="854" y="293" width="33" height="18" frameX="0" frameY="0" frameWidth="37" frameHeight="22"/>
    <SubTexture name="SPAM_RearrangedBitmap669860168" x="57" y="567" width="129" height="135" frameX="-4" frameY="-5" frameWidth="141" frameHeight="149"/>
    <SubTexture name="SPAM_RearrangedBitmap6771352062" x="590" y="603" width="71" height="87" frameX="-1" frameY="-2" frameWidth="77" frameHeight="93"/>
    <SubTexture name="SPAM_RearrangedBitmap6871806784" x="273" y="680" width="106" height="105" frameX="-22" frameY="-10" frameWidth="152" frameHeight="139"/>
    <SubTexture name="SPAM_RearrangedBitmap6983673924" x="540" y="793" width="69" height="118" frameX="-6" frameY="-6" frameWidth="83" frameHeight="132"/>
    <SubTexture name="SPAM_RearrangedBitmap7419318374" x="384" y="375" width="114" height="104" frameX="-2" frameY="-2" frameWidth="122" frameHeight="112"/>
    <SubTexture name="SPAM_RearrangedBitmap7895575093" x="732" y="451" width="39" height="65" frameX="-3" frameY="-7" frameWidth="57" frameHeight="77"/>
    <SubTexture name="SPAM_RearrangedBitmap8126970198" x="267" y="266" width="28" height="24" frameX="-3" frameY="-2" frameWidth="38" frameHeight="32"/>
    <SubTexture name="SPAM_RearrangedBitmap8405129396" x="905" y="2" width="117" height="105" frameX="-1" frameY="-2" frameWidth="125" frameHeight="115"/>
    <SubTexture name="SPAM_RearrangedBitmap8449238453" x="732" y="844" width="33" height="33" frameX="-2" frameY="-2" frameWidth="41" frameHeight="41"/>
    <SubTexture name="SPAM_RearrangedBitmap8653180432" x="457" y="801" width="81" height="119" frameX="-4" frameY="-5" frameWidth="93" frameHeight="133"/>
    <SubTexture name="SPAM_RearrangedBitmap8695154848" x="664" y="272" width="36" height="84" frameX="-2" frameY="0" frameWidth="42" frameHeight="88"/>
    <SubTexture name="SPAM_RearrangedBitmap9443806021" x="309" y="29" width="118" height="155" frameX="-4" frameY="-3" frameWidth="130" frameHeight="165"/>
    <SubTexture name="SPAM_RearrangedBitmap9645380225" x="529" y="174" width="179" height="42" frameX="-4" frameY="-3" frameWidth="225" frameHeight="56"/>
    <SubTexture name="SPAM_RearrangedBitmap9649242495" x="273" y="482" width="100" height="117" frameX="-5" frameY="-5" frameWidth="112" frameHeight="131"/>
    <SubTexture name="SPAM_RearrangedBitmap9708525171" x="999" y="518" width="17" height="41" frameX="-1" frameY="-1" frameWidth="23" frameHeight="47"/>
    <SubTexture name="SPAM_RearrangedBitmap9943812345" x="937" y="844" width="35" height="61" frameX="-1" frameY="-2" frameWidth="41" frameHeight="67"/>
    <SubTexture name="SPAM_RearrangedBitmap9992403159" x="849" y="989" width="28" height="18" frameX="-2" frameY="-2" frameWidth="36" frameHeight="24"/>
    <SubTexture name="bitmap_10_copy" x="833" y="603" width="69" height="63" frameX="0" frameY="0" frameWidth="71" frameHeight="67"/>
    <SubTexture name="bitmap_11_copy" x="817" y="747" width="47" height="65" frameX="0" frameY="0" frameWidth="51" frameHeight="67"/>
    <SubTexture name="bitmap_12_copy" x="854" y="233" width="34" height="58" frameX="0" frameY="0" frameWidth="38" frameHeight="60"/>
    <SubTexture name="bitmap_1_copy" x="655" y="879" width="22" height="21" frameX="0" frameY="0" frameWidth="26" frameHeight="23"/>
    <SubTexture name="bitmap_2_copy" x="817" y="814" width="47" height="24" frameX="0" frameY="0" frameWidth="51" frameHeight="26"/>
    <SubTexture name="bitmap_3_copy" x="942" y="489" width="73" height="27" frameX="0" frameY="0" frameWidth="77" frameHeight="29"/>
    <SubTexture name="bitmap_4_copy" x="59" y="976" width="121" height="37" frameX="0" frameY="0" frameWidth="125" frameHeight="39"/>
    <SubTexture name="bitmap_5_copy" x="195" y="787" width="138" height="42" frameX="0" frameY="0" frameWidth="140" frameHeight="46"/>
    <SubTexture name="bitmap_6_copy" x="500" y="465" width="125" height="52" frameX="0" frameY="0" frameWidth="127" frameHeight="54"/>
    <SubTexture name="bitmap_7_copy" x="702" y="320" width="101" height="62" frameX="0" frameY="0" frameWidth="105" frameHeight="64"/>
    <SubTexture name="bitmap_8_copy" x="773" y="456" width="70" height="63" frameX="0" frameY="0" frameWidth="74" frameHeight="65"/>
    <SubTexture name="bitmap_9_copy" x="948" y="422" width="74" height="65" frameX="0" frameY="0" frameWidth="76" frameHeight="67"/>
    <SubTexture name="invisible_symbol_png" x="57" y="564" width="1" height="1" frameX="0" frameY="0" frameWidth="9" frameHeight="9"/>
    <SubTexture name="layer_001_png" x="731" y="2" width="172" height="85"/>
    <SubTexture name="layer_002_png" x="217" y="29" width="90" height="194"/>
    <SubTexture name="layer_003_png" x="112" y="391" width="71" height="174"/>
    <SubTexture name="layer_004_png" x="866" y="801" width="49" height="48"/>
    <SubTexture name="layer_005_png" x="679" y="871" width="24" height="39"/>
    <SubTexture name="layer_006_png" x="195" y="665" width="76" height="120"/>
    <SubTexture name="layer_007_png" x="627" y="467" width="103" height="50"/>
    <SubTexture name="layer_008_png" x="498" y="519" width="116" height="82"/>
    <SubTexture name="layer_009_png" x="288" y="949" width="71" height="73"/>
    <SubTexture name="layer_010_png" x="767" y="857" width="41" height="31"/>
    <SubTexture name="layer_011_png" x="2" y="1003" width="38" height="19"/>
    <SubTexture name="layer_012_png" x="770" y="831" width="45" height="24"/>
    <SubTexture name="layer_013_png" x="732" y="966" width="30" height="56"/>
    <SubTexture name="layer_014_png" x="217" y="2" width="320" height="25"/>
    <SubTexture name="layer_015_png" x="666" y="912" width="33" height="59"/>
    <SubTexture name="layer_016_png" x="767" y="890" width="52" height="26"/>
    <SubTexture name="layer_017_png" x="732" y="907" width="31" height="57"/>
    <SubTexture name="layer_018_png" x="968" y="768" width="33" height="64"/>
    <SubTexture name="layer_019_png" x="539" y="2" width="190" height="77"/>
    <SubTexture name="layer_020_png" x="2" y="266" width="184" height="123"/>
    <SubTexture name="layer_021_png" x="518" y="339" width="141" height="39"/>
    <SubTexture name="layer_022_png" x="874" y="89" width="7" height="73"/>
    <SubTexture name="layer_023_png" x="2" y="769" width="55" height="171"/>
    <SubTexture name="layer_024_png" x="705" y="879" width="60" height="26"/>
    <SubTexture name="layer_025_png" x="389" y="594" width="92" height="74"/>
    <SubTexture name="layer_026_png" x="1006" y="705" width="16" height="38"/>
    <SubTexture name="layer_027_png" x="890" y="282" width="121" height="45"/>
    <SubTexture name="layer_028_png" x="267" y="292" width="138" height="79"/>
    <SubTexture name="layer_029_png" x="752" y="678" width="39" height="78"/>
    <SubTexture name="layer_030_png" x="890" y="109" width="132" height="66"/>
    <SubTexture name="layer_031_png" x="974" y="834" width="48" height="47"/>
    <SubTexture name="layer_032_png" x="515" y="922" width="48" height="99"/>
    <SubTexture name="layer_033_png" x="924" y="518" width="73" height="56"/>
    <SubTexture name="layer_034_png" x="185" y="391" width="82" height="138"/>
    <SubTexture name="layer_035_png" x="866" y="851" width="69" height="37"/>
    <SubTexture name="layer_036_png" x="917" y="793" width="49" height="49"/>
    <SubTexture name="layer_037_png" x="407" y="300" width="109" height="73"/>
    <SubTexture name="layer_038_png" x="2" y="391" width="108" height="171"/>
    <SubTexture name="layer_039_png" x="710" y="89" width="162" height="82"/>
    <SubTexture name="layer_040_png" x="182" y="976" width="13" height="21"/>
    <SubTexture name="layer_041_png" x="817" y="840" width="47" height="40"/>
    <SubTexture name="layer_042_png" x="197" y="949" width="89" height="73"/>
    <SubTexture name="layer_043_png" x="217" y="225" width="69" height="39"/>
    <SubTexture name="layer_044_png" x="703" y="233" width="149" height="85"/>
    <SubTexture name="layer_045_png" x="912" y="730" width="51" height="61"/>
    <SubTexture name="layer_046_png" x="435" y="930" width="78" height="92"/>
    <SubTexture name="layer_047_png" x="384" y="481" width="112" height="68"/>
    <SubTexture name="layer_048_png" x="978" y="628" width="44" height="75"/>
    <SubTexture name="layer_049_png" x="670" y="519" width="64" height="89"/>
    <SubTexture name="layer_050_png" x="862" y="890" width="71" height="24"/>
    <SubTexture name="layer_051_png" x="770" y="758" width="45" height="71"/>
    <SubTexture name="layer_052_png" x="819" y="918" width="31" height="51"/>
    <SubTexture name="layer_053_png" x="765" y="965" width="52" height="41"/>
    <SubTexture name="layer_054_png" x="701" y="912" width="29" height="58"/>
    <SubTexture name="layer_055_png" x="965" y="705" width="39" height="61"/>
    <SubTexture name="layer_056_png" x="866" y="737" width="44" height="62"/>
    <SubTexture name="layer_057_png" x="819" y="971" width="28" height="34"/>
    <SubTexture name="layer_058_png" x="188" y="531" width="83" height="132"/>
    <SubTexture name="layer_059_png" x="2" y="942" width="55" height="59"/>
    <SubTexture name="layer_060_png" x="518" y="272" width="144" height="65"/>
    <SubTexture name="layer_061_png" x="852" y="916" width="52" height="45"/>
    <SubTexture name="layer_062_png" x="965" y="329" width="49" height="91"/>
    <SubTexture name="layer_063_png" x="768" y="521" width="64" height="70"/>
    <SubTexture name="layer_064_png" x="500" y="380" width="133" height="83"/>
    <SubTexture name="layer_065_png" x="904" y="628" width="72" height="37"/>
    <SubTexture name="layer_066_png" x="765" y="918" width="52" height="45"/>
    <SubTexture name="layer_067_png" x="710" y="173" width="178" height="58"/>
    <SubTexture name="layer_068_png" x="845" y="476" width="95" height="30"/>
    <SubTexture name="layer_069_png" x="529" y="81" width="179" height="91"/>
    <SubTexture name="layer_070_png" x="335" y="787" width="42" height="42"/>
    <SubTexture name="layer_071_png" x="518" y="218" width="183" height="52"/>
    <SubTexture name="layer_072_png" x="736" y="518" width="30" height="76"/>
    <SubTexture name="layer_073_png" x="751" y="596" width="26" height="80"/>
    <SubTexture name="layer_074_png" x="862" y="389" width="10" height="11"/>
    <SubTexture name="layer_075_png" x="462" y="789" width="24" height="10"/>
    <SubTexture name="layer_076_png" x="732" y="769" width="36" height="73"/>
    <SubTexture name="layer_077_png" x="1006" y="745" width="16" height="19"/>
    <SubTexture name="layer_078_png" x="182" y="999" width="13" height="16"/>
    <SubTexture name="layer_079_png" x="288" y="225" width="14" height="30"/>
    <SubTexture name="layer_080_png" x="269" y="482" width="2" height="11"/>
    <SubTexture name="layer_081_png" x="375" y="551" width="121" height="41"/>
    <SubTexture name="layer_082_png" x="404" y="801" width="51" height="127"/>
    <SubTexture name="layer_083_png" x="611" y="793" width="21" height="93"/>
    <SubTexture name="layer_084_png" x="2" y="564" width="53" height="203"/>
    <SubTexture name="layer_085_png" x="910" y="667" width="53" height="61"/>
    <SubTexture name="layer_086_png" x="634" y="786" width="43" height="91"/>
    <SubTexture name="layer_087_png" x="677" y="384" width="96" height="65"/>
    <SubTexture name="layer_088_png" x="619" y="692" width="64" height="92"/>
    <SubTexture name="layer_089_png" x="429" y="29" width="98" height="147"/>
    <SubTexture name="layer_090_png" x="611" y="888" width="42" height="22"/>
    <SubTexture name="layer_091_png" x="852" y="963" width="41" height="24"/>
    <SubTexture name="layer_092_png" x="661" y="358" width="38" height="18"/>
    <SubTexture name="layer_093_png" x="985" y="576" width="24" height="46"/>
    <SubTexture name="layer_094_png" x="974" y="883" width="48" height="27"/>
    <SubTexture name="layer_095_png" x="793" y="673" width="50" height="72"/>
    <SubTexture name="layer_096_png" x="941" y="907" width="21" height="30"/>
    <SubTexture name="layer_097_png" x="821" y="882" width="39" height="30"/>
    <SubTexture name="layer_098_png" x="906" y="916" width="33" height="41"/>
    <SubTexture name="layer_099_png" x="779" y="593" width="52" height="78"/>
    <SubTexture name="layer_100_png" x="2" y="2" width="213" height="262"/>
    <SubTexture name="layer_101_png" x="910" y="576" width="73" height="50"/>
    <SubTexture name="layer_102_png" x="679" y="786" width="51" height="83"/>
    <SubTexture name="layer_103_png" x="59" y="704" width="134" height="135"/>
    <SubTexture name="layer_104_png" x="775" y="389" width="85" height="65"/>
    <SubTexture name="layer_105_png" x="361" y="939" width="72" height="83"/>
    <SubTexture name="layer_106_png" x="612" y="912" width="24" height="64"/>
    <SubTexture name="layer_107_png" x="834" y="550" width="74" height="51"/>
    <SubTexture name="layer_108_png" x="616" y="519" width="52" height="82"/>
    <SubTexture name="layer_109_png" x="685" y="684" width="65" height="83"/>
    <SubTexture name="layer_110_png" x="862" y="402" width="84" height="72"/>
    <SubTexture name="layer_111_png" x="638" y="912" width="26" height="61"/>
</TextureAtlas>
